-67.2912 -28.7298 121.534 5.3
-71.3758 -29.6195 62.41 4.2
-68.6595 -21.9846 110.957 4.3
-67.6971 -22.0932 198.661 4.4
-68.9887 -21.2643 121.183 4.7
-71.8678 -22.3643 10.0 5.2
-66.6117 -25.9869 10.0 5.3
-71.5754 -29.7229 39.048 4.4
-70.3344 -33.3109 100.009 5.2
-69.394 -18.1468 152.137 4.1
-69.2656 -21.9554 82.728 4.2
-73.4257 -40.5514 61.766 4.6
-66.4888 -25.4555 185.605 4.5
-66.0517 -18.1008 363.499 4.2
-66.9986 -24.1313 189.041 4.4
-66.5753 -26.1559 10.0 4.7
-72.5473 -33.3311 10.0 3.9
-70.3681 -17.2664 122.677 4.3
-75.8153 -45.7183 10.0 4.9
-69.3914 -19.686 100.893 4.0
-65.8339 -17.8933 372.617 4.8
-69.2508 -21.0043 122.998 4.3
-70.567 -20.6334 30.631 4.3
-66.5049 -26.1386 10.0 5.0
-68.6822 -22.3843 115.83 4.2
-68.8236 -21.4066 110.668 4.7
-68.8859 -23.3881 99.602 4.2
-67.1868 -24.1437 167.68 4.3
-71.3351 -35.5453 108.285 4.3
-69.238 -25.0316 89.873 4.5
-68.5177 -21.6117 121.645 4.2
-68.7038 -22.2344 115.537 4.8
-72.7654 -17.21 35.0 4.2
-72.5249 -38.6 64.598 4.3
-69.9347 -20.6208 49.996 3.5
-66.7176 -26.1078 10.0 5.1
-67.7185 -21.273 217.301 4.3
-68.9315 -20.4897 109.393 4.4
-68.5636 -21.3768 130.651 4.5
-71.242 -31.8758 84.366 4.8
-71.5077 -29.7624 59.445 5.1
-68.3114 -23.0827 139.413 4.4
-69.1289 -20.9066 109.711 4.1
-71.9434 -29.4696 10.0 4.6
-70.8207 -25.7558 27.839 4.3
-69.6534 -18.2063 113.061 4.7
-70.4379 -22.1949 50.054 4.7
-67.5833 -22.6741 160.118 4.5
-69.3914 -23.9509 78.724 4.3
-69.9747 -18.8677 87.955 4.5
-68.4374 -21.1859 121.512 4.5
-69.4412 -17.5706 143.959 4.5
-66.1 -22.8057 259.421 4.3
-68.6981 -21.3306 122.154 4.7
-71.4564 -35.3132 78.811 4.2
-69.4475 -26.1226 103.599 4.4
-70.986 -25.4862 36.105 4.2
-67.1539 -28.173 125.904 4.6
-66.7074 -24.082 181.834 4.2
-71.5893 -36.7425 100.109 4.5
-66.4169 -23.0699 223.201 4.5
-68.8154 -22.2087 105.459 4.6
-66.319 -22.5639 249.314 4.4
-68.8851 -25.5602 105.536 4.7
-72.3118 -30.0905 10.0 4.2
-67.275 -24.3084 199.906 4.4
-68.8556 -21.2697 124.994 4.2
-70.3836 -24.3787 46.087 4.7
-67.1118 -24.3196 163.371 4.7
-68.5504 -21.0841 124.186 4.6
-66.9375 -21.4258 243.248 4.4
-68.4584 -31.2034 107.796 4.4
-67.284 -24.352 174.627 4.5
-72.0386 -32.733 10.0 4.5
-66.6232 -23.8787 200.516 4.6
-72.0419 -32.7316 17.165 4.4
-70.8748 -28.2074 73.851 4.3
-68.7314 -21.4582 115.942 4.3
-71.0919 -32.101 88.64 4.2
-69.7203 -17.3518 158.328 4.2
-69.5211 -18.2795 10.0 4.6
-67.2606 -21.6116 219.94 4.2
-68.8775 -21.0463 106.352 4.2
-69.2684 -18.8978 125.827 4.4
-67.5765 -22.3337 198.554 4.3
-67.0608 -24.3442 165.5 4.5
-67.4932 -24.2997 190.53 4.4
-69.6921 -18.822 93.531 4.4
-68.7465 -22.2255 108.951 4.2
-68.8411 -33.1516 10.0 4.5
-67.1968 -24.1797 194.602 4.1
-70.3665 -28.7394 93.791 4.4
-67.0912 -24.4391 163.541 4.4
-69.093 -20.2539 90.365 4.0
-69.2412 -31.3576 116.929 4.1
-67.6577 -27.7343 140.357 4.3
-67.1048 -24.2872 167.674 4.5
-71.9983 -33.5301 23.601 4.4
-68.482 -21.4476 140.113 4.4
-72.1202 -29.867 11.851 5.0
-70.487 -32.5496 100.048 4.2
-67.2133 -24.2532 168.438 3.9
-67.8723 -23.2557 137.734 4.2
-66.8885 -24.1705 199.112 4.1
-72.1928 -29.8506 10.0 4.4
-69.1469 -20.0243 98.375 4.5
-72.1646 -33.2976 17.649 4.4
-67.6164 -22.3652 192.484 4.1
-71.6403 -34.7793 48.148 4.8
-68.8062 -33.209 35.0 4.0
-71.4287 -32.9625 53.862 4.1
-69.1149 -20.267 101.702 4.6
-68.6578 -23.485 104.251 5.1
-69.5336 -28.7024 114.785 4.4
-67.3585 -24.4019 175.13 4.3
-66.6801 -27.9949 156.081 4.6
-66.7317 -23.8046 198.68 4.4
-66.6441 -23.9617 189.718 5.3
-67.8151 -27.2939 10.0 4.8
-69.6875 -17.62 145.105 4.3
-72.8531 -30.7097 10.0 4.7
-71.7168 -32.6355 36.464 4.2
-68.97 -23.1174 100.404 4.4
-68.4873 -23.3119 111.515 4.8
-68.3512 -23.7389 123.346 4.6
-68.5868 -22.1759 118.333 4.3
-71.6178 -27.7959 10.0 4.9
-70.0393 -19.2243 61.498 4.7
-70.7526 -23.4694 35.0 4.1
-69.0442 -21.3325 114.189 4.1
-67.5102 -27.5174 167.796 4.3
-72.1563 -33.2985 19.842 4.2
-72.2062 -32.4655 10.0 4.1
-67.1 -24.0959 206.176 4.3
-72.4283 -32.4278 10.0 4.2
-73.4321 -33.9216 10.0 4.6
-66.8153 -20.4373 221.141 4.4
-67.2917 -21.7486 200.042 4.5
-66.8773 -24.1633 191.452 4.5
-67.4739 -22.0598 170.139 4.4
-71.2873 -30.1974 64.501 4.8
-69.1719 -22.8676 97.662 4.3
-68.2642 -20.4638 142.442 4.2
-71.8904 -32.5894 34.534 4.2
-71.8874 -32.5629 31.207 4.0
-71.8512 -32.6045 23.716 5.1
-66.7871 -23.9747 192.45 4.5
-68.7427 -21.2774 128.754 4.1
-72.1293 -40.4255 113.91 4.1
-71.7758 -32.6321 26.323 4.9
-71.7963 -32.5656 22.044 5.0
-73.7083 -36.8965 10.0 4.5
-68.2594 -31.8064 116.786 4.1
-67.2037 -23.7872 218.647 4.1
-71.7302 -29.2807 30.864 4.3
-71.9886 -29.2368 5.307 5.0
-71.9678 -29.2222 6.382 4.8
-71.8939 -30.6748 24.017 4.3
-69.5356 -26.3182 10.0 4.4
-74.3985 -36.4911 10.0 4.4
-71.3591 -30.9277 51.786 5.0
-69.0428 -28.2464 95.314 4.5
-67.3104 -20.6839 215.002 4.0
-74.2211 -41.3865 50.332 4.2
-75.1831 -38.1266 10.0 4.5
-72.7827 -36.5164 45.206 4.4
-67.9607 -20.5472 172.608 4.5
-71.6944 -28.8035 10.0 4.5
-68.4143 -21.6263 127.135 4.3
-66.2449 -22.7961 252.392 4.5
-66.8892 -24.0525 206.787 4.2
-67.9775 -31.5297 114.526 4.4
-69.0679 -22.7548 108.938 4.3
-68.7005 -21.3811 126.106 4.3
-68.6598 -22.036 120.194 4.4
-68.7473 -22.291 114.192 4.3
-67.0058 -24.5398 165.077 4.5
-70.9172 -27.8202 62.242 4.4
-68.6503 -22.2338 109.918 4.3
-68.8705 -22.1703 116.088 4.4
-71.1714 -29.8139 57.233 4.5
-69.0545 -21.2106 97.488 4.3
-68.7727 -22.351 121.666 4.0
-70.3226 -22.3988 35.373 4.1
-68.7777 -21.6821 102.82 4.4
-70.6468 -17.091 123.558 4.7
-71.2424 -35.1479 94.38 4.3
-70.8926 -32.9592 87.608 4.0
-66.2057 -22.4779 251.259 4.8
-68.9786 -21.1099 114.74 4.5
-68.6716 -22.2565 106.322 4.3
-70.1432 -19.3762 91.459 4.3
-67.3204 -24.3037 185.004 4.0
-70.6779 -25.4782 33.708 4.1
-71.5092 -30.7444 39.902 3.9
-68.4496 -21.4372 133.794 4.2
-68.5518 -22.2206 125.896 4.4
-67.3384 -22.0293 185.505 4.5
-71.7345 -32.7349 33.17 4.1
-71.8573 -34.6591 40.753 4.6
-71.4569 -30.6579 59.564 4.6
-69.3499 -19.8882 113.813 4.1
-70.6483 -31.8169 108.34 4.4
-66.7828 -23.0612 201.598 4.9
-71.4598 -27.8751 18.237 4.2
-69.335 -19.2259 105.989 4.1
-71.4967 -27.8381 18.874 4.4
-71.6701 -27.7955 9.0 5.5
-71.6445 -27.8253 10.0 5.1
-71.7815 -27.7294 24.458 4.1
-71.6622 -27.8365 10.0 4.3
-71.6251 -27.8375 10.001 5.2
-66.8754 -23.9723 195.747 4.4
-71.4167 -30.687 48.491 4.5
-71.9088 -32.808 35.194 4.2
-68.695 -21.9204 127.908 4.0
-67.3158 -24.2597 191.624 4.1
-71.7902 -32.2538 26.701 4.2
-66.7987 -24.1155 205.234 4.0
-71.1511 -25.9345 25.424 4.3
-67.0977 -24.2099 171.878 4.6
-67.3377 -24.3565 172.759 4.2
-66.9632 -31.8441 131.218 5.0
-68.8845 -20.6457 97.17 4.1
-72.1372 -33.8423 25.473 4.1
-68.4641 -21.5539 135.007 4.1
-72.0085 -31.8087 12.257 4.2
-70.906 -29.3561 71.4 4.5
-68.4022 -31.2313 114.49 4.3
-71.7918 -32.7445 10.0 4.3
-71.8157 -32.7929 23.714 4.8
-71.9328 -32.6921 10.0 4.9
-71.8897 -32.8292 25.0 6.0
-67.52 -21.7943 196.6 4.3
-66.6244 -21.3491 222.777 4.5
-69.3877 -31.6786 108.933 4.3
-65.674 -30.9802 180.733 4.5
-70.0242 -21.5706 49.12 4.3
-71.6464 -18.1021 35.0 4.4
-68.6922 -22.0306 111.724 4.2
-71.3371 -18.3867 35.0 4.9
-66.2532 -22.6167 249.407 4.4
-71.6127 -30.7784 24.355 4.3
-70.1869 -20.3052 76.917 3.7
-68.7721 -33.2547 10.0 4.4
-68.7608 -22.4718 110.496 4.1
-67.1247 -24.3032 159.4 4.1
-68.6219 -21.267 118.664 4.4
-71.189 -17.8228 60.507 4.4
-68.755 -22.2673 102.651 5.1
-71.8715 -30.6414 24.043 4.6
-69.2118 -23.3077 97.319 4.7
-69.1863 -19.9687 108.36 4.6
-68.9155 -22.3656 113.895 4.0
-68.7132 -22.2706 116.038 4.1
-68.8564 -22.2267 115.947 4.3
-68.8802 -22.2565 116.524 4.2
-68.779 -22.3241 116.58 4.2
-68.6908 -22.2646 115.167 4.3
-68.8255 -22.4134 120.059 4.4
-68.712 -22.2463 112.083 4.2
-68.8235 -22.4721 114.832 4.7
-68.6013 -22.3667 109.0 6.9
-69.2106 -20.6836 110.33 4.2
-69.9922 -21.4267 33.097 4.1
-71.7577 -30.6333 27.841 4.1
-74.0499 -39.5993 25.306 4.1
-68.7548 -22.6755 107.606 4.3
-70.8321 -27.3364 35.787 4.2
-66.5334 -23.0187 249.288 4.2
-67.5249 -22.6188 165.542 4.3
-68.8966 -21.387 118.281 4.4
-66.1089 -28.2753 10.0 4.5
-69.9525 -28.5291 108.436 4.1
-74.2441 -37.5826 19.17 4.1
-70.2054 -20.463 86.459 4.7
-66.2438 -22.4843 255.647 4.5
-69.4531 -19.4638 101.454 4.1
-66.6786 -23.357 200.885 4.5
-68.585 -21.1564 136.394 4.2
-71.5076 -31.6717 47.231 4.2
-67.8241 -23.6865 144.318 4.4
-70.284 -22.5246 39.208 4.4
-66.2495 -22.8968 242.778 4.7
-67.3986 -24.2139 187.028 4.2
-66.7779 -17.7404 316.092 4.3
-66.8738 -24.1346 190.012 4.3
-67.1375 -24.1537 205.317 4.0
-68.4042 -21.8389 127.545 4.7
-66.9565 -21.4306 234.104 4.3
-70.0413 -17.685 132.957 4.9
-71.0786 -20.0949 10.0 4.2
-66.9599 -24.2333 178.314 4.6
-68.8513 -20.3513 110.179 4.2
-69.718 -29.2763 112.412 4.5
-67.134 -31.6441 144.182 4.1
-68.6744 -23.1167 112.457 4.3
-71.3766 -25.6171 10.0 4.4
-70.4867 -31.7023 3.138 4.4
-68.628 -23.0596 113.631 4.6
-71.1335 -19.9758 10.0 4.0
-67.0963 -24.0041 214.01 4.2
-73.2761 -37.7247 28.134 4.2
-73.1839 -37.7377 35.0 5.5
-69.8698 -19.7982 75.391 4.1
-70.4465 -22.7233 38.724 4.4
-74.4988 -36.022 10.0 4.4
-66.4982 -23.7528 198.172 4.8
-67.3112 -24.2872 195.981 4.0
-66.828 -24.0175 191.562 4.3
-68.9254 -21.1675 116.878 4.3
-72.16 -30.1711 10.0 4.7
-69.4014 -19.3675 108.296 4.3
-69.5393 -31.5573 124.174 4.2
-72.0717 -30.1713 10.0 4.6
-69.1792 -18.4548 124.484 4.2
-67.1036 -21.7064 248.109 4.4
-71.0221 -27.0624 30.443 4.0
-68.0272 -29.4719 10.0 4.6
-71.2877 -26.9994 17.389 4.7
-72.0969 -31.6865 11.784 4.4
-68.6891 -21.738 114.831 4.6
-66.4646 -30.0716 27.073 4.2
-67.2256 -24.358 173.505 4.4
-68.6163 -21.409 138.34 4.1
-66.5094 -21.6665 250.911 4.2
-71.1119 -19.9645 10.0 4.7
-71.1954 -19.9311 10.0 3.8
-71.758 -29.2365 27.528 4.1
-72.2529 -33.9435 23.994 4.4
-72.2122 -33.9694 24.37 4.0
-72.1612 -34.0192 22.0 4.1
-72.1684 -33.9796 21.706 4.2
-69.1609 -21.1392 108.536 4.3
-70.9762 -25.6528 25.384 4.3
-71.3989 -28.7775 35.0 4.1
-66.0641 -22.0773 264.747 4.3
-66.5712 -27.886 157.05 4.5
-70.8672 -27.8923 57.019 4.7
-68.9367 -19.7885 108.945 4.2
-67.4125 -22.2493 183.167 4.3
-70.9954 -20.3057 12.255 4.3
-69.7964 -17.969 133.732 4.4
-70.1694 -33.4908 109.799 4.2
-68.2593 -20.9594 121.245 4.5
-68.2097 -24.9149 126.28 4.1
-68.7453 -20.4127 97.851 4.3
-67.0703 -24.144 210.485 4.3
-69.3163 -31.4474 120.379 4.8
-71.3036 -18.403 30.918 4.1
-66.8018 -31.5443 122.574 4.5
-75.894 -45.7717 10.0 5.2
-72.1708 -31.8292 10.0 4.0
-67.1893 -24.183 163.364 4.6
-74.3445 -40.9402 23.037 4.3
-72.1408 -31.8649 19.432 4.2
-75.0388 -51.698 47.593 4.8
-66.5972 -27.9983 158.127 4.2
-66.856 -19.1797 267.993 4.3
-66.1085 -22.7686 255.814 4.2
-69.2625 -20.2251 91.248 4.0
-70.5527 -17.7603 93.969 4.3
-68.525 -21.2004 137.372 4.0
-66.8102 -24.1324 194.324 4.2
-72.1245 -33.7391 27.036 4.1
-74.2458 -41.7786 25.714 4.3
-73.0497 -47.4729 10.0 4.5
-67.542 -22.2026 195.881 4.4
-68.1207 -29.5077 35.0 4.0
-71.9965 -29.6423 12.189 4.0
-68.9923 -24.1368 98.837 4.3
-72.1499 -31.84 10.0 3.9
-66.4388 -22.8704 249.776 4.5
-69.5072 -19.0683 102.538 4.1
-71.9898 -33.8796 29.029 3.8
-71.9958 -33.8555 33.744 4.0
-68.5787 -21.8391 115.112 4.5
-70.4142 -19.0608 58.958 4.4
-66.8434 -24.0258 196.052 4.2
-68.7694 -22.1273 106.996 4.3
-66.2878 -22.4535 281.45 4.5
-68.5802 -21.9051 125.541 4.4
-69.9766 -24.3011 52.455 4.2
-66.5816 -23.2579 200.444 4.5
-70.8947 -20.0115 19.995 4.1
-71.8844 -29.3923 33.92 4.3
-73.9223 -36.3614 10.0 4.3
-71.8108 -32.5501 31.06 4.2
-72.3661 -29.7761 10.0 4.0
-66.8631 -27.9173 182.578 4.2
-69.6402 -17.5591 167.036 4.3
-68.093 -23.3876 134.235 4.2
-73.4866 -35.756 10.0 4.3
-73.4239 -35.7599 10.0 4.5
-74.6245 -36.0207 10.0 4.5
-71.8191 -32.4827 10.0 4.1
-73.3991 -37.7739 35.0 4.2
-67.159 -24.0512 192.281 4.2
-73.578 -35.7028 24.004 4.2
-68.6245 -21.2124 152.464 4.2
-65.8914 -24.2222 276.363 3.9
-68.1848 -20.528 186.497 4.0
-70.9658 -20.0026 21.143 4.6
-66.7336 -19.5846 258.105 4.2
-70.9673 -20.0155 14.442 4.3
-70.916 -19.9914 16.439 4.9
-71.1005 -20.0137 10.0 4.4
-71.0124 -20.0312 12.131 4.6
-69.9093 -28.1569 130.3 4.0
-72.214 -36.0647 64.709 4.0
-72.7831 -36.9796 27.086 4.4
-69.5201 -22.7607 87.966 4.2
-69.5788 -17.7345 138.565 4.8
-66.649 -21.3308 228.218 4.5
-67.1055 -24.0238 196.009 5.6
-70.8045 -20.0162 29.093 4.1
-70.958 -19.9846 16.447 4.8
-71.7088 -32.1984 54.369 4.7
-66.8199 -24.5774 210.514 4.6
-68.9747 -21.0671 120.04 4.2
-68.9795 -21.1325 130.077 4.2
-69.8485 -26.1412 111.487 4.5
-69.5797 -18.6818 120.274 4.1
-70.8549 -20.3504 10.0 4.4
-68.7375 -31.8324 10.0 3.9
-70.9916 -35.2925 102.182 4.7
-71.6081 -28.7786 26.936 4.0
-68.7723 -21.1608 121.59 4.1
-71.9467 -42.4502 9.11 4.7
-66.5089 -23.0742 225.382 4.4
-66.7588 -24.1633 210.598 4.3
-67.5058 -28.7764 122.329 4.2
-71.4786 -28.6929 24.0 6.2
-73.6709 -38.1574 29.947 4.1
-71.5386 -31.3196 36.043 4.2
-69.246 -27.711 100.354 4.4
-70.8135 -29.0782 80.726 4.2
-67.2969 -24.3088 198.13 4.3
-66.8049 -31.5547 126.83 4.6
-69.584 -18.3769 109.333 4.9
-73.5198 -38.26 10.0 4.3
-71.471 -31.7277 35.0 4.2
-68.4168 -21.3971 129.662 4.4
-69.5536 -31.4337 120.406 5.0
-71.5225 -28.8002 35.349 4.5
-66.8764 -31.5638 131.314 5.1
-68.6095 -23.3308 99.741 4.1
-69.0178 -20.8064 104.346 4.8
-71.5271 -29.6623 40.322 4.8
-71.5141 -30.8051 42.826 4.5
-71.2641 -29.4019 44.287 4.0
-72.2445 -32.1208 13.407 4.2
-71.7498 -28.564 20.656 4.1
-69.357 -19.5465 98.387 4.2
-70.2042 -31.1135 127.345 4.5
-68.8069 -22.0798 107.244 5.1
-69.8943 -18.0914 131.241 4.2
-71.678 -32.6408 37.873 4.6
-68.7983 -31.2158 125.732 4.3
-67.1826 -24.0864 214.318 4.3
-71.5569 -29.7327 40.63 4.0
-66.711 -23.9274 195.229 4.3
-70.0794 -21.0589 57.214 4.2
-68.7822 -21.0618 118.896 4.6
-68.6298 -21.7127 109.805 4.3
-68.6304 -21.8116 110.181 4.9
-67.305 -21.116 209.492 4.0
-67.0125 -24.0751 177.359 4.3
-71.5094 -30.7683 49.519 4.9
-67.2133 -24.3207 159.809 4.3
-71.3134 -35.8022 98.678 4.8
-71.7154 -30.6584 33.075 4.2
-68.9255 -21.0862 111.414 4.4
-67.7303 -23.2835 140.09 4.7
-69.3738 -23.7871 75.568 4.2
-69.4889 -21.2181 101.009 4.1
-68.6223 -21.8806 107.988 4.6
-71.5082 -30.7574 44.824 4.1
-69.2748 -20.3554 111.948 4.2
-69.0859 -22.2241 102.323 4.8
-71.4971 -30.7933 46.29 4.4
-71.8533 -31.269 36.21 4.1
-68.8801 -21.1876 115.615 4.6
-69.7341 -18.1373 115.272 4.3
-68.6919 -21.6596 123.044 4.3
-75.9911 -48.3386 10.0 4.7
-66.7736 -23.8125 213.007 4.4
-67.8469 -20.3841 171.835 4.4
-71.4698 -30.7348 42.818 4.3
-66.3964 -23.0333 244.32 4.4
-71.4228 -30.7682 46.0 6.1
-67.2611 -23.6634 218.485 4.3
-74.2152 -41.6796 35.0 4.1
-66.7782 -23.8138 207.521 4.2
-66.6341 -23.3009 205.839 4.6
-67.0861 -24.0381 222.104 4.3
-72.0066 -51.4474 10.0 4.7
-66.8896 -24.2991 194.293 4.3
-68.8189 -21.7102 126.028 4.1
-66.9598 -27.8219 178.7 4.5
-68.5281 -22.5834 118.067 4.2
-68.9337 -20.103 114.026 5.7
-68.5203 -21.3148 135.721 4.2
-70.4334 -17.3937 126.549 4.4
-67.0278 -24.2082 163.633 4.1
-68.7771 -28.8387 110.911 4.9
-70.0739 -20.5739 28.261 4.1
-70.1535 -20.5761 35.0 4.6
-66.9963 -23.9238 240.562 4.0
-66.9325 -24.2185 203.97 4.6
-70.075 -21.4016 78.101 4.3
-68.5748 -21.4084 129.935 4.1
-68.9558 -22.1079 110.155 4.8
-69.3467 -22.8925 77.046 4.5
-69.9807 -20.7657 43.823 4.0
-70.4756 -32.7252 108.26 4.4
-66.7394 -24.0984 199.954 4.0
-69.0865 -20.896 94.642 4.0
-67.2667 -24.2534 203.439 4.4
-69.995 -31.6656 135.867 4.4
-73.3546 -32.8951 10.0 4.5
-68.8155 -21.2432 132.797 4.2
-72.4249 -52.7524 10.784 4.3
-66.9842 -23.9487 183.514 3.9
-72.1063 -33.8788 30.406 4.0
-70.0625 -31.0489 112.305 4.4
-70.1554 -30.8156 121.521 4.4
-69.0128 -21.1311 115.771 4.2
-67.1127 -24.2046 236.306 4.3
-69.2034 -20.5318 107.53 4.1
-71.5708 -31.4279 40.045 4.5
-67.5863 -21.8738 214.431 4.2
-69.3894 -18.2955 138.25 4.2
-68.071 -32.1241 150.326 4.3
-68.4963 -22.398 126.638 4.5
-66.5196 -23.9647 202.939 4.4
-65.0006 -30.6265 10.0 4.2
-69.0534 -20.5907 114.589 4.0
-69.9474 -26.5843 100.308 4.3
-70.3313 -17.7477 108.778 4.6
-66.825 -24.1806 174.97 4.3
-70.1936 -19.8593 73.937 5.0
-68.7377 -22.1065 111.357 4.3
-68.9344 -31.5388 107.689 4.6
-66.8435 -22.6714 198.617 4.2
-68.9419 -21.3159 115.07 5.3
-69.1871 -20.2129 94.579 4.0
-70.0822 -24.9426 67.266 4.3
-68.9556 -31.2965 100.0 4.4
-68.8232 -21.1029 128.779 4.3
-71.8854 -17.063 65.395 4.3
-68.5605 -21.1829 130.462 4.4
-67.7662 -19.369 10.0 4.6
-68.444 -23.6303 118.937 4.0
-66.8235 -23.4354 210.174 4.5
-67.078 -24.2168 198.288 4.2
-68.8996 -20.9463 105.634 3.9
-75.8311 -45.8375 10.0 4.1
-67.5723 -31.2453 10.0 4.6
-69.1983 -18.752 122.634 4.4
-71.652 -30.9405 35.0 4.0
-69.1288 -20.8565 109.356 4.3
-67.4819 -28.9012 117.65 4.2
-69.7427 -19.135 115.794 4.5
-73.9142 -37.3637 34.502 4.4
-69.8408 -18.5586 91.596 4.1
-66.943 -24.2501 165.28 4.2
-65.997 -22.2694 271.439 4.4
-70.1436 -26.5343 75.211 4.1
-69.3055 -19.5644 105.017 4.0
-74.4089 -42.6978 35.0 3.9
-73.9813 -42.646 47.703 4.5
-68.5036 -21.6906 131.526 4.7
-72.962 -37.1241 42.135 4.0
-66.7939 -24.2251 181.147 5.3
-70.8704 -24.0538 24.27 4.2
-73.0604 -31.2347 10.0 4.3
-66.6791 -27.9645 153.343 4.3
-71.3386 -28.5329 29.215 4.0
-67.7291 -31.415 10.0 4.5
-66.8068 -23.9944 220.986 4.3
-70.0832 -33.4808 113.693 4.1
-68.7683 -21.2467 116.57 4.0
-69.6067 -21.1325 69.8 4.1
-68.5918 -22.5252 108.198 4.6
-68.7168 -21.0565 128.037 4.3
-69.7696 -31.0094 117.329 4.4
-67.6083 -22.5402 183.726 4.2
-68.5894 -21.4887 148.938 4.0
-69.956 -27.3008 97.164 4.2
-71.539 -28.8122 27.31 3.9
-67.0526 -24.3118 170.546 4.3
-71.4147 -32.4238 41.215 4.2
-69.0076 -22.6022 110.11 4.3
-71.4542 -32.3643 51.045 4.5
-67.1417 -24.2984 143.356 4.2
-68.3246 -21.0754 129.109 4.8
-69.2329 -23.5648 96.015 4.3
-68.6888 -21.085 129.227 4.2
-65.4287 -30.8379 189.332 4.8
-68.1067 -20.1183 151.442 5.3
-71.9149 -17.2313 72.708 4.2
-69.6577 -17.5975 159.302 4.0
-68.9483 -30.9601 112.498 4.3
-67.0137 -24.2455 217.234 4.1
-68.9959 -21.113 113.218 4.1
-69.466 -17.3134 177.241 4.2
-70.285 -32.9668 113.707 4.2
-70.1251 -27.5598 91.382 4.1
-68.5443 -22.0283 117.636 4.0
-69.7518 -18.5726 126.799 4.3
-71.7215 -30.6442 27.556 4.7
-68.9232 -21.7442 96.382 4.2
-75.076 -39.3222 10.0 4.3
-66.7998 -24.1137 198.342 4.3
-68.3817 -21.0632 141.939 4.1
-66.6591 -23.9419 206.061 4.3
-68.984 -21.2293 90.292 5.4
-71.1697 -32.3033 81.874 4.1
-74.1943 -36.9195 10.0 4.0
-71.4676 -31.8201 43.266 4.4
-71.3853 -28.8423 44.747 5.2
-67.9831 -28.6596 10.0 4.3
-67.1961 -24.308 187.741 4.2
-66.1865 -22.8036 250.22 4.5
-68.7234 -22.119 117.133 4.3
-70.9449 -22.8496 19.159 4.3
-68.5169 -22.901 107.97 4.0
-71.108 -23.9907 10.0 4.4
-70.7405 -31.8934 93.273 4.1
-70.3691 -17.4292 119.172 4.2
-70.015 -17.7869 109.604 4.9
-73.8003 -34.6811 10.0 4.4
-69.3728 -17.7769 147.365 4.2
-68.8995 -20.5563 94.341 4.4
-72.2391 -31.8604 21.935 4.2
-68.5298 -23.1259 113.005 4.1
-68.5873 -22.7353 123.317 4.4
-67.9493 -20.3768 156.159 4.1
-71.4331 -28.8637 38.444 4.0
-73.8568 -36.0151 19.688 4.1
-73.7967 -36.0772 23.172 4.3
-73.7556 -36.2016 18.668 4.2
-68.5182 -32.2965 37.463 4.4
-67.6842 -21.363 211.606 4.3
-68.8495 -23.0609 103.357 4.1
-67.2982 -24.4318 200.54 4.2
-68.6237 -21.1594 111.331 4.2
-67.2761 -19.4176 227.844 4.1
-70.5944 -17.3176 125.69 4.3
-68.9984 -28.4498 94.818 4.5
-71.4192 -30.7111 45.361 4.0
-68.482 -22.3324 109.844 4.3
-67.0961 -24.2435 206.6 4.1
-66.6652 -23.9845 197.499 4.7
-70.2902 -20.6697 45.664 4.1
-68.3806 -21.5986 145.16 4.4
-66.814 -21.4329 212.454 4.5
-66.771 -22.7597 219.095 4.8
-72.8305 -32.9948 10.0 4.4
-68.3037 -21.702 117.885 4.5
-66.787 -23.362 209.557 4.3
-67.9349 -23.8661 117.756 4.5
-73.9674 -37.9114 23.102 4.0
-68.6791 -21.7616 119.777 4.2
-68.6663 -22.0583 114.408 4.0
-66.7635 -23.0889 197.346 4.5
-68.5779 -21.9882 122.452 4.2
-69.0523 -30.9301 115.172 4.1
-67.1654 -24.1014 196.088 4.5
-70.371 -28.6039 89.38 4.0
-65.999 -22.7921 264.991 4.4
-68.5008 -21.1246 136.078 4.7
-67.2988 -24.2092 204.747 4.0
-69.6126 -17.6692 165.68 4.3
-66.8056 -32.5658 162.116 4.4
-71.5128 -30.7432 48.702 4.0
-66.7098 -24.0294 199.374 4.6
-68.9387 -31.2384 116.914 4.7
-68.7253 -21.2803 118.559 4.0
-71.5313 -29.6361 46.215 4.1
-71.9799 -20.7601 10.0 4.5
-75.3162 -37.9342 10.0 5.0
-74.0136 -36.8097 21.718 4.1
-70.1341 -24.6314 56.42 4.1
-66.9981 -24.0656 183.36 4.9
-67.0551 -24.0849 230.52 4.3
-67.5235 -24.1632 204.399 4.1
-71.7212 -30.6456 21.03 4.6
-69.6443 -18.3753 119.906 4.2
-66.6297 -23.6271 214.992 4.5
-71.5282 -28.8239 31.144 5.0
-66.7387 -28.0386 157.596 4.5
-69.3968 -28.2016 89.792 4.2
-66.5844 -23.4295 204.311 4.4
-69.2951 -19.3666 10.0 4.1
-69.0311 -19.3446 10.0 4.3
-69.1207 -19.3168 6.982 4.8
-69.0855 -19.2736 2.139 4.3
-69.1574 -19.3783 10.0 4.7
-69.1928 -19.3638 10.0 4.5
-70.4225 -23.4587 52.408 5.4
-69.999 -37.595 212.402 4.9
-68.7605 -25.0496 93.553 4.4
-68.6539 -21.3487 128.742 4.3
-66.9839 -24.2567 161.926 4.8
-69.2998 -21.1203 86.333 4.1
-68.5851 -21.9013 140.742 4.0
-70.1888 -32.1642 102.522 4.2
-67.7526 -21.3026 171.479 4.2
-69.4268 -17.6307 151.89 4.2
-73.7837 -36.939 20.99 4.4
-66.818 -21.5882 228.303 4.1
-68.617 -22.0936 121.752 4.0
-71.3894 -29.7682 68.03 4.3
-71.4617 -27.4251 24.772 5.5
-74.1043 -36.947 11.984 4.6
-71.0536 -19.9271 12.402 4.5
-69.9601 -19.0071 80.994 4.6
-67.3635 -24.2017 180.855 4.2
-69.7012 -29.2033 133.436 4.1
-69.2268 -18.7103 127.514 4.0
-69.6064 -31.7004 123.228 4.2
-71.8081 -30.6584 25.517 4.2
-71.8054 -52.3732 10.0 4.2
-71.7914 -34.7273 49.446 4.2
-69.3297 -31.6342 123.671 4.4
-73.8111 -36.9459 35.0 4.3
-74.4156 -36.8604 10.0 4.4
-70.6429 -18.5151 41.784 4.1
-69.4723 -30.9493 108.987 4.7
-68.5025 -23.0756 107.649 4.1
-66.328 -31.5078 147.125 4.9
-68.5651 -23.3662 99.459 4.6
-71.8316 -30.6357 26.997 4.2
-68.4385 -21.6349 120.808 4.3
-70.4707 -33.8803 107.73 4.5
-70.7395 -21.1656 20.585 4.2
-69.0077 -31.7665 106.276 4.5
-71.3946 -18.3721 34.616 4.6
-70.8944 -28.1766 48.042 4.2
-71.7071 -29.8167 15.937 4.3
-68.2875 -31.2417 109.632 4.5
-70.8823 -31.3288 96.919 4.3
-67.3769 -24.32 176.819 4.6
-67.2404 -24.3338 157.946 4.1
-66.5592 -31.7485 146.008 4.4
-71.1431 -33.6203 70.839 4.0
-69.7362 -32.3756 118.266 4.8
-72.0983 -30.3407 13.175 4.2
-67.225 -19.0745 237.87 4.0
-68.5946 -21.9346 122.66 4.2
-67.2303 -24.2743 168.914 4.2
-70.5794 -17.3978 10.0 4.5
-69.0682 -31.2441 115.025 4.1
-69.019 -20.6463 101.767 4.4
-68.8136 -20.4286 105.865 4.0
-69.1006 -19.9094 106.178 4.2
-71.436 -30.7154 45.905 4.6
-69.0762 -20.5788 86.177 4.2
-67.3096 -22.2884 170.316 4.2
-71.4305 -28.925 37.147 4.3
-70.0839 -27.0844 68.743 4.5
-71.5158 -30.7202 37.151 5.6
-71.6652 -17.6567 53.676 4.0
-68.9489 -20.2302 96.916 5.2
-71.6739 -30.0468 33.23 4.2
-68.6002 -21.9025 115.771 4.8
-67.0377 -18.301 266.728 4.1
-69.0007 -21.1117 110.591 4.1
-69.4448 -32.0649 112.926 4.6
-68.7137 -21.9912 117.67 4.3
-71.8322 -30.6621 26.124 4.9
-71.801 -30.6075 28.474 4.4
-70.0705 -32.6288 115.751 4.5
-67.0986 -30.8917 39.994 4.0
-67.0065 -24.2488 168.832 4.2
-71.6774 -30.6608 21.946 4.2
-71.4682 -31.2609 22.366 4.3
-70.2052 -33.3548 8.845 4.2
-69.1484 -30.3532 112.997 4.3
-70.5012 -25.0419 41.399 4.5
-68.6363 -21.9023 121.478 4.2
-69.0694 -21.2977 105.016 4.3
-71.8337 -30.6076 25.0 5.4
-72.058 -29.6153 21.928 4.3
-69.0109 -21.3173 103.493 4.2
-70.5432 -32.6284 20.296 3.7
-68.7948 -22.0099 108.243 4.2
-70.2263 -28.9353 133.648 4.2
-68.1893 -22.9595 153.375 4.3
-71.9528 -32.3472 30.24 4.2
-69.6779 -19.5189 17.768 4.4
-68.6911 -21.1444 117.987 4.6
-71.1183 -29.1478 53.315 4.3
-68.7845 -21.1877 114.015 4.4
-71.3245 -18.5806 28.67 4.0
-67.9696 -23.0953 155.337 4.6
-71.7415 -31.6796 33.286 4.3
-69.3111 -19.5368 108.677 5.3
-66.4781 -21.4489 225.189 4.0
-70.3068 -23.4796 40.94 3.9
-68.623 -21.6177 135.912 4.2
-68.9743 -22.0863 102.907 4.3
-71.4965 -26.9539 26.241 4.0
-68.9843 -22.1056 102.419 4.7
-69.1051 -23.8212 104.136 5.2
-73.3056 -33.1375 10.0 4.3
-69.1761 -22.8339 84.763 4.1
-67.3278 -22.1362 172.672 4.2
-74.99 -40.1528 18.248 5.2
-67.5509 -24.2292 190.456 4.2
-69.4112 -19.5761 104.739 4.5
-71.46 -29.3489 38.049 4.0
-70.2161 -17.4843 134.937 4.4
-66.9423 -31.9653 145.674 4.6
-69.0731 -19.372 9.84 4.1
-68.581 -23.4484 104.829 4.5
-66.6905 -21.3015 227.673 4.7
-69.177 -28.3435 102.507 4.6
-69.258 -20.2393 96.269 5.5
-69.3216 -32.8568 121.245 4.5
-70.3668 -22.8107 35.0 4.4
-68.6028 -21.1239 130.609 4.1
-68.4076 -21.635 121.731 4.5
-69.1103 -20.0735 108.936 4.8
-70.8409 -17.4649 97.077 4.5
-71.9363 -33.4325 31.625 4.4
-72.0907 -27.8953 25.457 4.1
-71.879 -32.1463 32.307 4.0
-66.3295 -22.893 226.514 4.7
-67.7263 -28.9215 134.202 4.1
-69.7319 -17.6655 153.639 4.3
-66.8788 -24.1662 178.818 4.5
-65.8958 -17.6271 10.0 4.5
-67.0604 -24.1894 178.886 4.0
-67.0219 -24.2635 186.192 4.5
-70.2984 -28.6186 102.684 4.3
-66.9871 -23.9499 173.069 4.5
-66.6358 -22.9046 217.95 4.5
-69.3494 -17.9008 150.639 4.3
-68.5632 -21.5965 134.03 4.1
-69.4191 -32.0933 119.797 4.4
-66.7645 -24.1555 192.182 4.2
-66.7624 -19.4649 253.807 4.3
-67.1581 -24.2893 174.986 4.5
-71.9741 -29.5844 13.97 4.3
-66.6325 -21.4051 219.565 4.9
-69.0134 -20.9612 108.208 4.6
-67.376 -24.2383 178.794 4.2
-67.2017 -24.3121 172.373 4.2
-67.1008 -24.32 167.076 4.5
-67.4359 -28.2451 111.607 4.4
-66.869 -22.8929 236.405 4.2
-67.2181 -24.3002 172.993 4.2
-67.5035 -24.2524 179.903 4.3
-68.5334 -21.7033 139.269 4.2
-67.144 -24.3383 153.228 4.0
-67.1572 -24.1304 182.0 5.9
-67.0928 -24.3102 172.477 5.0
-69.0791 -19.2153 121.532 4.4
-67.3413 -20.7833 204.816 4.1
-66.9395 -24.0127 180.802 4.4
-71.2748 -30.654 56.106 4.6
-66.9878 -24.1923 176.971 4.8
-68.788 -22.3919 122.433 4.1
-66.7888 -23.5635 199.067 4.2
-66.9523 -24.2718 181.723 4.5
-71.6632 -33.5949 40.721 4.4
-68.4202 -21.0992 118.003 4.2
-69.4163 -18.9533 112.094 4.6
-69.908 -19.9445 54.51 3.8
-69.5068 -31.5715 116.488 4.1
-65.8268 -22.3676 270.762 4.8
-72.2216 -33.8323 28.09 4.0
-67.6422 -22.5769 176.17 4.2
-66.9945 -24.0011 167.671 4.3
-68.5845 -21.7903 120.568 4.6
-71.9561 -17.2597 104.812 4.1
-71.9066 -31.0238 31.428 4.2
-71.4842 -32.5071 70.373 4.3
-67.8161 -23.1745 142.253 4.3
-69.3331 -19.3882 97.707 4.6
-71.4911 -32.4859 47.457 4.5
-69.4685 -31.6409 109.83 4.2
-71.5992 -31.6489 38.569 4.1
-68.4249 -21.7269 131.822 4.3
-67.4064 -30.2701 30.9 4.9
-75.175 -38.9301 10.0 4.5
-75.3033 -41.3503 10.0 4.4
-66.5944 -23.9974 194.469 4.5
-71.5526 -28.8005 32.86 4.4
-68.3281 -21.6473 148.798 4.2
-68.242 -21.5838 131.104 4.2
-69.533 -17.6075 155.178 4.2
-75.3811 -51.3994 18.674 4.3
-71.4343 -18.3541 56.74 4.3
-70.8145 -30.5669 81.833 4.1
-71.3402 -29.7113 41.074 4.5
-69.0341 -19.2459 115.609 4.2
-66.311 -22.6794 241.728 5.0
-71.6231 -29.8654 38.429 4.2
-68.6438 -20.2339 135.641 4.2
-73.9152 -34.539 19.85 4.1
-69.2628 -25.7895 8.8 4.1
-68.261 -31.8526 107.368 4.4
-69.6535 -18.3995 137.579 4.4
-71.1453 -29.9747 86.389 4.2
-67.9147 -24.4969 130.0 4.2
-70.5644 -24.5531 26.298 4.3
-71.1251 -26.9197 22.225 3.8
-71.1303 -26.827 20.051 4.1
-71.1662 -26.8737 21.244 4.8
-68.0327 -24.2496 112.499 4.1
-71.8627 -30.6114 24.114 4.4
-68.5327 -21.7698 115.129 4.7
-69.6874 -22.4091 70.56 4.0
-69.5359 -17.275 166.067 4.3
-67.2333 -24.2075 169.312 4.7
-66.6489 -21.4584 237.347 4.4
-68.4558 -21.2176 136.441 4.2
-66.7161 -23.9343 195.058 4.5
-66.464 -23.1723 226.98 4.0
-68.568 -22.2384 142.402 4.3
-69.273 -20.0717 92.922 4.1
-74.9114 -38.6796 10.0 4.5
-68.6449 -21.9866 104.358 4.6
-68.5618 -22.0927 118.442 4.4
-67.5033 -20.932 177.033 4.1
-71.5543 -29.0429 17.723 4.1
-66.9797 -24.2082 175.427 4.3
-71.8422 -29.7529 27.059 4.3
-68.7253 -21.6202 107.557 4.5
-67.5714 -24.5207 178.807 4.2
-68.6279 -21.8 121.783 4.2
-70.3976 -34.028 8.101 4.2
-69.5259 -19.4395 96.593 4.2
-66.7639 -24.0951 192.487 4.7
-69.4571 -17.4206 168.518 4.7
-66.7902 -23.9044 226.072 4.3
-66.7788 -23.7033 195.353 4.5
-67.9044 -23.3228 156.468 4.3
-69.7166 -31.7668 113.316 4.5
-70.0243 -32.1142 116.655 4.2
-71.9664 -32.7859 15.58 3.9
-71.833 -29.2807 18.954 4.6
-68.7581 -20.7057 128.91 4.5
-71.2382 -35.4292 99.625 4.2
-71.2979 -26.811 22.971 4.1
-70.5112 -20.9565 29.639 4.3
-71.0132 -26.8262 22.223 4.7
-67.2314 -21.3156 177.186 4.4
-68.4574 -22.2542 112.746 4.4
-68.648 -22.1968 106.106 5.2
-66.7089 -21.4368 226.33 4.7
-66.5065 -22.8642 208.166 4.4
-66.7365 -19.4061 248.695 4.3
-69.1344 -26.1553 100.155 4.2
-69.2189 -22.9993 108.282 4.3
-70.2102 -20.0652 58.421 4.1
-70.1194 -33.1967 104.314 4.2
-69.4287 -18.9602 116.834 4.4
-68.3455 -23.8733 122.55 4.4
-68.9497 -19.5757 122.804 4.5
-69.1538 -20.2152 96.072 4.1
-68.8907 -22.8648 102.385 4.5
-75.5636 -46.2484 10.0 4.5
-72.1028 -33.5032 37.971 4.1
-67.2783 -24.2488 179.176 4.4
-66.3085 -27.8088 143.072 4.7
-68.4882 -22.8178 110.59 4.2
-69.552 -24.2908 83.535 5.1
-66.7009 -23.9969 196.538 4.4
-73.9014 -37.7369 19.885 4.1
-70.8273 -28.1395 60.1 4.7
-73.6818 -37.9039 16.673 4.1
-68.6174 -21.4276 126.387 4.2
-67.2445 -24.31 187.979 4.5
-66.1409 -22.2697 238.209 4.2
-71.2192 -17.4423 86.241 4.1
-70.1269 -17.7979 112.26 4.6
-67.6221 -22.5717 164.474 4.5
-69.0459 -20.0941 110.96 4.2
-66.7496 -24.1879 182.238 5.0
-68.0144 -22.5933 153.524 4.4
-68.3992 -32.1158 126.63 4.9
-68.5408 -21.1525 118.959 4.1
-66.409 -23.4655 207.267 4.3
-69.059 -18.9676 122.615 5.0
-66.7678 -22.9061 213.249 4.2
-71.3066 -18.7255 25.535 4.3
-66.8751 -19.2936 245.363 4.5
-68.6547 -22.413 109.114 4.2
-71.7969 -31.7194 32.539 4.4
-69.122 -18.8887 127.099 4.2
-68.6471 -21.2729 115.328 4.1
-70.2634 -24.8235 61.143 4.5
-67.8723 -23.207 135.65 4.5
-66.723 -20.6062 231.896 4.6
-67.2971 -21.3567 194.757 5.4
-66.7768 -22.9512 197.503 4.4
-72.6841 -33.6161 10.0 4.3
-72.5628 -33.6025 10.0 5.5
-71.233 -30.8453 59.005 4.5
-65.68 -17.1913 38.032 4.4
-70.8678 -32.8172 78.377 4.1
-71.342 -31.9438 49.072 4.5
-66.3753 -22.6251 247.528 4.2
-71.2545 -29.7175 50.446 4.8
-70.6559 -22.7464 52.352 4.1
-67.0122 -21.55 229.476 4.3
-75.1516 -39.6702 10.0 4.3
-69.4871 -23.994 88.807 4.0
-70.2198 -19.4544 38.372 4.3
-67.0744 -24.1237 188.778 4.2
-67.1753 -21.3096 192.127 4.6
-67.3866 -22.1525 182.56 4.4
-72.6673 -31.6344 10.0 4.3
-71.7148 -29.2958 32.778 4.2
-68.3171 -29.2746 51.587 4.8
-67.7832 -23.8589 152.805 4.5
-68.2498 -29.3547 24.5 4.3
-68.5438 -22.9566 115.506 4.4
-74.0264 -38.0854 10.0 4.3
-68.8386 -21.7213 122.143 4.5
-68.5175 -21.6492 132.928 4.3
-69.3335 -31.6817 121.016 4.7
-73.0687 -36.529 35.0 4.1
-70.3934 -33.632 106.948 4.4
-68.8739 -29.1431 22.369 4.1
-69.1677 -20.7288 103.92 4.3
-68.071 -32.4483 144.202 4.6
-68.7168 -21.2285 117.126 4.2
-66.3292 -22.7481 245.534 4.3
-66.8839 -28.0423 172.204 4.2
-69.0136 -21.0773 108.812 4.1
-66.6751 -24.0319 190.999 4.4
-69.7412 -20.7698 49.405 3.7
-66.0735 -23.028 241.227 4.6
-67.7596 -22.4878 160.357 4.3
-70.2925 -20.3151 42.628 4.4
-66.8963 -24.4489 170.88 5.2
-68.6311 -22.2504 113.427 4.3
-66.7739 -20.875 217.89 4.5
-69.9338 -31.9385 108.723 4.2
-71.8419 -32.6819 27.573 4.1
-69.086 -21.716 94.089 4.1
-67.5824 -28.6565 122.516 4.1
-69.3489 -31.7788 111.909 4.5
-71.0736 -32.2417 84.337 4.1
-66.9033 -27.8354 147.458 4.7
-66.6143 -22.7353 224.953 4.2
-70.387 -34.4679 10.0 4.1
-68.9398 -21.0683 114.043 4.7
-74.2493 -42.6422 36.411 4.5
-70.4039 -26.639 75.0 6.4
-67.1219 -23.3999 213.09 4.1
-66.8069 -24.1022 208.368 4.2
-71.4412 -27.9589 33.268 4.1
-67.0357 -24.2229 184.514 4.3
-67.5152 -20.9406 188.964 4.2
-70.3704 -21.4351 27.604 3.9
-70.4629 -33.0054 104.373 4.2
-69.265 -32.0064 118.123 4.5
-68.7556 -22.5416 111.176 4.3
-70.1992 -20.2359 42.701 3.5
-66.7017 -21.3603 218.337 4.9
-68.4989 -21.8039 124.019 4.6
-68.6869 -23.1647 101.551 4.1
-67.4047 -20.9301 187.696 4.6
-69.7316 -17.4593 174.678 4.2
-67.082 -24.1077 217.96 4.4
-68.6433 -20.2508 115.696 4.1
-68.0798 -23.6029 137.382 4.0
-68.1048 -24.5497 135.332 4.2
-68.5286 -22.2645 114.878 4.1
-66.4749 -22.8151 258.607 4.3
-68.7146 -22.9075 98.798 4.2
-69.4505 -19.6168 105.0 5.7
-67.1947 -24.2019 199.752 4.3
-67.2311 -20.1939 209.797 4.4
-69.3885 -17.5392 151.621 4.4
-67.6694 -31.6158 10.0 4.0
-68.8202 -22.2016 120.811 4.5
-69.3401 -19.9329 103.094 4.3
-67.0807 -24.1457 222.72 4.4
-67.2128 -24.2946 170.193 4.2
-66.1533 -22.3771 262.276 4.3
-67.3356 -21.5136 202.909 4.3
-71.2952 -28.6305 38.432 4.4
-67.1015 -24.1591 183.203 4.1
-69.5308 -18.131 129.101 4.4
-68.5409 -21.1102 129.945 4.3
-70.0925 -24.9691 74.889 4.3
-66.862 -23.9974 199.784 4.5
-69.8892 -17.9768 115.162 4.4
-67.2855 -18.7191 237.965 4.3
-71.3182 -18.5469 25.071 4.0
-71.6909 -34.7762 44.336 3.9
-68.9598 -20.8957 103.122 4.2
-72.1556 -30.3899 16.765 4.4
-75.1812 -39.7842 10.0 4.2
-71.8477 -51.466 10.0 4.1
-67.1577 -24.1575 176.206 4.3
-67.5143 -24.194 206.826 4.1
-72.0163 -51.3702 16.445 4.1
-71.8409 -51.3717 10.0 5.2
-71.4171 -32.5307 67.499 4.0
-67.3347 -24.0159 217.018 4.2
-72.237 -33.7125 19.9 3.8
-69.2257 -18.299 137.81 5.0
-69.1139 -21.5471 95.992 4.3
-67.1976 -24.3058 166.252 4.5
-71.5126 -33.7941 53.057 4.6
-67.3394 -24.3135 177.294 4.2
-68.9776 -20.7248 100.041 4.1
-67.0475 -24.2183 175.824 4.2
-71.0579 -27.8687 55.218 4.4
-65.1486 -20.9163 314.573 4.1
-68.5154 -21.4726 144.143 4.2
-67.0909 -24.3097 168.776 4.5
-69.2088 -23.1856 90.73 4.4
-72.6317 -31.0509 10.0 4.4
-67.9592 -19.3779 190.074 4.3
-69.6073 -21.0423 62.136 4.4
-66.976 -24.0167 210.738 4.4
-67.1726 -24.2456 166.888 4.4
-68.5995 -21.926 113.773 4.2
-69.9926 -19.6387 60.403 3.9
-71.9242 -29.4675 22.933 5.1
-70.8971 -31.8815 96.805 4.7
-72.241 -33.4179 20.288 3.7
-67.6673 -22.2804 177.467 4.4
-72.2629 -33.4047 18.006 4.5
-68.6977 -22.0725 113.326 4.6
-72.3805 -33.3905 20.666 4.3
-66.9706 -24.1764 211.576 4.3
-68.7967 -21.4779 124.434 4.0
-70.8776 -19.9548 26.547 4.2
-71.657 -28.9988 26.015 4.8
-73.9731 -41.1474 43.167 4.4
-71.3596 -29.6516 47.485 4.4
-67.4699 -28.5676 11.0 5.4
-66.9081 -24.147 189.438 4.5
-67.5327 -22.3322 176.026 4.4
-66.7777 -23.9725 201.061 4.8
-71.7024 -30.6714 26.014 4.3
-68.4279 -21.622 109.905 4.3
-69.7525 -20.5897 25.484 4.1
-68.3625 -18.0116 208.113 4.4
-68.7614 -22.1803 108.382 4.2
-68.7709 -20.7896 100.347 4.8
-67.1397 -24.2262 178.536 4.3
-70.1725 -22.5013 37.514 3.9
-68.5199 -21.6942 133.469 4.3
-66.8577 -21.6365 225.112 4.5
-71.4415 -30.9147 48.003 4.5
-69.1956 -34.0979 167.959 4.3
-68.8467 -34.0359 10.0 4.5
-69.7919 -19.9361 48.611 3.6
-70.0864 -19.0714 69.782 4.3
-68.9345 -21.4144 119.748 4.2
-66.7532 -21.5998 211.079 4.1
-67.3062 -24.2653 193.018 4.0
-70.1324 -32.7702 110.937 4.1
-71.8845 -30.7521 25.226 4.0
-71.8782 -30.7311 28.582 5.1
-71.4103 -30.7444 62.11 4.2
-67.1966 -21.4935 233.814 4.2
-66.935 -21.4475 219.954 4.3
-68.5518 -21.9353 127.972 4.6
-71.5788 -30.9161 59.111 4.1
-72.1129 -30.5285 19.303 4.4
-69.329 -27.528 101.002 4.5
-68.3235 -31.8692 106.707 4.3
-74.1944 -42.5007 44.807 4.5
-70.4494 -19.1231 54.147 4.2
-73.8548 -42.8364 46.215 4.3
-66.7918 -21.3991 216.93 4.6
-70.1231 -33.1972 7.716 4.1
-72.2965 -41.3987 9.459 4.3
-74.1854 -38.5752 22.365 4.5
-70.9651 -36.3892 128.364 4.7
-67.9999 -23.4826 137.0 5.6
-67.3649 -19.0258 233.705 4.4
-68.5389 -24.5832 100.314 4.1
-68.822 -22.3822 117.7 4.5
-68.866 -21.1292 131.292 4.0
-69.1161 -20.2745 95.645 4.2
-69.674 -27.1403 131.524 4.2
-70.2921 -21.6764 60.044 4.5
-71.4935 -31.5208 41.917 4.5
-72.0685 -29.6615 10.0 4.6
-67.7338 -31.8071 10.0 4.0
-68.6835 -21.9849 132.64 4.2
-68.878 -21.2281 102.883 4.1
-71.6357 -22.2228 10.0 4.5
-74.9178 -39.5745 20.668 4.3
-70.0906 -32.96 113.014 4.1
-66.8983 -22.9818 205.707 4.3
-66.8653 -27.9517 144.24 4.2
-74.036 -35.0973 10.0 4.5
-68.3874 -21.0931 120.995 5.0
-67.433 -24.3689 209.561 4.4
-66.8722 -24.1385 190.322 4.1
-69.8159 -17.9112 135.305 4.8
-68.903 -19.9528 113.504 4.0
-66.2954 -22.8463 250.492 4.2
-72.129 -33.7547 26.938 4.1
-75.2496 -46.0708 10.0 4.3
-66.6419 -23.9672 198.677 4.2
-70.509 -17.4398 91.841 4.4
-68.6738 -21.5919 114.486 4.4
-68.8767 -22.2474 110.5 4.2
-68.6999 -21.1572 123.928 4.2
-68.5919 -22.0429 112.773 4.8
-71.8266 -29.7373 44.955 4.2
-66.5681 -22.8756 221.305 4.2
-68.6241 -21.6425 119.459 4.4
-66.7717 -23.7114 203.712 4.5
-71.0501 -25.7365 19.149 4.5
-69.659 -17.7148 160.009 4.4
-71.3551 -18.404 27.468 4.0
-66.0571 -22.442 272.203 4.4
-70.5312 -22.8053 26.709 4.1
-66.9717 -24.024 202.252 4.2
-67.665 -22.2556 194.304 4.4
-66.3768 -22.9402 229.305 4.3
-71.4293 -26.4522 46.884 4.2
-73.5769 -34.9358 10.0 4.1
-67.3423 -30.752 10.0 4.3
-69.2335 -31.7224 125.938 4.2
-68.4203 -23.1321 121.072 4.1
-71.6814 -52.3996 13.919 4.5
-69.1246 -20.2166 99.584 5.3
-68.6992 -22.8276 105.536 4.1
-74.9994 -40.0437 15.872 4.5
-69.6748 -31.5905 118.185 4.2
-71.3044 -29.7106 79.842 5.1
-73.4641 -36.8733 26.862 4.4
-67.3821 -20.7806 191.355 4.1
-68.6335 -21.0508 145.066 4.1
-69.0793 -20.4447 101.265 4.5
-69.7153 -18.718 119.83 4.0
-69.6166 -27.1931 104.45 4.4
-71.4079 -30.0605 72.593 4.2
-72.4603 -35.9492 51.532 4.2
-71.283 -30.0662 68.436 5.3
-69.1048 -28.405 98.524 4.8
-67.2329 -22.1115 184.688 4.6
-69.5687 -29.2657 104.6 4.8
-69.2154 -20.1839 102.502 4.8
-71.6882 -32.4537 55.149 4.3
-66.0228 -27.6058 10.0 4.5
-67.4669 -24.1412 192.792 4.5
-67.1102 -24.0262 199.306 4.3
-68.4767 -21.8461 118.278 4.6
-72.1808 -30.4413 10.0 3.9
-70.0683 -20.3166 49.867 3.6
-68.5945 -21.3739 132.869 4.3
-68.524 -21.0609 132.949 4.4
-69.4693 -17.5706 154.597 4.4
-67.5115 -21.4876 219.976 4.0
-71.6689 -30.8882 53.615 4.2
-67.1382 -24.2118 189.485 4.1
-73.5044 -36.2357 30.679 3.9
-66.5799 -27.7822 165.538 4.2
-69.2551 -20.2831 96.353 4.1
-68.0993 -20.4682 186.645 4.2
-68.565 -21.221 130.563 4.2
-66.886 -24.1022 181.984 4.8
-71.4622 -30.8579 59.472 4.7
-72.1268 -29.8441 15.254 4.3
-71.1124 -18.6092 53.177 4.2
-70.0764 -17.9698 107.738 4.7
-71.5321 -28.7748 35.0 4.3
-67.5366 -24.1935 193.429 4.4
-68.9604 -22.9462 112.978 4.3
-69.01 -20.2809 104.629 4.1
-69.3754 -19.1258 107.462 4.1
-66.9424 -24.0276 225.543 4.2
-69.6521 -17.6306 152.365 4.7
-69.1931 -19.6847 105.72 4.2
-66.658 -23.8444 187.052 4.9
-69.0636 -23.3399 96.0 6.0
-68.6514 -22.2586 108.792 4.2
-71.2772 -29.2907 64.867 4.4
-67.0978 -23.2233 238.635 4.0
-71.4709 -31.5462 49.791 4.8
-70.0884 -19.9851 51.782 4.3
-69.0109 -24.5029 98.188 4.3
-67.9373 -20.0021 176.335 4.2
-67.0449 -23.0337 267.62 4.3
-72.466 -33.9171 18.572 4.4
-66.951 -22.7866 200.505 4.6
-69.5885 -20.701 89.351 4.6
-68.6523 -22.4324 115.197 4.3
-71.2698 -33.2049 61.251 4.2
-68.546 -21.7883 123.298 4.4
-68.7823 -23.1848 98.318 4.2
-68.8684 -28.4493 114.5 4.3
-67.9465 -23.5218 129.264 4.2
-66.9868 -23.9826 211.158 4.1
-67.2666 -20.4576 256.572 4.1
-69.2398 -19.6868 110.238 4.1
-69.6524 -27.5244 112.172 4.5
-72.9705 -33.3259 10.0 4.6
-66.9048 -23.9019 213.706 4.3
-68.1647 -31.3001 109.666 4.1
-66.3512 -22.569 279.6 4.2
-69.0331 -24.0241 102.212 4.3
-68.5934 -22.8392 114.094 4.1
-71.9821 -31.7577 39.323 4.2
-73.2455 -37.6225 45.269 4.1
-70.3982 -30.7624 109.154 4.2
-69.2635 -19.7324 108.7 4.8
-71.4075 -30.0251 42.84 4.2
-72.1227 -52.4245 10.0 4.4
-70.1333 -19.3516 57.272 4.3
-71.0697 -26.2255 19.18 4.1
-70.7683 -26.2998 26.203 4.1
-67.1293 -24.2802 196.298 4.2
-70.9825 -26.2533 31.0 5.6
-69.0424 -22.9817 109.682 4.1
-72.6428 -37.8258 59.911 4.4
-71.3255 -30.1096 67.529 4.3
-69.6235 -19.4293 117.932 4.6
-73.7663 -38.4993 20.394 5.0
-67.3844 -24.2791 208.222 4.2
-70.9566 -24.948 20.645 4.9
-71.8388 -32.0937 35.476 3.9
-71.3564 -29.005 35.338 4.7
-75.1546 -36.8127 10.0 4.2
-66.9877 -24.0084 223.01 4.2
-66.9598 -24.235 181.596 4.2
-75.0333 -37.2309 13.661 5.2
-69.7635 -18.2696 114.016 4.6
-67.0206 -24.1233 212.052 4.4
-66.7622 -23.085 204.667 4.7
-68.6557 -22.2461 115.479 4.1
-71.0878 -28.3208 57.258 4.3
-71.5489 -32.1858 62.793 4.3
-72.3317 -27.0087 10.0 4.5
-72.6809 -38.2474 57.818 4.3
-69.2105 -19.7048 102.543 4.0
-67.1527 -21.0843 202.826 4.2
-68.8748 -21.1409 128.748 4.1
-71.9488 -29.4714 10.0 4.3
-69.2322 -30.2826 18.817 4.3
-68.6016 -21.0932 139.058 4.3
-69.0488 -20.2874 100.809 4.0
-74.2127 -42.4627 38.582 4.3
-69.2198 -20.13 93.772 4.3
-69.8671 -18.1946 108.112 4.3
-71.3177 -30.0051 51.085 4.4
-68.6522 -22.1244 129.874 4.3
-69.4416 -18.2733 135.314 4.2
-72.0357 -33.8151 28.63 4.4
-67.5153 -24.2851 212.715 4.6
-69.1757 -20.2899 98.423 4.8
-69.4481 -19.3884 91.934 4.3
-68.5153 -21.1828 144.152 4.2
-70.9444 -25.007 24.767 4.5
-72.0293 -33.8155 10.0 4.4
-71.3921 -30.6865 49.159 4.7
-69.5034 -18.7955 108.959 4.0
-69.8135 -18.1185 131.531 4.6
-68.7614 -31.4645 112.143 4.8
-68.8373 -21.2389 118.977 4.4
-67.2771 -24.2946 220.449 4.3
-69.2716 -29.284 113.792 4.4
-69.0312 -20.2994 100.93 4.0
-69.3008 -18.5518 123.754 4.1
-68.9996 -21.1063 116.703 4.2
-69.0539 -31.6816 110.024 4.8
-70.7324 -31.3285 106.288 4.4
-69.106 -22.7513 107.768 4.4
-67.0556 -24.0925 214.347 4.0
-71.7612 -30.6929 32.492 4.2
-69.2889 -30.6132 120.522 4.3
-68.9677 -20.1415 108.808 4.1
-68.6534 -21.2604 134.128 4.3
-72.2501 -27.5731 10.0 4.6
-67.2258 -24.359 190.794 4.2
-69.3145 -18.0678 122.665 5.3
-71.2597 -32.042 85.344 4.4
-71.0888 -29.4383 56.478 4.4
-69.3389 -17.6508 159.515 4.1
-68.5821 -21.356 117.181 4.7
-68.6192 -21.986 116.031 4.2
-67.2082 -24.1917 222.147 4.0
-68.8827 -21.2777 115.791 4.0
-69.956 -20.573 64.62 3.7
-68.6109 -28.7247 97.354 4.3
-68.1023 -31.3222 103.165 4.4
-71.9994 -50.4998 10.0 4.4
-73.1785 -32.2865 10.0 4.2
-73.419 -17.5079 10.0 4.3
-68.8776 -31.2736 115.729 4.2
-69.8235 -17.4445 140.75 4.3
-72.2896 -35.121 35.0 4.3
-74.5206 -44.9791 35.0 4.2
-70.0577 -22.9203 67.284 4.1
-69.2372 -20.2622 91.224 4.6
-67.7803 -21.2918 182.978 4.5
-70.2643 -31.0486 114.004 4.5
-70.8317 -17.6551 86.794 4.4
-67.0094 -21.4734 253.297 4.3
-68.4002 -21.5145 130.464 4.1
-68.5244 -21.2542 142.964 4.1
-69.2166 -19.3582 120.975 4.4
-69.5232 -19.0283 103.324 4.7
-68.4795 -21.7423 122.943 4.4
-70.7958 -23.1684 23.388 4.6
-69.7963 -25.4818 129.802 4.1
-67.815 -20.6659 164.865 4.4
-71.7761 -32.5349 28.054 4.3
-66.9513 -24.051 237.111 4.0
-67.3707 -27.9389 228.858 4.2
-70.3319 -20.0844 43.309 3.9
-66.9328 -28.0469 222.355 4.1
-71.4698 -31.7813 51.338 4.3
-68.8067 -20.9783 111.232 4.1
-68.5432 -21.7065 128.318 4.5
-68.6026 -20.5147 135.38 4.5
-69.1069 -21.7109 99.0 6.1
-66.9032 -24.3527 166.879 4.9
-69.1908 -28.1086 150.572 4.0
-69.7916 -32.4128 118.551 4.5
-68.9338 -22.5896 109.052 4.1
-66.6081 -23.0291 208.974 4.9
-70.6231 -20.1826 35.0 5.0
-69.3835 -19.6821 101.481 4.5
-70.2097 -28.7474 97.247 4.2
-69.565 -24.166 92.136 4.5
-71.9932 -29.9459 25.049 4.2
-71.2354 -29.3545 48.507 4.6
-72.1121 -29.9302 23.242 4.2
-70.4715 -32.4805 99.456 4.2
-72.1171 -29.8952 10.0 4.4
-71.9959 -29.9272 10.0 5.5
-72.0531 -29.9251 10.0 5.5
-67.0624 -24.2208 179.795 4.2
-67.0001 -23.458 215.845 4.3
-68.6582 -22.2185 115.707 4.7
-68.5879 -21.7021 108.248 4.3
-66.9544 -24.0816 238.84 4.2
-71.8777 -32.986 24.285 4.0
-66.9435 -24.0714 183.493 4.5
-72.7824 -34.7436 21.023 4.2
-67.3646 -28.2047 138.0 5.9
-67.1244 -24.0655 196.908 4.4
-67.254 -24.4364 183.44 4.1
-72.2966 -39.0508 93.99 4.7
-67.8453 -19.8579 182.246 4.1
-69.7806 -20.417 50.186 3.9
-68.9161 -21.1711 113.124 4.3
-70.6394 -29.1324 101.868 4.1
-67.3978 -24.2228 206.094 4.2
-68.5792 -31.2967 108.519 4.5
-75.061 -40.4607 10.0 4.8
-68.6483 -21.9171 118.024 4.1
-67.4942 -31.9699 10.0 3.8
-67.9604 -33.6134 178.378 4.8
-69.845 -29.5104 126.978 4.3
-68.8592 -20.4698 110.001 4.2
-68.6768 -22.4415 110.617 4.2
-69.5567 -19.4214 88.526 4.2
-68.8933 -31.5324 103.659 4.8
-70.4943 -22.6858 46.173 4.1
-71.0817 -28.1448 55.135 4.3
-69.9153 -20.2333 59.258 5.2
-66.7867 -24.0042 203.786 4.1
-66.9237 -24.0744 195.487 4.3
-70.6138 -25.7485 61.615 4.2
-69.2977 -19.3969 106.514 4.4
-66.5846 -27.9283 162.331 4.5
-69.2267 -31.5932 118.168 4.4
-70.0028 -22.2479 50.841 4.6
-67.632 -22.6819 166.002 4.1
-71.9425 -32.2857 27.653 4.1
-67.2526 -21.2804 195.345 4.9
-67.2506 -24.3738 182.98 4.4
-69.838 -21.283 59.51 4.0
-70.7256 -35.33 109.0 6.4
-68.4931 -22.0991 95.137 4.9
-67.2807 -21.7358 187.713 4.6
-67.6624 -28.5556 132.35 4.1
-67.1367 -24.2785 168.742 4.7
-66.6329 -23.9484 201.67 4.4
-69.6851 -29.2179 119.066 4.3
-71.5015 -28.6985 22.15 3.9
-68.7857 -20.4862 128.459 4.4
-69.0719 -28.3382 108.146 4.4
-68.6388 -21.3484 128.486 3.9
-71.3894 -30.7083 47.867 4.1
-69.0896 -19.8502 106.958 4.0
-71.4011 -22.4835 10.0 4.5
-67.3287 -24.2994 206.353 4.4
-70.3867 -20.271 34.089 4.9
-71.8075 -32.0914 35.635 4.2
-68.5796 -21.2749 125.719 4.2
-73.5759 -38.9157 36.959 5.3
-70.904 -37.5811 132.395 4.3
-66.6774 -23.5003 227.76 4.5
-66.105 -22.9002 254.668 4.3
-68.6751 -22.5088 106.031 4.3
-67.2966 -22.1135 185.803 4.6
-68.7095 -33.502 35.561 4.3
-66.702 -23.3549 208.836 5.2
-71.2691 -18.5909 23.377 4.2
-69.594 -17.9426 151.216 4.3
-71.8921 -30.289 29.047 4.2
-69.2117 -32.2802 10.0 4.1
-67.1072 -23.67 163.801 4.7
-69.8895 -32.4393 135.744 4.1
-70.0202 -21.4163 56.353 4.0
-69.6619 -18.3641 118.268 4.8
-67.3941 -22.5017 197.302 4.3
-67.8573 -23.2005 159.336 4.2
-75.3959 -46.6474 10.0 4.3
-67.8505 -21.3285 205.408 4.0
-71.5935 -20.0452 10.0 4.1
-67.0766 -24.106 178.291 4.3
-73.2863 -35.7697 47.958 4.2
-68.8631 -23.1012 112.827 4.2
-68.355 -31.1595 104.526 4.3
-71.3521 -30.4554 47.097 5.1
-68.5034 -21.5693 124.33 4.3
-68.7008 -21.3473 122.296 4.3
-67.1486 -24.2716 191.096 4.3
-72.1071 -30.5537 22.679 4.1
-66.7781 -23.8697 211.603 4.3
-72.29 -36.5056 81.216 4.3
-68.4407 -22.4159 114.69 4.8
-70.987 -21.0562 32.174 4.0
-67.2064 -24.2298 201.566 4.1
-69.5258 -17.5859 165.843 4.9
-67.418 -24.4427 204.423 4.0
-69.0761 -23.0915 98.524 4.2
-73.2788 -37.8964 38.848 4.0
-71.3928 -31.7313 42.85 4.0
-69.6014 -21.4598 32.325 4.1
-67.9148 -22.2263 170.836 4.3
-68.3636 -21.6549 127.926 4.3
-67.9729 -23.1064 134.316 4.5
-68.5953 -21.1174 136.38 4.3
-68.5865 -21.2124 135.978 4.3
-67.5373 -28.6494 146.172 4.3
-69.3988 -23.1167 82.94 4.0
-71.6255 -29.0386 33.342 4.2
-72.0089 -27.6614 35.545 4.4
-70.9489 -35.3402 113.234 4.1
-69.429 -29.7675 116.889 4.8
-69.3298 -24.3511 105.716 4.3
-68.9309 -21.4672 111.373 4.4
-66.5208 -23.0818 258.738 4.3
-67.7138 -24.1917 165.53 4.1
-71.3842 -28.7561 46.052 4.3
-75.8743 -46.8186 10.0 4.9
-75.6402 -46.7807 10.0 6.3
-67.0287 -24.2537 172.587 4.1
-72.3298 -36.7838 63.148 4.3
-69.8585 -17.3165 166.168 4.4
-67.9803 -24.2875 111.85 4.8
-68.5477 -21.346 108.897 4.8
-71.5114 -31.7055 43.205 4.3
-68.6979 -31.4174 113.76 4.4
-69.312 -17.4156 162.256 4.5
-66.9227 -18.9485 257.483 4.8
-69.0129 -28.3754 99.987 4.6
-71.3103 -29.2442 51.78 4.3
-69.4927 -35.6965 188.15 5.4
-66.6484 -27.7791 172.169 4.3
-68.9147 -21.3973 132.172 4.2
-66.5496 -23.6644 201.065 4.2
-71.2335 -29.6814 68.858 4.8
-67.882 -21.2251 152.059 4.8
-68.6377 -21.0502 137.013 4.1
-69.2938 -20.2559 82.311 3.9
-68.8781 -31.5142 110.062 4.4
-69.3453 -23.5076 96.848 4.1
-66.6801 -23.442 214.357 4.2
-66.9698 -24.179 182.784 4.9
-69.6106 -17.6756 181.138 4.2
-69.2949 -20.6163 86.517 4.0
-68.4741 -21.594 149.793 4.0
-68.5929 -21.9538 125.382 4.6
-67.6575 -23.472 145.309 4.9
-68.702 -21.3293 130.91 4.3
-70.0444 -22.2187 45.331 4.2
-70.0058 -21.4391 88.202 4.1
-68.4462 -21.6994 119.209 5.0
-70.6827 -17.4955 114.465 4.9
-67.2722 -21.7259 184.712 4.8
-71.795 -28.7244 13.472 4.9
-70.6289 -36.1395 10.0 4.1
-71.6125 -36.2719 91.963 4.3
-69.3661 -27.2863 103.372 4.3
-67.1797 -24.3213 184.803 4.4
-67.0002 -24.0868 172.153 4.4
-67.0763 -23.9654 186.933 4.3
-69.3373 -19.0867 116.759 4.4
-68.597 -21.7124 136.849 4.4
-67.0267 -24.2017 187.296 4.4
-68.7676 -30.8831 109.0 5.7
-66.512 -23.9243 191.902 4.3
-66.3761 -23.0587 231.557 4.5
-71.0096 -29.1696 68.859 4.4
-69.1223 -19.6549 112.469 4.1
-68.8537 -26.3158 106.629 4.6
-66.7455 -23.9922 180.44 4.4
-71.3943 -28.6 36.647 3.7
-70.793 -28.1005 47.462 4.3
-66.6198 -27.9236 164.327 4.4
-67.2259 -23.7942 250.695 4.6
-69.5415 -27.4948 112.558 4.3
-68.9962 -21.1206 115.386 4.2
-69.3292 -20.2094 101.556 4.6
-68.3587 -23.0611 117.998 4.3
-70.1346 -31.6643 117.634 4.5
-69.681 -28.4262 102.574 4.3
-69.3345 -23.5404 67.728 4.3
-67.1347 -24.0154 190.178 4.5
-67.7569 -21.2078 161.305 4.6
-67.9887 -22.2941 181.579 4.0
-67.2145 -24.1504 189.161 4.1
-67.056 -24.1405 172.174 4.5
-67.0017 -24.1381 172.392 4.9
-69.9777 -20.3142 56.507 3.9
-69.2475 -18.725 139.321 4.2
-68.5952 -25.6606 103.84 4.2
-72.2041 -33.8195 23.927 4.1
-68.5226 -21.6148 144.266 4.2
-68.4765 -21.6433 146.36 4.2
-75.1064 -38.8958 10.0 4.2
-69.9882 -20.3263 52.951 4.1
-68.7539 -21.4823 108.86 4.3
-73.9314 -42.3475 50.284 4.2
-69.4791 -17.6193 163.38 4.4
-69.2195 -19.5822 111.417 4.4
-71.2259 -30.0515 61.566 4.3
-70.7062 -20.1744 22.259 5.3
-71.7798 -36.4571 94.267 4.3
-70.6251 -20.1663 35.0 3.9
-70.5289 -25.1556 35.0 4.2
-67.3533 -20.8069 194.104 4.5
-67.5129 -28.5954 135.034 4.2
-70.244 -21.252 64.394 4.5
-72.2865 -39.4453 82.409 4.2
-67.6783 -22.6217 145.571 4.5
-71.9792 -27.3837 10.0 4.6
-67.0061 -24.072 203.439 4.3
-68.3217 -21.9094 126.082 4.3
-67.4429 -20.801 180.84 4.3
-70.4154 -22.9211 35.0 4.2
-66.7802 -21.3422 201.769 4.0
-70.7684 -17.3564 10.0 4.3
-66.7006 -23.3816 211.459 4.2
-69.4841 -28.5092 108.305 4.4
-70.3552 -21.2214 70.954 4.4
-74.4386 -37.2391 10.0 4.3
-70.8688 -25.864 51.785 5.2
-67.3158 -24.3258 193.504 4.2
-66.9581 -31.9801 150.159 4.2
-65.6919 -31.3501 151.869 5.0
-68.4162 -21.0778 151.029 4.2
-65.9959 -22.0401 266.015 4.1
-71.1952 -29.7019 61.0 5.4
-66.678 -19.5079 257.208 4.9
-71.5626 -32.0313 53.976 5.1
-67.0955 -31.8874 119.95 4.5
-72.0754 -27.3166 10.0 4.4
-72.0701 -27.2678 10.0 4.0
-67.0946 -24.14 169.672 4.4
-66.9285 -31.9018 151.731 4.1
-66.887 -31.8909 141.0 6.0
-68.6748 -31.2886 106.933 4.5
-74.8246 -36.3469 10.0 4.1
-71.491 -20.7855 10.0 4.3
-68.8194 -21.2939 96.774 4.4
-71.4777 -30.7247 42.956 4.4
-68.4179 -21.5591 150.274 4.1
-70.6083 -22.4019 18.266 3.8
-68.002 -26.4063 9.888 4.3
-69.5073 -18.8642 110.906 4.3
-68.5843 -21.193 140.366 4.3
-66.8143 -24.1148 180.615 4.2
-68.7321 -21.9457 136.363 4.1
-69.5609 -17.5086 152.807 4.3
-67.2292 -27.4235 138.724 4.8
-71.6408 -32.3522 59.185 4.3
-66.8731 -24.009 200.226 4.3
-67.0657 -24.0798 185.064 4.4
-68.5215 -22.5418 108.039 4.7
-68.4689 -21.6015 124.605 4.0
-69.5177 -28.9648 110.393 4.7
-66.8447 -24.2339 216.988 4.0
-69.4764 -18.1367 117.886 4.8
-71.0783 -33.3227 71.151 4.3
-66.9383 -21.4895 234.095 4.4
-72.1845 -31.7451 19.867 4.1
-68.7867 -21.2806 109.195 4.1
-67.3812 -22.351 160.987 4.2
-70.5595 -22.5335 10.885 4.1
-70.4907 -34.1146 108.268 4.3
-74.0854 -35.1913 15.601 4.5
-74.2177 -43.0796 35.0 4.2
-69.3731 -20.3509 112.279 4.4
-67.387 -27.8217 116.572 4.8
-68.9848 -20.9535 112.43 4.9
-66.6173 -23.9128 189.952 4.6
-69.2785 -19.8858 99.214 4.5
-69.6082 -28.6734 123.0 5.7
-72.2121 -31.8417 8.798 4.3
-66.9685 -24.1723 185.062 4.5
-68.7647 -21.2631 119.887 4.4
-69.4398 -31.4282 104.965 4.5
-67.3092 -19.1241 239.0 5.7
-71.9451 -32.026 22.168 4.0
-68.9962 -21.0613 109.759 4.1
-67.5347 -22.3126 189.004 4.3
-70.8208 -18.6894 31.705 4.0
-66.6186 -23.0356 223.558 4.5
-68.6992 -22.1941 122.125 4.1
-71.5552 -31.8509 35.0 3.9
-69.2982 -20.5097 98.002 4.2
-71.6393 -29.8177 31.995 4.1
-71.6748 -29.863 27.278 5.0
-70.9496 -27.118 31.955 4.2
-71.5826 -30.0602 35.228 4.2
-72.0184 -35.9692 58.77 4.3
-73.8002 -36.1593 21.212 4.6
-69.595 -28.5811 96.201 4.8
-69.1868 -20.8674 112.895 4.4
-67.0098 -24.0768 199.857 4.4
-69.1272 -22.4631 88.65 4.6
-66.2975 -20.8633 267.552 4.2
-70.4518 -33.437 102.462 3.9
-73.7141 -44.8712 58.483 5.0
-71.5136 -32.2362 71.372 4.5
-67.0724 -23.5918 213.274 4.4
-66.953 -23.6401 213.864 4.1
-69.7759 -22.9712 74.369 4.4
-67.0789 -24.3466 142.962 4.1
-69.4451 -18.0412 145.438 4.2
-67.2032 -21.8453 194.608 4.4
-71.0247 -31.4471 98.265 4.4
-69.0767 -20.2479 95.818 4.4
-66.7675 -21.4017 205.386 4.4
-65.8771 -22.1451 258.194 5.5
-67.0699 -24.0039 199.005 4.3
-73.8602 -37.0845 11.885 5.2
-71.1068 -25.6364 9.821 3.9
-66.0801 -22.7667 248.122 4.3
-69.617 -18.8865 97.824 4.4
-70.8784 -18.556 41.571 4.4
-67.8677 -23.1876 131.029 4.1
-68.781 -20.339 115.367 4.2
-68.4401 -21.2691 129.148 4.2
-68.8123 -25.6357 107.341 4.2
-69.4863 -31.7113 111.129 4.5
-69.2678 -18.3659 127.7 4.2
-70.3251 -25.9687 81.795 4.0
-71.3914 -30.6759 47.365 4.1
-73.8521 -36.8718 10.0 4.3
-68.2831 -31.2589 115.414 4.4
-68.7193 -21.5451 124.988 4.5
-66.7284 -27.8739 157.064 4.7
-69.4903 -17.5127 164.634 4.0
-71.5222 -30.7557 64.645 4.8
-75.4578 -38.1726 16.746 3.5
-66.9528 -24.4184 167.699 4.2
-71.9695 -35.9224 77.262 4.2
-68.7719 -22.9725 117.017 4.1
-70.5018 -20.8196 59.338 3.9
-69.5465 -20.6196 55.687 3.8
-70.9927 -26.9659 21.899 4.1
-66.7842 -21.2007 199.963 5.1
-71.3763 -29.6845 44.734 4.4
-71.0643 -26.9323 19.618 4.6
-69.1985 -17.4799 165.31 4.3
-67.7703 -31.9357 128.397 4.0
-69.4555 -19.4858 96.367 4.0
-69.272 -17.4462 170.262 4.3
-70.6858 -25.6792 44.466 4.1
-67.3926 -22.3105 179.239 4.1
-68.5139 -22.0832 121.171 4.6
-66.0436 -22.0459 263.32 4.0
-67.0663 -22.0665 177.549 4.8
-69.0787 -29.6455 10.0 4.2
-67.0358 -18.7664 258.76 4.2
-71.101 -35.2386 105.305 4.2
-71.8771 -29.7151 37.73 4.2
-69.6932 -24.2648 81.74 4.1
-67.7293 -23.4813 163.747 4.4
-66.7989 -23.5319 198.935 4.2
-68.9466 -21.2782 103.586 4.2
-67.3132 -24.3833 179.194 4.2
-67.199 -24.3137 174.207 4.3
-72.1936 -33.0221 22.932 4.2
-67.2919 -24.4019 183.818 4.3
-72.8192 -35.0708 19.282 4.1
-69.4695 -19.7131 97.857 4.3
-65.6752 -17.1008 35.0 4.5
-68.6186 -22.0677 130.439 4.3
-69.7462 -20.817 95.55 4.1
-67.894 -23.2687 142.879 4.1
-73.944 -38.1636 24.013 4.1
-69.7551 -18.422 134.36 4.1
-66.9058 -24.4091 168.756 4.6
-67.8065 -23.3321 141.345 4.2
-69.9575 -17.9046 109.491 4.1
-71.8904 -33.3927 30.17 4.1
-66.7967 -24.0584 200.176 4.6
-67.8016 -23.2194 133.317 4.6
-70.5864 -22.6777 19.227 4.2
-70.6309 -22.6514 16.573 3.9
-67.9949 -20.0953 180.746 4.6
-67.7911 -23.2484 134.218 4.3
-71.8512 -32.0867 30.123 4.2
-69.1658 -20.4744 102.046 4.2
-67.8929 -23.297 143.95 4.4
-67.8034 -23.4032 144.811 4.1
-67.865 -23.3538 141.986 4.7
-67.8086 -23.2754 147.674 4.6
-67.9065 -23.1775 131.199 5.0
-67.8404 -23.0791 127.291 7.4
-66.6677 -27.9608 195.581 4.4
-68.3158 -22.4599 138.126 4.4
-66.9164 -23.636 198.458 4.3
-70.1916 -20.8038 35.247 4.3
-68.3999 -21.2682 130.503 4.9
-68.7323 -21.1545 117.202 4.2
-67.9155 -18.8581 206.154 4.5
-68.3022 -21.2889 113.491 4.9
-74.215 -37.4963 10.0 4.1
-69.6403 -17.3631 176.858 4.4
-70.7869 -17.2029 111.75 4.2
-67.2669 -24.2655 175.258 4.1
-67.32 -21.0284 179.11 4.3
-67.1003 -24.1525 211.271 4.5
-69.4062 -17.375 176.0 5.6
-71.9047 -32.4145 34.749 3.9
-68.7338 -32.7946 11.561 3.9
-74.3136 -42.9965 22.634 4.1
-67.0065 -24.1702 188.712 4.2
-71.8487 -32.2791 21.362 4.3
-66.781 -23.7515 207.181 4.4
-68.6317 -21.9287 138.123 4.0
-66.2135 -22.8047 255.842 4.5
-69.0673 -18.6392 137.285 4.1
-69.8157 -18.8499 133.634 4.1
-70.8127 -30.8913 90.361 4.3
-66.5383 -23.8082 211.054 4.5
-68.7369 -21.8911 127.012 4.3
-71.3011 -27.8076 18.44 4.5
-71.7327 -33.3394 32.102 4.4
-71.7322 -33.3594 32.387 4.2
-66.5526 -23.5152 198.353 4.3
-68.5229 -21.1422 130.979 4.4
-73.5574 -41.9072 43.937 4.3
-68.6878 -21.0583 134.516 4.1
-69.7409 -18.051 132.412 4.4
-68.7025 -22.5573 115.311 4.2
-69.3745 -28.7957 109.61 4.8
-66.5653 -23.1636 194.686 4.9
-69.8027 -23.1912 81.995 4.0
-70.541 -31.6847 117.609 4.1
-72.2364 -34.1388 17.756 4.0
-68.6403 -22.9612 99.415 5.3
-69.0314 -20.8866 100.684 4.1
-68.9127 -20.9374 99.332 4.1
-71.8116 -31.7381 39.419 4.2
-67.2224 -24.284 235.212 4.0
-68.6079 -21.5986 146.399 4.2
-68.7696 -21.2315 113.585 4.1
-69.2703 -32.6248 8.339 4.4
-68.1759 -23.3988 119.314 4.4
-67.7788 -21.084 173.142 4.4
-66.4121 -17.5064 10.0 4.3
-66.9787 -24.2849 180.669 4.2
-70.6246 -28.85 88.927 4.6
-69.7668 -17.4543 179.163 4.2
-70.2362 -23.9993 45.761 4.9
-68.1588 -21.4002 175.341 4.4
-68.5914 -21.4868 100.406 4.6
-69.9381 -33.1321 116.255 4.5
-71.6894 -31.023 68.734 4.6
-71.0011 -26.0698 35.646 4.9
-71.803 -31.9645 39.939 4.6
-68.9083 -22.8716 95.314 4.2
-66.5634 -23.5129 219.72 4.6
-68.5302 -21.1811 124.336 4.2
-66.643 -21.4764 218.006 4.3
-67.7601 -21.2885 166.578 4.5
-69.104 -19.7111 110.899 4.3
-69.2579 -19.7561 102.47 4.1
-67.1293 -24.3058 163.681 4.4
-71.3989 -30.3273 48.111 4.4
-69.7694 -24.6492 70.433 4.4
-67.2318 -28.4782 133.853 4.3
-69.6431 -32.4456 124.932 4.3
-66.8264 -23.7776 208.116 4.4
-72.0486 -27.2916 17.275 4.2
-68.9946 -20.4743 116.034 4.1
-70.3671 -32.374 116.631 4.3
-69.5569 -29.6474 138.558 4.2
-67.0808 -24.2772 174.497 4.3
-68.4578 -21.6527 132.398 4.1
-68.8579 -20.5917 115.157 4.4
-71.6348 -31.5256 42.283 4.3
-66.1162 -22.7929 260.905 4.2
-68.7776 -22.4697 103.127 4.2
-66.7774 -23.5097 190.924 4.5
-68.2821 -21.8403 108.943 4.5
-72.1688 -33.9165 23.65 4.4
-67.1627 -21.0231 191.763 4.5
-67.8336 -22.3253 188.296 4.1
-71.6851 -30.838 37.929 4.1
-71.3237 -29.992 50.82 4.2
-66.8045 -24.1286 187.327 4.7
-72.0511 -27.2843 10.0 4.3
-72.012 -27.3159 10.0 4.1
-69.0826 -20.4203 117.083 4.0
-67.4318 -31.2937 108.908 4.3
-71.0972 -32.2962 65.578 4.2
-68.9668 -22.705 111.03 4.2
-73.6497 -34.9171 10.0 4.4
-68.443 -21.7513 123.327 4.4
-67.1385 -24.2225 163.057 4.2
-68.8596 -20.0567 124.202 4.3
-73.0095 -35.6964 18.425 3.9
-70.293 -28.7509 97.743 4.3
-69.4223 -19.5138 100.505 4.8
-70.861 -32.4121 80.513 4.6
-70.6437 -18.2676 61.823 4.5
-75.675 -43.1774 10.0 4.9
-70.1164 -22.3332 52.805 4.8
-69.0644 -20.5072 89.859 4.5
-66.8166 -23.9794 197.247 4.2
-71.8122 -38.9963 119.801 4.6
-67.2195 -22.119 159.548 4.3
-70.5714 -20.876 49.819 4.3
-69.4655 -19.511 99.41 4.3
-69.1129 -19.1188 127.705 4.7
-67.6782 -20.9897 168.299 4.3
-66.9389 -24.1187 208.291 4.1
-66.7674 -23.6364 205.369 3.9
-68.8977 -22.3141 121.827 4.2
-66.7897 -23.8058 213.219 4.4
-68.6663 -21.3526 97.964 5.1
-68.7704 -31.4997 105.33 4.5
-67.9244 -23.8147 144.229 4.2
-66.9783 -24.2423 180.997 4.5
-69.1563 -18.0408 147.543 4.6
-67.0713 -24.2639 175.98 4.4
-71.3207 -18.3616 31.918 4.3
-68.6763 -21.7953 125.131 4.5
-70.3227 -33.941 118.882 4.0
-71.5088 -41.9124 201.69 4.1
-66.1693 -22.4209 244.41 4.1
-67.397 -30.8253 16.533 4.3
-68.1396 -32.0386 117.588 4.3
-68.9238 -20.5228 103.603 4.0
-66.8967 -24.0277 227.692 4.4
-69.4928 -32.3852 117.651 4.3
-69.2548 -24.1843 99.994 5.1
-68.4812 -21.8687 125.394 4.4
-67.0856 -24.0494 190.61 4.3
-74.0244 -37.9524 11.335 4.7
-67.7416 -27.624 136.943 4.5
-71.8345 -30.7299 26.745 3.7
-67.1234 -24.2791 170.451 4.5
-69.3214 -17.5139 167.05 4.3
-66.8808 -24.2689 181.766 4.4
-68.479 -21.9443 106.413 5.0
-70.0498 -32.6095 121.6 3.9
-68.7227 -22.0675 110.368 4.2
-69.0969 -26.2002 129.191 4.3
-70.0972 -20.8097 50.266 4.4
-67.1622 -24.2858 191.953 4.3
-69.5567 -29.2229 125.454 4.4
-67.2704 -21.2547 181.654 4.4
-70.8806 -32.9127 79.307 4.4
-69.8252 -18.6825 120.567 4.3
-66.636 -21.3927 251.227 4.6
-71.8236 -32.5319 10.0 4.7
-70.082 -36.2968 175.026 4.1
-71.7837 -32.5215 9.739 4.4
-72.6697 -30.1177 10.0 4.2
-68.3591 -23.241 112.096 4.2
-69.5183 -28.0275 98.696 4.4
-69.4671 -23.6663 84.638 4.3
-66.4364 -27.9613 152.72 4.3
-68.6568 -22.0791 129.208 4.1
-71.5738 -29.7587 45.29 4.0
-68.7011 -22.5408 110.203 4.3
-71.6906 -28.6811 25.762 4.9
-73.2882 -35.3881 10.0 5.2
-68.525 -33.4002 10.0 4.4
-72.0777 -27.811 7.104 4.0
-66.6324 -21.4598 264.608 4.2
-67.5929 -24.9512 116.124 4.2
-66.3305 -23.0204 222.815 4.5
-66.7011 -19.6009 255.98 4.5
-69.666 -17.7442 142.589 4.5
-69.6568 -24.6062 87.89 4.3
-68.3443 -21.3768 106.573 5.2
-74.464 -37.4653 10.0 4.4
-67.1366 -24.2119 182.146 4.6
-65.0802 -17.1678 10.0 4.8
-68.8906 -20.839 106.109 5.0
-71.3283 -30.6408 56.931 4.1
-66.7646 -23.8457 191.121 4.4
-68.5215 -23.0303 137.939 4.2
-66.9632 -24.0465 231.881 4.4
-68.8933 -21.1413 112.27 4.3
-70.8341 -33.6893 75.977 4.3
-66.7763 -23.2069 218.994 4.4
-66.6146 -21.5475 232.646 4.4
-69.4057 -19.2746 126.55 4.2
-70.7027 -20.9735 26.107 4.4
-69.6507 -17.6604 144.3 4.5
-68.9746 -20.6607 104.692 4.2
-68.9445 -20.9146 98.778 4.5
-66.2854 -22.9985 238.44 4.5
-68.9993 -21.4461 101.655 5.0
-67.0822 -23.7159 236.39 4.0
-65.4968 -25.0078 10.0 4.6
-67.1753 -21.2797 188.151 4.2
-73.6656 -36.8699 15.571 4.4
-69.1393 -20.8481 108.384 4.1
-67.3152 -24.3507 184.631 4.2
-66.7489 -24.2637 193.704 4.3
-68.6805 -21.9237 109.384 4.5
-68.7891 -20.5963 114.049 4.8
-66.9543 -24.378 167.949 4.3
-68.3234 -22.5036 139.494 4.4
-66.6121 -22.926 197.959 4.5
-66.9552 -24.1324 182.32 4.4
-68.6315 -31.271 112.533 4.4
-72.6294 -39.5365 74.696 4.4
-67.5161 -21.242 186.367 4.3
-70.2008 -33.7875 109.48 4.7
-71.8146 -33.8725 33.868 4.4
-71.9108 -32.2567 47.499 4.2
-69.0708 -20.7326 114.35 4.3
-71.0798 -37.2628 140.068 4.2
-68.3168 -21.6424 122.488 4.1
-68.8776 -31.4804 112.313 4.6
-69.6959 -19.1673 111.663 4.0
-67.1036 -24.1406 222.281 4.0
-72.0838 -32.5046 28.983 4.2
-70.2662 -21.2781 35.634 4.5
-69.2103 -23.3265 89.728 4.4
-67.4266 -30.4076 11.047 4.1
-73.9926 -37.4149 29.179 4.3
-66.8975 -24.0905 196.344 4.5
-70.7409 -18.558 56.45 4.2
-67.113 -24.3416 171.8 4.5
-69.6805 -21.3477 66.286 4.2
-68.4412 -21.6423 146.511 4.3
-71.3917 -18.3194 30.077 4.1
-70.7752 -22.2956 15.579 3.8
-71.5362 -32.5235 35.0 4.5
-66.9209 -24.0332 210.272 4.1
-69.0269 -20.9556 116.321 4.1
-70.4444 -20.8432 35.0 4.0
-72.2723 -30.1186 11.661 4.1
-68.4288 -21.4594 131.444 4.4
-70.2795 -33.0479 108.823 4.2
-69.0932 -20.3943 114.136 4.2
-68.9366 -21.7787 118.87 4.2
-68.4199 -31.8869 106.535 4.3
-66.773 -28.1321 183.02 4.0
-69.8944 -21.249 56.894 4.5
-71.7547 -18.2128 32.258 4.3
-69.5408 -18.2283 10.0 4.3
-68.4861 -17.2602 203.694 5.0
-72.0549 -29.6293 13.588 4.6
-69.9929 -21.2615 46.45 4.3
-68.8299 -31.6251 112.996 4.3
-66.7495 -23.5186 203.122 4.5
-67.3335 -24.0978 167.457 4.5
-69.0268 -31.6295 111.058 4.2
-68.4179 -21.0595 144.938 3.6
-70.9507 -23.0671 20.592 4.5
-66.1968 -22.5687 272.087 4.1
-68.8896 -22.5609 116.299 4.2
-69.5077 -24.4489 73.252 4.8
-72.9395 -36.9529 35.977 5.2
-73.5821 -36.0525 10.911 4.9
-71.1318 -19.8282 13.733 4.5
-68.5895 -21.6453 139.531 4.2
-67.1478 -21.3082 194.487 4.6
-68.6709 -22.4806 112.581 4.1
-71.4045 -31.0444 62.09 4.5
-71.1518 -23.812 10.0 4.3
-68.9704 -21.0951 115.921 4.5
-68.5614 -21.5458 136.487 4.1
-68.244 -24.8759 95.006 4.5
-66.3105 -22.5557 256.042 4.4
-74.0387 -41.7193 25.923 3.9
-69.1885 -17.7304 156.95 4.3
-69.5779 -24.4554 78.936 4.7
-67.1476 -31.7001 128.935 4.7
-67.2903 -22.1183 174.681 4.8
-68.0426 -23.5957 128.724 4.9
-69.572 -35.3596 186.07 4.4
-66.9956 -23.9978 219.019 4.3
-70.1006 -19.4577 79.08 5.0
-71.8222 -30.0364 27.582 4.1
-66.1633 -18.3632 10.0 4.1
-68.6372 -21.1588 143.52 4.3
-70.4353 -28.9504 104.057 4.5
-67.1116 -24.2484 167.874 4.3
-70.4007 -22.2059 25.585 3.9
-67.2587 -24.3352 186.452 4.7
-72.5527 -33.7307 10.0 4.2
-71.7852 -30.0237 40.187 4.2
-71.0677 -25.8185 11.081 3.9
-69.0262 -20.8538 117.033 4.5
-70.8429 -31.2012 99.927 4.0
-69.7213 -27.3734 116.591 4.1
-69.3184 -20.7171 90.446 4.1
-69.2107 -20.3634 119.546 4.3
-66.6929 -20.7394 238.184 4.2
-66.9854 -24.1276 194.706 4.2
-67.3916 -24.195 199.261 4.0
-74.2313 -51.7362 9.203 4.4
-71.0479 -19.7072 8.933 4.6
-71.0624 -19.7291 25.326 4.4
-71.0371 -19.7551 21.908 4.3
-71.0452 -19.7616 23.536 4.3
-71.2587 -19.7124 20.044 5.0
-71.0084 -19.72 19.859 4.8
-69.3029 -18.5627 108.901 5.3
-69.285 -27.0488 122.462 4.1
-72.5373 -33.8366 13.89 5.1
-69.952 -18.2245 136.058 3.8
-71.4902 -31.5035 49.356 4.2
-69.1363 -20.921 111.05 4.5
-72.6101 -29.2196 10.0 4.6
-66.9866 -24.1677 177.41 4.4
-68.7624 -22.4356 127.451 4.6
-72.9866 -33.2365 13.662 4.5
-69.3113 -20.1781 110.074 4.3
-68.9877 -23.8484 92.951 4.5
-68.422 -21.6317 125.043 4.4
-70.8907 -34.1298 83.353 4.0
-71.2831 -29.2346 49.371 4.6
-68.9677 -20.9188 118.841 4.5
-68.9172 -20.5655 105.863 4.3
-71.907 -31.7366 35.0 4.2
-69.8318 -20.8601 47.292 4.6
-68.5518 -21.5802 132.607 4.2
-68.7652 -21.1862 115.038 4.4
-67.2705 -24.4298 193.322 4.4
-68.6709 -22.5238 122.496 4.0
-70.3886 -22.3351 33.483 4.3
-68.2091 -22.8343 134.579 4.1
-69.3879 -19.1941 107.862 4.6
-71.5176 -26.5986 10.0 4.1
-68.9263 -21.1123 113.576 4.5
-71.755 -30.0072 32.995 4.4
-69.0329 -20.4639 95.911 3.9
-71.3857 -30.2854 44.09 4.0
-66.7859 -19.5871 259.385 4.4
-68.0945 -22.5225 157.763 4.4
-71.6322 -30.3449 35.918 4.2
-66.8363 -31.4518 130.957 4.2
-71.7132 -31.5934 36.871 3.6
-71.6559 -30.3815 38.051 4.4
-67.3673 -20.9284 184.866 4.1
-68.454 -21.0349 145.819 4.2
-71.5328 -30.3494 41.668 4.4
-68.4961 -22.3019 130.233 4.3
-66.7763 -28.0527 152.267 4.7
-69.1994 -21.9912 86.263 4.6
-68.9596 -21.0672 115.539 4.2
-67.1576 -24.3709 156.088 4.4
-71.3776 -28.0528 23.085 4.0
-69.4727 -17.3262 166.923 4.2
-66.6481 -23.9438 208.861 4.4
-70.9974 -34.9973 104.332 4.4
-67.3986 -19.2378 227.5 4.1
-68.6058 -22.1972 110.096 4.8
-70.6527 -21.4541 24.661 4.4
-67.0893 -22.8609 233.33 4.3
-67.1641 -24.1821 196.547 4.5
-70.2963 -22.9864 57.365 4.5
-66.7135 -23.4093 205.982 4.3
-66.6268 -23.501 203.79 4.4
-69.4988 -25.6442 85.212 4.4
-69.5393 -17.4285 160.133 4.6
-67.0696 -24.1621 191.205 4.1
-71.7442 -29.7832 28.814 4.5
-65.0585 -31.3974 10.0 4.3
-69.3506 -18.8602 118.432 4.1
-72.7276 -34.889 18.152 4.0
-68.7274 -28.4763 90.456 4.1
-72.2928 -28.4772 10.0 4.4
-70.1281 -17.5342 133.032 4.1
-68.6531 -22.2073 114.566 4.4
-71.3301 -28.8667 30.192 3.8
-66.9807 -24.3316 199.969 4.0
-67.0701 -24.1459 180.498 4.2
-70.6135 -32.7329 88.467 4.3
-71.0225 -19.6782 6.452 4.8
-71.8496 -29.166 9.519 5.0
-68.4059 -21.7165 122.085 4.4
-67.1028 -24.2525 202.884 4.3
-71.4208 -28.8913 28.0 5.8
-71.3415 -27.5247 14.525 4.6
-66.777 -27.8806 153.53 4.4
-71.4353 -18.3843 25.723 4.0
-67.9975 -23.8145 143.718 4.3
-71.2847 -28.2449 33.936 5.4
-66.9086 -24.066 215.146 4.3
-73.4949 -18.0931 19.533 5.0
-69.1569 -19.7834 102.574 4.1
-69.7264 -31.7855 141.946 4.1
-72.4175 -38.1762 64.099 3.7
-67.4817 -22.4544 10.0 4.6
-68.8712 -20.4357 120.427 4.5
-69.301 -17.8444 144.564 4.3
-67.7508 -23.0415 165.064 4.3
-69.6054 -19.3635 113.096 4.8
-68.417 -21.5641 150.442 4.2
-65.7846 -21.209 283.094 4.6
-72.4592 -17.5517 35.0 4.2
-70.6118 -32.7449 93.864 4.8
-66.6451 -21.4295 223.004 4.7
-69.7215 -18.2566 122.868 4.6
-66.4105 -23.0039 228.041 4.5
-70.4645 -20.9376 61.666 4.6
-67.658 -21.2467 227.965 4.1
-69.2746 -31.4819 111.732 4.3
-66.5064 -27.8601 161.545 4.5
-68.0994 -22.8753 147.783 4.1
-69.159 -22.6246 119.309 4.1
-66.817 -23.9956 204.336 4.2
-72.4597 -39.5464 87.794 4.4
-68.1767 -20.0981 176.68 4.1
-68.7329 -22.0823 118.139 4.2
-67.6098 -28.475 115.762 4.5
-69.4399 -19.8194 88.056 4.0
-68.6452 -21.7931 125.409 4.4
-69.0156 -21.1432 114.919 4.2
-71.5506 -32.9763 50.351 4.6
-68.443 -21.807 121.034 5.0
-67.1456 -24.1328 177.048 4.7
-65.2602 -26.5817 10.0 4.5
-68.7552 -22.2009 115.752 4.3
-66.8024 -24.0925 196.212 4.3
-68.6463 -22.1872 113.11 5.3
-70.4929 -34.4809 121.727 4.6
-72.1573 -30.1633 10.375 4.6
-67.4054 -28.8236 122.91 4.4
-72.3177 -30.176 10.0 4.5
-72.1731 -30.1991 10.0 5.4
-69.4419 -20.6759 77.356 4.5
-66.1032 -22.6399 263.042 4.3
-72.4307 -33.9015 15.791 4.5
-72.4773 -33.8821 10.0 4.7
-71.7694 -41.7705 164.438 4.4
-66.6516 -23.349 202.477 5.3
-66.807 -23.5528 214.863 4.2
-71.4127 -28.6615 32.912 4.4
-66.9492 -23.66 206.437 4.4
-67.7423 -24.7895 114.76 5.1
-66.8881 -23.9312 229.34 4.3
-69.0696 -20.7853 109.343 4.4
-66.7706 -21.4208 212.776 4.4
-71.3848 -36.0936 118.838 4.2
-68.9289 -23.3186 91.604 4.2
-68.3176 -24.9312 97.204 4.7
-69.1916 -26.135 111.459 4.4
-66.4801 -22.9964 220.255 4.5
-68.1246 -22.8576 99.92 5.0
-67.0862 -24.3273 202.58 4.2
-68.4615 -21.1059 122.296 5.1
-70.3862 -22.1924 51.234 4.3
-66.8197 -23.402 215.291 4.5
-70.0493 -32.6204 112.325 4.5
-66.2606 -22.6116 255.354 4.3
-71.7116 -34.7776 53.11 4.3
-67.2296 -21.8843 175.245 5.4
-66.0064 -22.5631 254.102 4.7
-68.6105 -21.8181 135.568 4.4
-68.3288 -21.49 116.266 4.3
-66.2306 -22.7899 249.795 4.4
-66.8338 -24.0864 203.026 4.4
-69.1267 -18.2465 142.52 5.3
-67.0955 -24.3126 171.174 4.6
-66.0504 -22.7149 272.915 4.1
-73.6087 -36.8638 23.237 4.5
-66.985 -24.2518 173.515 4.1
-68.877 -21.2223 128.885 4.3
-68.8772 -21.4626 114.237 4.5
-68.8167 -28.4508 117.0 5.5
-69.4112 -18.9782 122.106 4.5
-66.6178 -23.3669 188.635 5.0
-66.7435 -24.0309 188.353 4.6
-69.3397 -27.6184 113.199 4.3
-67.3309 -24.2794 208.301 4.2
-68.6888 -21.2187 117.22 4.4
-70.5175 -25.3436 35.0 4.3
-70.4195 -24.5182 38.072 4.0
-69.8088 -17.6122 156.289 4.3
-66.286 -31.5291 132.833 4.3
-69.2564 -20.1824 100.609 4.3
-67.2379 -24.1743 196.246 4.2
-67.3349 -24.2522 198.296 4.3
-75.8496 -52.5241 10.0 4.3
-67.6488 -22.3696 173.267 4.2
-69.8989 -20.4696 86.524 4.0
-68.479 -21.185 135.158 4.3
-67.0556 -24.2036 210.942 4.4
-70.9694 -26.3057 35.0 4.0
-74.0015 -38.112 13.581 4.1
-74.0037 -38.0729 13.001 4.4
-73.9701 -38.0947 10.0 4.3
-74.0333 -38.0891 10.0 4.3
-73.9764 -38.1075 10.0 5.1
-74.2171 -38.0828 20.274 4.4
-73.8923 -38.0746 16.0 5.8
-71.4881 -28.378 28.33 4.6
-66.7922 -24.1659 196.834 4.2
-66.255 -22.8368 245.19 4.2
-66.7385 -24.0971 188.569 4.1
-71.3788 -30.7428 49.783 4.2
-70.1585 -21.8997 61.708 5.6
-66.718 -20.9444 220.203 4.3
-68.8837 -20.8639 116.007 4.1
-68.8221 -20.2662 104.064 4.2
-68.621 -21.4324 113.044 4.6
-66.6992 -24.0352 206.192 4.2
-69.2172 -20.4413 102.148 4.3
-69.6183 -19.0006 105.844 4.1
-66.9934 -19.1741 245.829 4.2
-67.7855 -22.568 158.972 4.7
-69.2881 -19.525 104.835 4.1
-67.2536 -24.3373 180.73 4.4
-74.0507 -37.1166 10.58 4.6
-67.0946 -24.1721 195.795 4.4
-67.0924 -24.3273 170.476 4.3
-66.8093 -24.0695 189.669 5.2
-66.2007 -21.7656 247.478 4.2
-71.16 -27.7315 28.611 4.2
-66.8452 -24.2295 199.341 4.3
-67.8716 -29.3269 114.83 4.3
-66.9938 -24.176 177.247 4.4
-66.7812 -24.0849 191.769 5.5
-66.861 -24.1095 221.084 4.3
-71.2872 -28.8013 45.292 4.4
-68.1134 -23.2722 130.463 4.4
-69.6888 -17.6334 152.05 4.5
-67.3053 -24.3805 195.605 4.5
-71.033 -37.29 160.731 4.2
-69.9668 -32.494 112.751 4.5
-70.8523 -25.495 35.0 4.3
-67.2875 -23.9769 233.05 4.1
-75.913 -45.7881 5.398 4.6
-75.8158 -45.7602 10.515 5.2
-68.2617 -23.0294 134.862 4.7
-67.2411 -19.2682 226.866 4.5
-71.7848 -17.1942 100.612 4.0
-68.9894 -25.3 112.927 4.5
-66.7044 -24.0804 193.708 4.6
-69.4404 -18.8495 116.94 4.4
-66.9245 -24.2844 181.619 4.4
-66.7327 -27.8454 159.452 4.4
-67.2906 -24.3426 185.556 4.2
-68.6805 -31.3757 116.197 4.2
-73.4465 -28.9207 10.0 4.4
-67.2223 -24.258 208.446 4.4
-69.9741 -17.5151 135.454 4.4
-69.251 -24.4803 76.932 4.2
-67.102 -31.7813 126.316 4.3
-66.0717 -22.5982 258.936 4.3
-68.8046 -21.7533 102.912 4.2
-69.0689 -19.9918 106.78 4.2
-66.6284 -23.9643 192.362 4.5
-70.4173 -24.5114 41.075 4.9
-69.1694 -19.2172 112.0 5.8
-68.5292 -33.746 11.093 4.2
-69.1087 -19.7642 118.249 5.0
-66.6252 -21.4045 226.42 4.1
-67.848 -21.4144 151.619 4.7
-68.7951 -21.2515 115.909 4.5
-71.4947 -32.1573 45.874 4.6
-69.0348 -25.0341 117.09 4.4
-69.0276 -21.3366 120.804 4.2
-70.003 -24.5424 59.186 4.9
-71.657 -30.9696 67.617 4.2
-67.0556 -24.3315 177.651 4.6
-71.5473 -28.3867 22.299 3.7
-71.4392 -28.422 24.67 4.5
-66.3445 -22.6873 250.69 4.1
-67.0408 -23.983 169.393 4.7
-71.5434 -28.3495 22.195 3.9
-71.4571 -28.3531 25.796 4.2
-68.8354 -21.4428 96.353 4.5
-68.7617 -21.2754 126.828 4.1
-69.7167 -18.2229 114.517 4.5
-72.1951 -31.6902 10.0 4.4
-66.1667 -22.7343 248.031 4.3
-71.4984 -35.7962 91.493 4.3
-68.4252 -21.9263 105.437 5.2
-67.2941 -24.154 201.135 4.4
-69.729 -21.2392 49.342 4.1
-65.4154 -30.8029 192.033 4.1
-67.2096 -21.2894 197.681 4.3
-67.0299 -24.357 163.957 4.4
-68.9886 -22.8815 106.556 4.6
-67.1942 -24.1343 199.792 4.3
-67.1992 -24.2649 160.935 4.2
-71.2404 -30.2073 70.239 4.6
-67.2771 -19.0151 234.584 4.4
-71.4165 -30.7793 49.857 4.9
-72.1485 -31.7061 10.28 4.4
-70.1686 -32.2268 115.828 4.7
-67.0131 -24.2489 185.593 4.2
-69.1199 -31.6823 114.739 4.8
-69.2943 -20.0614 118.006 4.5
-68.4519 -21.0748 135.214 4.5
-69.177 -20.3139 101.222 4.3
-71.9394 -35.011 46.436 4.3
-69.1374 -23.1387 106.885 4.2
-67.0827 -24.4088 178.927 4.3
-68.687 -21.1444 115.611 4.5
-68.3736 -21.7461 112.776 4.7
-68.6679 -21.9416 132.326 4.1
-70.2977 -24.1567 35.0 4.3
-68.8542 -22.7972 102.98 4.2
-69.4018 -30.1961 117.991 4.5
-66.792 -23.946 217.226 4.2
-71.876 -31.6119 30.96 4.2
-70.7351 -23.4589 30.656 4.4
-71.6535 -34.9013 50.95 4.2
-66.8192 -24.1896 190.019 4.4
-68.7116 -21.9602 113.784 4.7
-68.2745 -23.3025 96.425 4.4
-66.7777 -21.4558 234.284 4.3
-71.6043 -34.9559 54.239 4.4
-67.074 -24.151 195.223 4.2
-66.9419 -19.5428 256.874 4.4
-69.8464 -28.6754 105.807 4.4
-71.593 -28.7082 42.348 4.7
-70.7533 -18.4406 69.715 4.4
-68.7362 -21.8592 141.343 4.4
-67.1692 -24.3434 176.224 4.3
-69.7055 -23.5001 65.932 4.3
-68.0993 -23.0784 124.646 4.6
-68.7576 -22.072 102.879 4.4
-69.1596 -20.7805 112.732 4.3
-68.9449 -21.1109 112.231 4.6
-67.8738 -23.1664 167.738 4.2
-73.2752 -49.9916 10.0 4.2
-71.9579 -33.0743 30.868 5.1
-67.0952 -24.3501 182.296 4.4
-68.6848 -33.4731 49.912 3.8
-72.0053 -29.9953 30.474 4.6
-74.5845 -45.6661 27.0 4.2
-71.2666 -27.8512 21.044 4.3
-71.7453 -32.5487 49.692 4.0
-71.0027 -24.9839 23.255 4.3
-66.6168 -24.047 210.883 4.3
-71.305 -27.8809 24.723 4.0
-66.9757 -24.0105 225.164 4.1
-67.0259 -24.0624 215.598 4.3
-71.5573 -28.7431 34.0 6.6
-66.9592 -24.0405 221.903 4.4
-73.9952 -51.2482 9.675 4.3
-70.1898 -32.8119 116.803 4.4
-67.2706 -28.065 130.857 4.5
-66.3704 -22.7797 223.225 4.4
-68.947 -21.1476 109.333 4.1
-71.3358 -30.0093 70.548 4.3
-68.6808 -21.1985 120.453 3.9
-69.7922 -21.9073 70.583 4.4
-68.9367 -20.0752 108.502 4.8
-66.9956 -24.1891 175.678 4.5
-67.7221 -24.5799 126.283 4.5
-73.8714 -34.7734 10.0 4.6
-68.6761 -21.7967 133.563 4.4
-70.3084 -28.6971 100.051 4.2
-70.2597 -28.7053 101.15 5.4
-69.7701 -31.6814 130.517 4.3
-67.3041 -24.2136 202.579 4.2
-66.8264 -23.6253 226.724 4.3
-67.3895 -23.9914 219.578 4.0
-66.8343 -27.8851 154.716 4.0
-67.5908 -22.307 164.152 4.0
-69.2691 -20.219 98.86 4.1
-68.6445 -31.2653 107.013 4.5
-70.1639 -32.1742 110.115 4.3
-66.1162 -22.5131 259.453 4.3
-69.3131 -22.9101 85.01 4.3
-67.2082 -28.7412 135.295 4.2
-69.3991 -19.2047 106.894 4.2
-68.5212 -22.812 120.895 4.3
-72.8578 -36.9246 38.234 4.2
-68.5199 -22.4891 133.073 4.4
-68.217 -17.9029 208.326 4.5
-67.3518 -22.11 178.024 4.6
-71.8418 -30.2082 47.486 4.5
-67.1852 -24.3044 166.629 4.3
-69.2643 -31.4791 119.86 4.3
-71.4879 -28.1083 42.718 4.5
-68.9087 -20.4149 111.674 4.5
-68.4951 -29.4204 107.813 4.2
-66.2733 -27.4256 10.0 4.6
-68.096 -24.192 113.222 4.3
-67.2406 -21.7859 177.339 4.2
-66.9402 -23.6019 229.531 4.4
-66.9054 -24.221 186.696 4.3
-72.0939 -30.313 8.362 4.2
-68.6281 -21.8343 136.061 4.3
-69.9225 -36.0983 172.653 4.6
-68.2581 -29.3498 35.013 4.3
-67.0178 -24.5208 172.59 5.0
-69.8694 -27.3648 98.693 4.2
-66.6342 -23.0788 216.927 4.6
-69.3127 -23.3565 85.836 4.3
-68.7679 -19.5909 127.777 4.4
-70.3104 -20.8012 68.344 4.1
-69.0806 -20.0475 105.125 4.0
-69.1494 -25.3031 122.542 4.2
-72.2819 -39.4706 80.572 4.5
-69.1658 -20.039 97.95 4.3
-69.3784 -19.2037 108.327 4.8
-66.8857 -24.1667 182.484 4.3
-71.0045 -20.0106 17.0 4.1
-66.2547 -22.9147 253.0 6.0
-66.7802 -23.3958 207.232 4.4
-66.8695 -23.6798 216.207 4.2
-66.8285 -23.9296 203.712 4.5
-68.6403 -21.9424 98.856 4.1
-66.3249 -22.9548 235.08 4.5
-68.899 -31.3915 113.768 4.2
-73.5901 -34.7569 10.0 4.4
-71.2707 -35.5145 99.841 4.4
-71.3053 -28.5997 41.09 4.3
-66.9317 -24.1954 184.258 4.3
-69.5051 -21.2095 70.76 4.8
-71.8498 -34.7145 44.456 4.3
-68.5637 -21.6197 139.197 4.4
-71.7704 -21.4215 10.0 4.5
-68.3368 -25.3741 133.276 4.3
-74.0903 -43.5792 31.129 4.3
-71.511 -27.8449 10.0 4.6
-68.7105 -20.2301 119.935 4.3
-67.139 -24.2995 174.465 4.2
-67.6539 -22.6638 164.81 4.3
-71.3715 -18.504 35.0 4.2
-71.4817 -27.823 18.056 4.4
-66.9357 -23.7001 203.057 4.3
-66.2725 -22.7032 258.29 4.0
-66.8667 -23.9948 198.627 4.3
-73.3689 -35.7801 18.095 4.5
-68.4759 -21.8635 122.196 4.5
-71.2605 -28.6294 41.134 4.0
-66.7814 -24.0129 198.038 4.4
-67.9427 -20.6116 170.99 4.4
-71.9641 -32.1762 19.532 4.2
-72.5135 -33.7076 7.418 4.3
-66.9736 -24.1541 176.152 4.4
-66.9859 -23.9944 232.437 4.4
-71.4828 -27.7201 14.446 4.1
-68.5404 -21.2897 106.712 4.2
-68.8019 -21.0607 104.904 4.3
-71.9956 -31.718 19.359 4.4
-70.0969 -23.786 60.976 4.3
-66.5898 -21.4801 234.7 4.0
-71.8815 -31.7404 31.182 4.0
-71.5695 -27.3691 10.0 4.2
-71.1173 -27.5599 53.63 4.4
-69.0398 -20.2432 94.592 4.7
-71.4711 -28.745 26.413 4.1
-71.102 -35.2778 100.121 4.3
-67.0843 -24.0406 227.478 4.1
-67.4662 -27.5768 130.364 4.3
-68.7681 -21.1479 125.53 4.3
-71.8904 -32.1361 34.916 4.0
-69.9605 -18.6516 83.998 4.2
-69.3112 -19.8032 104.887 4.4
-67.0968 -24.3306 164.115 4.4
-67.2976 -19.169 210.356 4.4
-68.6524 -22.2624 121.996 4.4
-70.3869 -28.1915 79.849 4.3
-68.758 -21.1241 110.934 4.2
-67.1908 -21.8198 194.545 4.4
-66.7212 -23.2125 196.047 4.4
-71.3227 -27.282 13.437 4.1
-67.4079 -24.2473 161.848 4.2
-70.1701 -24.9682 65.524 4.4
-67.1005 -24.3449 156.987 4.3
-69.2946 -20.0745 92.877 4.1
-67.2109 -20.8229 199.116 4.3
-71.2001 -28.2625 46.612 4.1
-71.2613 -29.4341 47.896 5.1
-71.4107 -27.036 10.0 4.1
-75.333 -37.6948 10.0 4.8
-67.1068 -24.3443 166.427 4.4
-69.5384 -17.468 172.51 4.3
-67.745 -21.3453 228.258 4.2
-71.5671 -27.3052 8.0 5.7
-70.7156 -17.4203 127.651 4.4
-69.0017 -20.8089 111.681 4.4
-71.1634 -27.1964 19.792 4.4
-68.5398 -21.8934 123.646 4.3
-69.7741 -19.9426 66.234 3.7
-66.7502 -23.9514 196.847 4.3
-71.1339 -27.2149 18.251 4.5
-66.4345 -22.9324 260.392 4.2
-66.7531 -24.1383 188.958 4.0
-68.2694 -21.7376 115.275 4.4
-68.5181 -20.6565 110.914 5.3
-65.2726 -20.8081 330.071 4.1
-71.1762 -27.1693 21.043 5.5
-68.0901 -29.3055 100.4 4.3
-71.8055 -32.1136 35.0 4.0
-71.7525 -32.1213 35.0 4.4
-68.7576 -31.3096 111.972 4.6
-68.4114 -21.5556 131.424 4.2
-66.5837 -27.9471 161.384 4.6
-71.2787 -30.0386 60.423 4.4
-68.156 -21.4094 109.635 4.2
-71.3086 -33.9453 48.728 4.0
-69.5552 -21.1673 86.355 3.9
-69.9801 -32.3781 114.658 4.2
-69.0198 -38.5891 10.0 4.0
-67.9705 -18.7224 184.872 4.4
-71.4909 -30.3005 47.335 4.3
-69.3804 -24.0546 73.609 4.3
-68.5083 -28.7257 99.146 4.7
-70.2046 -21.2332 39.541 4.3
-71.4817 -30.2737 36.0 6.3
-71.2832 -27.1595 14.888 3.9
-71.1131 -27.1174 35.0 4.3
-69.1104 -20.2798 109.635 4.3
-69.0445 -24.8439 92.064 4.0
-70.2342 -20.0922 40.988 3.9
-71.1255 -27.2588 29.145 4.4
-71.2366 -27.2539 15.752 4.0
-66.9459 -24.1252 181.216 4.1
-71.1795 -27.1749 27.818 4.4
-71.4949 -31.7864 45.606 4.2
-69.6682 -29.0812 107.001 4.3
-66.8224 -24.0738 191.556 4.4
-66.7447 -21.5112 211.532 4.4
-66.9573 -24.1685 191.141 4.5
-70.39 -32.745 99.238 4.6
-67.2244 -22.0008 185.598 4.2
-69.1354 -22.4342 88.47 4.2
-71.3597 -29.4569 40.417 4.6
-71.3456 -29.446 43.104 5.3
-72.5524 -36.3316 51.688 4.6
-71.8257 -32.7497 46.77 4.3
-70.1077 -17.155 137.322 4.3
-73.2189 -43.8022 77.393 5.0
-73.9596 -41.6027 35.0 4.3
-70.9874 -25.9181 63.029 4.4
-71.4391 -18.3264 32.395 4.4
-71.5055 -18.309 35.0 4.9
-69.4257 -20.6807 103.865 4.0
-68.846 -20.4123 128.354 4.2
-68.7354 -20.4657 110.979 4.3
-73.3334 -33.9823 10.0 4.7
-70.8327 -33.5555 76.988 4.1
-66.9448 -27.972 163.363 4.2
-66.8181 -23.2173 220.961 4.2
-66.8592 -24.1246 194.14 4.3
-68.1929 -21.6219 167.805 4.2
-69.1166 -20.4159 85.029 5.2
-68.4979 -21.5455 103.448 4.7
-67.0567 -24.269 177.079 4.1
-70.6648 -38.9552 189.326 4.1
-71.4456 -28.7894 38.501 4.1
-66.2238 -22.8891 245.284 4.3
-67.3168 -24.3382 189.893 4.3
-69.3192 -19.5234 108.571 4.0
-67.2602 -24.2212 187.694 4.4
-69.1798 -20.1849 98.696 4.5
-70.3791 -33.2444 101.698 4.4
-69.8756 -35.8087 169.043 4.5
-70.5177 -22.0446 28.0 4.5
-67.97 -22.5406 150.334 4.1
-68.9001 -20.4855 105.876 4.1
-67.1032 -23.7076 186.854 4.4
-67.0856 -24.0787 167.498 4.0
-71.4309 -30.1611 53.318 4.2
-69.4831 -19.8954 111.851 4.0
-69.485 -17.3403 166.491 4.1
-68.8806 -17.254 182.306 4.8
-68.3248 -31.2079 98.819 4.3
-66.8101 -22.7806 198.904 4.5
-72.1897 -30.1685 11.094 3.9
-69.0781 -20.1725 100.471 4.5
-69.4419 -31.5226 116.041 4.4
-65.8611 -21.9772 255.221 4.9
-71.4044 -33.2681 52.722 4.3
-71.7363 -33.5366 30.266 4.1
-69.3993 -19.3346 105.537 4.1
-66.6194 -23.1445 202.947 4.0
-66.6829 -19.5521 256.618 4.3
-69.6902 -23.4306 64.869 4.7
-69.0472 -19.5528 100.778 5.1
-67.1886 -24.2947 174.623 4.4
-73.9474 -41.7041 48.767 4.6
-67.3865 -32.7849 166.72 4.7
-68.6632 -29.3762 108.939 4.5
-68.6285 -22.1933 126.999 4.1
-71.7293 -31.631 33.595 4.0
-69.9569 -22.0978 73.184 4.1
-68.6843 -21.997 132.118 4.3
-69.0353 -22.3324 128.383 4.2
-67.142 -18.968 238.648 4.5
-71.5102 -18.7552 35.0 4.1
-71.2514 -18.7657 26.571 4.3
-66.8615 -23.3091 249.82 4.2
-68.7171 -22.1793 114.963 4.5
-67.4303 -24.2746 186.266 4.3
-75.6891 -48.5334 10.0 4.1
-68.4206 -22.8534 130.917 4.1
-71.7381 -34.909 56.067 4.4
-73.0799 -37.385 45.77 4.8
-70.9902 -26.8267 18.504 4.6
-68.0048 -21.486 134.491 4.3
-68.5827 -21.9483 123.882 4.0
-70.7967 -27.2177 38.896 4.1
-70.8369 -17.5762 10.839 4.6
-71.448 -35.6278 93.688 4.6
-69.264 -31.9254 113.544 4.3
-67.4371 -28.167 135.17 4.4
-70.4104 -34.0649 1.35 4.3
-66.945 -24.2647 177.837 4.4
-72.7639 -31.9318 10.0 3.9
-74.485 -36.1244 10.0 4.1
-68.7709 -21.2793 114.922 4.3
-70.873 -32.4416 89.394 4.3
-71.6582 -30.5414 34.592 4.5
-68.7955 -20.8526 120.028 4.1
-67.2997 -22.2665 170.525 4.3
-67.4195 -22.0728 182.284 4.3
-69.3255 -29.1567 106.077 4.3
-66.8522 -20.3251 224.268 4.5
-72.212 -32.8676 21.93 4.0
-68.8911 -20.6056 110.191 4.2
-69.4197 -17.8897 146.168 4.1
-69.778 -18.9785 95.549 4.4
-70.4427 -38.1862 186.0 6.6
-66.5903 -22.9237 216.913 4.3
-70.3213 -33.2128 104.279 4.1
-72.557 -17.4244 35.0 4.4
-71.0964 -33.676 69.741 4.3
-66.6699 -23.7848 199.249 4.4
-66.8877 -19.967 239.57 4.4
-68.051 -31.7412 12.693 4.4
-67.2816 -22.448 176.187 4.4
-71.8817 -34.8908 43.946 4.1
-68.1444 -29.5632 21.682 4.1
-74.2089 -42.8156 28.972 4.4
-68.7781 -21.9543 110.62 4.1
-67.093 -24.309 190.888 4.3
-66.816 -24.0929 192.81 4.4
-73.7902 -38.1573 19.551 4.5
-67.2588 -24.2535 190.483 4.2
-67.2908 -24.1784 199.41 4.2
-72.0885 -33.1192 26.017 4.3
-71.5453 -32.6889 31.176 4.2
-67.3497 -19.3273 231.786 4.2
-71.2956 -30.203 49.795 4.3
-70.3351 -33.2105 99.0 5.7
-71.6732 -32.0641 61.963 4.3
-71.9403 -32.7708 24.153 4.5
-67.359 -24.2276 193.345 4.3
-68.5422 -21.4924 106.823 4.4
-68.7799 -32.6612 55.469 4.6
-67.7929 -23.8192 135.0 5.8
-68.2805 -21.3365 133.561 4.0
-67.2191 -24.1307 184.449 4.4
-69.4697 -23.4231 78.372 4.2
-71.7327 -30.5598 34.417 4.1
-71.4503 -23.9987 15.735 4.5
-68.8596 -24.3285 103.648 4.4
-68.8392 -21.9763 109.822 4.2
-68.9181 -21.109 114.536 4.2
-69.5537 -18.0206 147.563 4.4
-67.0029 -24.2294 172.745 4.5
-66.6738 -23.8742 206.132 4.2
-67.055 -24.2121 173.135 4.5
-68.7634 -31.7581 32.179 4.7
-73.3627 -35.7074 10.0 4.2
-73.4381 -35.7313 24.546 4.1
-66.8183 -24.1774 197.167 4.4
-71.2607 -30.1306 65.536 4.6
-66.7531 -24.177 193.353 4.1
-66.8171 -20.1039 244.425 4.7
-67.0184 -27.2384 147.034 4.2
-66.8811 -24.0184 224.813 4.2
-66.9861 -24.2342 188.608 3.9
-68.4722 -21.6032 136.652 4.3
-71.6337 -18.1344 25.347 4.4
-68.4688 -21.6024 133.666 4.8
-68.9453 -20.8808 102.541 4.3
-69.136 -19.8814 114.463 4.0
-66.4745 -23.0901 217.805 4.5
-69.3831 -19.4291 102.236 4.3
-69.63 -24.9065 87.962 4.0
-67.1889 -24.2398 171.141 4.1
-66.6697 -27.9992 185.41 4.3
-69.0317 -20.4376 107.994 4.4
-67.7945 -22.3167 179.433 4.6
-67.7941 -23.5304 141.65 4.2
-73.6573 -35.8022 17.943 4.2
-68.7492 -22.6306 112.469 4.8
-72.0873 -29.8715 10.0 4.2
-70.167 -24.2364 60.686 4.2
-66.3098 -23.1548 222.105 4.5
-70.5666 -20.5142 35.0 3.5
-70.9831 -34.8682 105.16 4.8
-66.7374 -23.128 225.449 4.2
-70.6888 -20.6453 31.267 4.2
-67.1137 -24.1627 178.856 4.7
-72.1963 -30.403 15.036 4.4
-71.882 -34.5251 41.754 5.4
-73.5752 -35.732 23.434 4.2
-73.5038 -35.7661 23.708 4.3
-73.6164 -35.7387 23.393 4.2
-68.8215 -22.2827 128.109 4.2
-66.5792 -28.0144 162.732 4.5
-67.8824 -18.9474 10.0 4.8
-67.3876 -24.2021 199.647 4.3
-69.2075 -19.9627 99.025 3.9
-68.7801 -22.0191 105.622 4.6
-67.1423 -24.2097 224.945 4.2
-68.9062 -21.1386 110.113 4.4
-69.557 -21.5935 14.685 4.2
-71.5625 -30.7131 47.038 4.4
-67.0604 -24.1683 201.981 3.9
-66.9529 -24.1175 189.009 4.3
-69.5552 -23.485 77.047 4.3
-67.0345 -23.6269 219.244 4.3
-67.1878 -21.307 203.822 4.5
-66.9578 -27.8561 160.08 4.5
-73.6095 -35.8278 10.0 4.4
-71.8048 -32.4979 27.334 4.0
-71.1016 -17.224 95.748 4.2
-68.5661 -23.2551 120.887 4.3
-69.8923 -21.3184 54.307 4.5
-66.7841 -23.2711 216.222 4.4
-70.0735 -21.443 78.523 4.3
-70.33 -18.2066 86.488 4.0
-67.1516 -24.1118 198.544 4.1
-68.8976 -20.6858 109.488 4.1
-69.2624 -20.475 114.909 4.4
-70.2624 -23.0677 35.0 4.3
-70.8935 -28.3746 78.338 4.3
-67.7179 -23.518 123.571 4.6
-71.393 -18.3088 26.808 4.3
-68.7311 -20.6949 100.084 5.0
-69.6949 -17.1416 179.474 4.3
-68.5851 -32.0735 129.436 4.4
-66.5322 -27.4475 10.0 5.0
-66.8171 -23.4288 204.184 4.6
-66.718 -23.9591 208.939 4.5
-66.8771 -20.2787 215.245 4.3
-68.2686 -20.8354 199.287 4.2
-74.5237 -35.5735 3.975 4.3
-70.6344 -20.7038 24.602 5.5
-68.5283 -21.9542 10.0 4.4
-71.3563 -29.4203 43.474 4.3
-70.0528 -18.3198 90.56 4.1
-66.8113 -31.6907 126.78 4.9
-66.9261 -24.1784 200.58 4.0
-70.0668 -23.4118 37.536 4.3
-67.006 -24.0318 212.128 4.0
-66.9167 -18.7307 256.602 4.9
-69.8612 -17.6963 126.637 4.4
-69.2534 -19.6773 10.0 4.1
-66.7255 -24.0069 203.482 4.1
-68.6068 -21.8753 133.74 4.0
-67.1264 -24.2695 177.946 4.3
-75.3185 -38.3835 9.758 4.4
-66.6227 -31.8581 136.761 4.6
-73.7256 -36.7199 18.033 4.1
-69.2837 -19.8 109.76 4.2
-70.1567 -31.6553 113.664 4.2
-73.7152 -36.7862 18.835 4.4
-73.7335 -36.793 16.542 4.3
-71.6585 -29.5951 51.472 4.2
-73.6825 -36.7904 18.933 4.5
-67.1094 -18.6224 249.135 4.4
-68.497 -22.3925 123.365 4.5
-68.7974 -21.2197 131.372 4.0
-70.3493 -17.6183 108.994 4.4
-72.6502 -36.5182 57.248 4.2
-68.7271 -21.4257 111.25 4.0
-66.0795 -22.5817 260.055 4.2
-67.0897 -24.3462 178.296 4.4
-71.4654 -30.5972 64.648 4.6
-67.5797 -22.127 210.138 4.5
-69.0373 -20.3245 105.103 4.6
-66.8112 -31.8836 131.418 4.6
-67.4834 -24.4318 196.384 4.0
-67.8539 -22.4931 165.644 4.2
-67.0231 -24.2222 163.468 4.2
-70.2842 -20.8379 27.062 4.1
-69.0078 -20.0853 109.846 4.3
-68.8142 -21.913 140.203 4.2
-66.4159 -22.7606 237.07 5.3
-66.2059 -22.7757 271.466 4.1
-73.7896 -36.8135 24.919 4.3
-69.2402 -31.9392 128.389 4.4
-67.9868 -24.1117 132.333 4.0
-67.0547 -24.2573 222.286 4.0
-66.9035 -24.235 211.561 4.1
-67.287 -21.4165 171.241 4.3
-73.6478 -38.0621 18.733 4.6
-71.3709 -30.2596 46.688 4.2
-69.7512 -17.629 162.551 4.3
-70.1987 -22.2513 35.0 4.1
-69.7768 -19.2642 87.62 4.0
-68.6672 -20.47 113.892 4.2
-69.516 -17.8015 151.122 4.3
-69.7335 -25.3931 74.804 4.3
-70.7297 -26.0898 77.792 4.1
-72.2798 -31.6836 27.345 4.3
-66.0605 -22.3956 262.81 4.1
-66.7339 -21.0504 235.22 4.3
-71.3014 -28.7013 43.848 4.1
-66.9013 -23.3501 238.119 4.4
-70.5138 -25.3542 45.565 5.2
-68.741 -22.4228 111.647 4.4
-66.8282 -27.9222 149.009 4.2
-69.0041 -19.8583 111.543 4.5
-70.587 -33.7268 92.069 4.0
-68.0792 -31.0431 113.919 4.0
-72.7094 -39.5085 83.717 4.4
-67.4428 -22.187 202.916 4.2
-68.5709 -21.8275 126.334 4.0
-71.7677 -28.9814 23.332 4.2
-71.1009 -32.463 53.042 4.4
-70.0181 -17.4809 167.759 4.2
-67.4948 -24.3315 201.268 4.1
-68.1143 -19.3963 179.059 4.1
-68.6461 -21.3375 113.644 4.2
-66.7736 -24.3738 218.314 4.5
-67.7927 -20.7686 167.161 4.5
-70.0657 -23.1988 61.905 4.3
-68.6517 -20.998 121.272 4.4
-70.3293 -17.3322 170.951 4.3
-72.1677 -33.8482 23.651 4.1
-67.3847 -19.32 227.117 4.2
-71.3001 -35.6137 85.853 5.0
-70.9392 -26.609 32.792 4.2
-66.7444 -27.8621 152.853 4.5
-69.4647 -17.6988 160.445 4.2
-72.0695 -33.8736 24.12 4.1
-68.5585 -30.8024 111.388 4.3
-72.0504 -33.6233 22.643 4.7
-69.5977 -31.8098 124.17 4.5
-67.1247 -24.3673 165.343 4.3
-70.174 -27.1669 97.134 4.2
-71.3359 -30.6523 51.06 4.3
-71.1761 -28.6332 62.775 3.7
-68.713 -22.7875 123.234 4.1
-71.8999 -32.0901 27.245 4.1
-71.6568 -28.9833 35.0 4.1
-69.1342 -20.7547 94.745 4.4
-71.5486 -30.9161 35.0 4.4
-68.498 -21.8984 122.736 3.8
-70.7621 -53.9795 10.0 4.2
-65.3302 -30.8315 175.609 4.3
-68.7842 -20.547 103.554 4.5
-68.7285 -21.9544 110.27 4.1
-70.0888 -36.0751 179.503 4.2
-66.8167 -23.782 197.328 4.4
-72.0023 -31.4234 27.091 4.4
-68.6593 -21.1301 123.376 4.4
-69.0585 -24.0217 91.95 4.2
-68.7791 -21.1141 123.327 4.2
-69.4401 -21.5124 68.451 4.0
-70.8372 -32.62 77.055 4.5
-71.4309 -32.3575 53.23 4.1
-70.2687 -19.2863 46.698 4.0
-69.7472 -17.814 165.823 4.2
-66.3641 -22.7439 224.684 4.3
-69.7116 -20.7938 61.502 4.1
-71.1856 -27.4374 45.582 4.2
-67.1564 -24.3354 177.267 4.2
-73.5659 -35.8336 10.0 4.2
-71.6255 -32.1161 37.626 4.0
-73.7325 -37.8493 16.684 4.3
-71.0494 -27.3615 52.645 4.6
-70.9617 -27.4327 53.0 5.9
-73.961 -35.8893 35.773 4.2
-71.251 -28.633 35.0 4.4
-66.7051 -21.3813 217.616 5.1
-67.1175 -24.3926 171.668 4.5
-69.4116 -31.5822 118.027 4.6
-70.4879 -20.8783 32.217 4.2
-66.3254 -22.7033 253.408 4.2
-70.0594 -24.7851 49.383 5.2
-73.5253 -35.7216 10.0 4.4
-73.5558 -35.7016 10.0 4.2
-73.4676 -35.8611 25.526 4.3
-73.4965 -35.6663 26.0 6.3
-71.4807 -26.6924 13.287 4.4
-67.2482 -24.3151 177.127 4.2
-72.7481 -36.4913 45.215 4.7
-69.1858 -25.6937 8.427 5.1
-66.1989 -22.4192 262.48 4.6
-68.6054 -21.0053 105.216 5.4
-74.4844 -17.7866 10.0 4.4
-68.7976 -22.9052 116.001 4.5
-71.4064 -30.0612 67.433 4.0
-66.4611 -22.9976 244.713 4.2
-70.3526 -36.6925 159.043 4.5
-70.2668 -34.0791 118.525 4.0
-73.3661 -18.2303 10.0 4.0
-66.4954 -23.4224 228.0 6.4
-68.9833 -22.7534 110.577 4.4
-66.4676 -23.5107 213.706 5.3
-71.3399 -33.6108 60.008 5.6
-69.7809 -24.3377 71.113 3.8
-71.2929 -18.2272 37.083 4.1
-70.4781 -18.2849 79.629 4.3
-71.5544 -28.1 27.583 4.1
-68.8667 -23.0803 97.714 4.6
-68.4268 -33.3296 37.376 4.8
-66.9186 -19.7452 238.157 4.6
-73.6672 -36.0348 6.678 4.0
-71.3185 -18.4702 27.319 4.2
-67.4476 -24.1351 186.958 4.2
-70.8414 -24.3668 32.261 4.0
-70.5426 -28.3108 71.562 4.2
-69.4513 -17.5274 169.435 4.5
-75.2656 -38.3815 8.0 5.5
-71.2468 -26.9138 11.804 4.5
-67.4981 -28.1851 128.604 5.2
-70.3845 -17.6195 97.615 4.9
-66.7042 -24.1232 192.512 4.5
-67.401 -24.3369 216.652 4.3
-68.8431 -22.0874 113.289 4.4
-73.8421 -41.302 45.648 4.5
-68.44 -21.1635 126.018 4.4
-69.3513 -23.1068 96.586 4.2
-74.0031 -37.1081 10.0 4.3
-69.7446 -20.7772 52.44 4.0
-69.814 -19.5405 35.0 4.2
-73.3156 -33.8468 10.0 4.3
-68.6571 -21.9854 128.041 4.3
-65.5349 -17.2098 10.998 4.9
-69.5523 -23.1509 91.732 4.5
-67.1058 -24.325 167.583 4.5
-71.5163 -29.6506 59.292 5.0
-71.4059 -28.1573 25.343 4.4
-70.346 -22.0699 55.857 4.1
-69.2498 -23.5068 83.828 4.3
-68.9003 -21.3856 127.25 4.1
-72.0744 -33.5539 21.121 4.1
-72.6624 -17.1247 18.572 5.3
-69.0431 -20.1684 113.67 4.0
-74.0589 -41.0493 29.779 3.9
-67.0867 -24.455 163.002 4.3
-67.635 -20.9906 211.235 4.1
-71.8496 -34.7881 39.174 4.3
-69.311 -17.732 153.254 4.0
-74.5254 -17.7088 10.0 4.7
-68.9388 -22.1603 102.015 4.1
-68.5108 -21.9423 141.299 4.1
-71.0023 -19.0466 35.0 4.0
-71.3574 -30.0714 53.825 4.1
-66.7832 -24.0483 196.31 4.0
-68.5208 -21.6065 135.132 4.4
-65.8028 -31.1845 10.409 5.0
-70.8467 -20.9867 10.0 4.2
-70.8725 -20.9729 22.808 4.0
-68.9473 -21.0892 123.433 4.5
-68.6902 -21.8112 121.259 4.5
-70.1718 -26.7414 94.644 4.5
-68.8458 -22.5394 112.641 4.3
-66.8547 -21.5823 213.359 4.5
-66.1174 -22.7219 265.571 4.1
-66.8791 -21.482 222.858 4.2
-73.415 -36.8676 23.691 4.4
-70.2945 -21.6383 24.748 4.2
-70.9076 -25.0478 24.112 4.2
-67.4605 -24.3835 196.304 4.3
-68.5587 -21.9639 124.417 4.3
-66.8419 -21.3933 223.154 4.3
-71.8367 -32.0852 34.416 4.0
-71.8963 -32.0873 13.367 4.2
-71.3113 -26.7049 21.621 4.3
-68.661 -23.2017 103.663 4.1
-66.7536 -24.0007 182.599 5.3
-73.2549 -33.901 10.0 5.5
-71.6309 -30.39 31.937 4.7
-71.8526 -30.3563 27.94 4.7
-67.3195 -22.1357 198.598 4.2
-73.149 -35.7033 35.0 4.3
-73.1611 -35.7431 35.0 4.1
-72.15 -30.1063 10.735 4.1
-69.0221 -20.9028 106.311 4.2
-66.9747 -24.0255 217.258 4.2
-69.7648 -18.0318 118.711 4.3
-68.606 -22.0482 132.951 4.1
-70.1661 -19.0786 64.453 4.1
-67.8879 -20.7701 178.497 4.0
-69.1094 -23.4196 99.369 4.1
-71.1633 -19.9657 8.527 5.3
-71.0087 -19.9435 16.102 4.7
-68.6179 -22.2738 111.497 4.2
-70.6183 -31.1506 105.626 4.3
-66.2487 -22.9722 253.912 4.5
-68.0244 -20.0423 170.153 5.0
-68.6043 -22.2944 124.999 4.6
-68.8468 -21.1998 116.525 4.4
-66.5365 -23.095 207.585 4.4
-70.0094 -29.04 122.861 4.6
-70.2645 -21.9053 64.069 4.6
-69.6393 -24.7955 86.293 4.2
-71.3857 -26.5677 10.0 4.2
-70.1842 -18.2274 103.154 4.2
-67.7693 -29.3121 106.715 4.4
-68.6623 -21.7568 133.089 4.4
-68.692 -21.388 147.827 4.4
-69.2271 -19.0681 125.525 4.4
-69.1954 -20.1985 107.116 4.5
-67.4121 -24.2333 201.206 3.9
-68.6374 -21.841 131.093 4.3
-67.1877 -24.1231 238.069 4.0
-66.9856 -23.9213 250.0 4.4
-68.9032 -20.7098 104.288 4.1
-66.9039 -24.2545 174.594 4.7
-68.5209 -21.5017 130.702 4.2
-67.2323 -24.3158 176.027 4.6
-70.4956 -33.9519 105.659 4.0
-69.9343 -31.5961 114.768 4.4
-69.0335 -21.2012 95.278 4.3
-69.6588 -17.722 156.984 4.0
-67.2071 -24.3072 175.925 4.6
-71.7525 -32.7313 31.125 4.0
-71.2511 -29.6487 70.157 5.5
-68.9311 -24.3079 107.329 4.4
-72.4972 -29.4577 10.0 4.6
-71.6682 -29.9461 29.099 4.3
-69.366 -19.7304 92.108 4.0
-71.6597 -29.9382 28.661 4.2
-69.0982 -32.7442 49.696 4.5
-67.4569 -24.1995 208.484 4.5
-71.1985 -30.5726 16.863 4.5
-69.8924 -20.8536 25.9 4.4
-69.7288 -18.862 101.183 4.6
-70.2647 -17.1027 137.223 4.4
-71.6603 -32.1009 40.86 4.5
-71.9028 -32.0811 23.456 4.6
-66.928 -23.5419 211.532 4.2
-69.9606 -22.9752 43.531 4.4
-67.6855 -28.3208 160.344 4.2
-67.227 -24.188 207.906 4.1
-69.9048 -18.895 111.094 4.2
-68.4039 -19.6627 148.674 4.6
-69.3349 -19.0377 122.822 4.7
-67.9314 -28.3346 175.048 4.4
-68.7214 -21.7194 126.696 4.2
-68.855 -21.2199 116.292 4.3
-67.2579 -22.0773 183.813 4.4
-69.2271 -19.7052 119.042 4.3
-71.5323 -17.0363 100.859 4.3
-67.3046 -22.2386 194.117 4.4
-68.6518 -32.9027 19.256 4.2
-67.3111 -28.0891 144.221 4.3
-71.3099 -26.3582 26.761 4.3
-68.4954 -21.6322 122.614 4.5
-68.3587 -21.3046 115.649 4.6
-71.8185 -30.5562 28.52 3.9
-66.3616 -22.6499 258.434 4.2
-68.6679 -31.3683 110.823 4.2
-68.4459 -21.6464 138.474 4.4
-68.5174 -21.1036 149.1 4.1
-70.755 -18.2909 42.939 4.0
-66.6805 -21.4566 228.178 4.0
-68.9255 -19.9447 123.609 4.5
-66.7256 -24.1169 203.037 4.6
-71.9719 -30.3972 26.495 4.5
-69.0324 -25.7629 122.461 4.3
-70.1141 -24.6041 57.268 4.3
-74.0207 -38.2043 21.638 4.6
-67.0711 -24.4747 168.322 4.9
-68.4639 -21.7452 114.069 4.9
-71.6774 -32.5669 35.0 4.3
-68.4186 -31.4261 108.791 4.1
-71.7885 -30.9772 61.901 4.2
-70.199 -32.8486 108.633 4.2
-70.4016 -20.738 39.444 4.2
-69.148 -31.556 40.986 4.5
-68.8832 -22.3179 105.577 4.3
-71.335 -30.6411 53.415 4.5
-69.3587 -18.4237 132.628 4.5
-71.3759 -30.6176 49.0 5.5
-71.0059 -25.4853 35.0 4.0
-68.808 -31.4078 107.895 4.6
-68.5084 -21.5202 150.73 4.2
-67.1914 -31.722 135.093 4.3
-68.5617 -21.7769 150.092 4.5
-69.377 -20.0492 116.896 4.2
-72.7934 -28.7761 10.0 4.3
-67.0607 -24.0611 202.486 4.2
-68.6382 -21.0474 128.382 4.3
-71.3559 -33.0128 54.46 4.3
-66.8469 -23.5177 210.586 4.3
-69.4816 -32.0193 106.694 4.8
-68.5084 -31.4319 114.784 4.0
-72.3721 -34.3817 28.476 4.4
-66.2082 -25.3526 203.273 4.5
-71.6465 -34.2206 50.337 4.3
-67.0685 -24.1567 188.315 4.4
-71.2694 -32.7048 57.962 4.2
-68.4422 -22.8646 122.519 4.4
-68.9655 -19.1636 126.284 5.1
-71.4941 -30.7554 35.0 4.0
-68.9523 -23.0579 106.604 4.5
-66.5814 -27.9547 171.453 4.0
-66.8083 -24.1135 198.977 4.2
-69.2794 -31.5582 120.139 4.5
-70.0597 -18.287 85.305 4.1
-68.2466 -31.3613 105.312 4.5
-66.9233 -24.1203 195.266 4.5
-67.2105 -21.3126 201.911 4.4
-68.9621 -21.2221 90.462 4.1
-68.9221 -23.0742 106.733 4.8
-71.5683 -32.2655 48.006 4.5
-68.8988 -23.1061 96.289 5.1
-67.0785 -24.0355 230.713 4.4
-70.1895 -27.626 92.0 4.4
-69.0394 -30.7743 118.128 4.4
-71.3043 -30.639 61.219 4.5
-69.713 -19.0143 93.453 4.5
-71.3852 -29.4358 45.307 4.1
-72.568 -32.6573 23.378 4.7
-67.2842 -21.3869 175.635 4.7
-69.6286 -17.6605 157.426 4.3
-68.7841 -21.253 119.87 4.2
-69.2909 -22.5616 111.411 4.4
-68.4871 -21.2826 121.658 4.2
-66.9074 -24.0951 195.159 4.3
-69.5225 -18.8123 117.429 4.1
-66.716 -31.7779 148.309 4.4
-66.9033 -24.0291 171.471 5.0
-67.005 -24.3676 177.086 4.4
-71.3507 -30.1438 60.738 4.3
-66.658 -23.6084 194.184 4.5
-66.8957 -24.2419 180.184 4.3
-67.5371 -19.0736 222.004 4.4
-66.9544 -24.3133 185.19 4.2
-66.9088 -23.5759 205.193 4.4
-68.842 -23.1576 10.247 4.4
-67.3171 -21.9858 214.998 4.0
-66.5931 -21.4085 225.259 4.6
-66.9783 -24.2261 175.197 4.3
-67.0664 -24.3447 162.201 4.5
-71.4005 -29.2012 35.0 4.5
-68.5982 -22.292 112.952 4.9
-67.2754 -19.1939 233.337 4.3
-71.3843 -28.1308 53.638 4.1
-69.9444 -17.8504 116.443 4.1
-68.5595 -21.808 130.194 4.2
-74.2728 -46.9963 11.055 4.3
-68.6817 -21.0517 133.64 4.2
-66.4016 -22.7713 265.77 4.3
-68.6734 -21.2127 114.244 4.2
-67.9718 -20.6777 181.967 4.4
-71.4212 -29.0538 70.056 4.2
-66.7032 -23.5628 200.687 4.5
-69.0685 -21.1552 114.228 4.0
-68.1213 -23.5276 130.416 4.4
-71.3876 -31.6038 48.121 4.6
-71.0428 -30.4837 9.208 4.3
-72.079 -33.646 21.67 5.4
-68.1419 -23.0906 117.0 5.6
-69.2965 -19.6198 110.322 4.4
-69.8346 -19.1268 95.342 4.0
-69.2619 -19.2621 111.161 4.4
-71.5219 -35.5454 78.138 4.4
-66.8675 -23.5414 238.008 4.5
-69.888 -31.5425 155.112 3.8
-67.331 -21.4089 182.434 4.2
-70.702 -32.2863 89.947 4.4
-66.6348 -23.8606 221.421 4.2
-71.3875 -29.2081 43.71 4.4
-67.1214 -24.2814 176.765 4.3
-67.0475 -24.1693 175.432 4.2
-69.2813 -31.3604 114.679 4.6
-66.6214 -27.9289 168.406 5.0
-66.8694 -23.4729 214.88 4.2
-70.4635 -32.3215 107.876 4.2
-69.4939 -17.7438 159.018 4.8
-71.7717 -32.8415 26.686 4.4
-71.2053 -31.5194 69.382 4.5
-67.2849 -24.0095 197.56 4.3
-68.6583 -21.5058 150.276 4.4
-71.8974 -32.477 30.701 3.9
-68.8605 -20.621 111.888 4.5
-68.1839 -21.229 127.294 4.4
-68.7063 -22.8691 103.096 4.1
-71.1716 -28.8136 35.0 4.3
-72.6876 -52.4273 10.0 4.2
-71.4465 -28.0609 29.394 4.2
-68.3626 -21.6861 145.396 4.5
-67.0484 -24.0283 240.063 4.2
-68.8629 -23.0281 92.637 3.7
-72.656 -33.6595 9.237 4.6
-68.4191 -21.815 124.356 4.5
-68.2653 -21.1519 124.367 4.6
-67.0806 -24.104 215.77 4.2
-71.8408 -34.692 43.754 4.2
-67.0683 -24.3097 176.653 4.2
-70.6427 -29.3849 82.975 4.1
-75.0685 -37.7905 10.0 4.2
-68.8449 -24.6602 108.996 4.1
-69.1152 -22.4384 118.967 4.6
-66.2151 -22.8148 262.806 4.3
-69.438 -25.5646 107.383 4.4
-71.6712 -29.9816 31.236 4.0
-71.3578 -35.3861 82.461 4.9
-71.3304 -33.5663 43.881 4.0
-71.3773 -28.8023 35.135 4.1
-69.7715 -31.6952 148.659 4.2
-67.161 -24.1661 206.327 4.4
-66.5878 -27.8935 152.19 4.9
-68.617 -21.2216 119.664 4.1
-68.6549 -19.3274 138.781 4.2
-71.8444 -32.4265 24.758 4.5
-70.9345 -17.8092 76.253 4.5
-71.7397 -32.4252 32.926 4.6
-71.0635 -33.2575 74.738 4.6
-69.9085 -18.4315 89.162 4.0
-69.9035 -21.3217 48.341 4.0
-69.3639 -23.6138 78.19 4.2
-71.3316 -30.6365 51.913 4.6
-69.7204 -31.6497 109.048 4.3
-67.3022 -30.3073 26.086 4.0
-71.9884 -33.2126 27.112 4.3
-66.853 -24.2566 177.847 4.3
-70.2242 -20.8189 77.398 3.5
-72.051 -32.1111 21.72 4.2
-72.1139 -32.0798 10.0 4.5
-73.8571 -37.5022 25.145 4.3
-66.5527 -27.9896 167.336 4.5
-73.7118 -37.4453 17.502 4.9
-73.6757 -37.4652 18.0 6.2
-73.7598 -37.553 22.155 5.7
-66.8209 -23.4166 245.124 3.9
-66.195 -22.6275 260.338 4.0
-68.753 -21.9585 128.94 4.2
-67.4616 -28.6794 126.601 4.3
-70.4945 -33.294 97.507 3.8
-69.7704 -18.2382 125.445 4.3
-67.6482 -24.2646 149.589 4.2
-67.5205 -21.1727 183.468 4.1
-68.4695 -29.9187 22.881 4.0
-70.7391 -33.6656 89.713 5.0
-66.6444 -24.0502 192.428 4.1
-66.9366 -24.1165 183.884 4.5
-70.2257 -20.8992 36.201 3.7
-70.2162 -17.5594 28.896 5.0
-68.9267 -21.1257 112.374 4.5
-67.0018 -24.1556 158.839 4.3
-68.5697 -33.3848 36.322 5.1
-73.6859 -35.5462 21.092 5.0
-67.376 -31.9899 132.47 4.3
-70.7006 -20.1565 19.374 5.0
-70.6113 -20.1982 25.918 4.1
-69.6521 -17.8207 154.541 4.4
-68.4565 -21.7651 105.8 4.4
-71.1727 -27.7958 35.0 4.7
-70.1092 -19.2208 66.421 4.0
-68.8742 -22.3149 113.483 5.3
-66.722 -20.7465 257.913 4.1
-67.4268 -21.1696 174.007 4.4
-67.4743 -24.2715 218.795 4.3
-71.3107 -28.674 36.025 4.5
-66.9241 -19.0172 263.481 5.1
-69.2882 -17.6795 155.249 4.5
-66.8608 -24.2256 200.258 4.3
-66.5355 -27.9264 167.055 4.4
-67.1749 -24.289 196.827 4.4
-67.0643 -24.2018 178.631 4.2
-66.9654 -24.0889 177.18 5.1
-66.9726 -24.2416 200.466 4.0
-71.437 -30.699 45.845 4.0
-66.2185 -27.975 155.823 4.4
-71.0959 -29.5617 81.147 4.3
-68.7789 -22.0069 107.985 5.1
-68.8342 -23.0249 120.699 4.3
-65.9915 -22.3669 269.84 4.3
-66.4822 -22.8306 217.953 4.5
-71.6288 -30.5809 37.409 4.5
-69.5271 -18.4416 133.197 4.2
-70.6569 -24.0458 38.8 4.5
-68.9392 -21.1495 118.42 4.3
-66.9737 -24.2273 185.056 4.2
-69.2182 -20.6503 99.314 4.4
-68.5527 -21.5602 144.433 4.4
-71.4308 -30.6937 49.501 5.0
-69.2736 -31.7218 127.382 4.0
-66.9101 -21.5982 219.922 4.2
-69.2668 -18.4248 130.736 5.2
-67.0415 -24.5333 160.112 4.1
-75.0152 -39.5628 10.0 4.2
-67.0509 -24.3086 167.372 4.3
-69.3187 -25.4423 112.167 4.0
-71.3196 -32.7012 57.896 4.4
-68.5999 -21.5913 129.979 4.2
-70.1349 -17.3886 129.222 4.4
-71.3494 -31.7196 49.436 4.2
-68.9446 -18.7075 154.514 4.7
-66.6969 -23.993 191.081 4.5
-70.249 -19.7706 48.891 4.0
-69.171 -25.3971 115.397 4.2
-71.4132 -30.7864 61.522 4.5
-68.3968 -23.3981 115.934 4.5
-71.5273 -30.2811 46.746 4.1
-69.4101 -29.4123 114.512 4.5
-71.6477 -29.7808 32.78 4.8
-69.5405 -17.5379 169.213 4.3
-70.9409 -33.0285 71.144 4.1
-66.6797 -23.9958 220.152 4.3
-69.0772 -26.2583 114.215 4.2
-71.4967 -35.655 96.183 4.1
-68.4159 -22.0725 114.698 4.1
-66.6132 -27.7912 158.929 4.3
-67.2582 -21.806 224.239 4.2
-68.8653 -22.2778 128.405 4.4
-71.1736 -27.4464 31.37 4.1
-70.4979 -22.6736 27.805 4.1
-66.8011 -24.0349 193.765 4.4
-69.3152 -20.3041 95.927 4.7
-67.2785 -24.3846 186.688 4.3
-66.5385 -27.8355 160.55 4.8
-68.73 -22.1853 116.999 4.9
-66.7267 -24.1376 196.018 4.4
-70.4446 -22.7118 27.051 4.4
-68.7299 -21.1003 144.903 4.1
-66.9017 -23.98 248.025 4.5
-69.5644 -19.6951 97.318 4.1
-66.782 -23.3347 209.863 4.3
-69.1824 -20.832 118.438 4.1
-68.6758 -21.8881 130.593 4.1
-68.3144 -28.0523 97.939 4.3
-71.7768 -32.1153 32.088 4.3
-68.5344 -22.6027 123.847 4.0
-69.765 -28.882 115.348 4.5
-75.9256 -45.8081 10.0 4.6
-70.5372 -25.6105 72.077 4.4
-69.9585 -19.2533 62.372 4.2
-68.6079 -23.1633 171.913 4.4
-70.0428 -19.4893 66.485 4.4
-73.1662 -33.0866 10.0 4.4
-72.6129 -33.6886 19.871 4.3
-69.728 -25.391 90.66 4.1
-69.3634 -19.5201 101.874 3.9
-66.8356 -23.3799 222.538 4.4
-72.4951 -33.6572 21.876 4.6
-66.7486 -23.966 211.397 4.3
-75.5767 -41.3788 20.0 6.1
-71.5384 -28.9887 33.313 4.6
-66.1351 -22.2017 271.383 4.0
-67.2257 -23.9814 210.494 4.4
-67.4897 -23.4424 141.184 4.6
-72.0669 -18.5218 21.24 4.5
-68.8544 -21.9394 117.938 4.5
-67.1724 -27.3514 140.922 4.2
-68.6292 -24.6807 102.867 4.2
-68.7483 -24.9875 106.299 4.0
-66.5596 -21.3909 236.836 4.3
-67.6407 -22.4479 192.567 4.4
-66.8931 -24.0762 217.536 4.2
-69.0435 -20.114 110.498 4.2
-68.987 -23.6233 105.717 4.3
-66.9717 -24.1747 219.28 3.8
-67.5489 -22.2878 179.96 4.4
-68.6036 -21.971 113.068 4.2
-66.3387 -22.9414 256.006 4.2
-71.7168 -33.3629 35.0 4.0
-68.687 -22.263 124.831 4.5
-68.5266 -21.1006 132.362 4.4
-69.1793 -20.1765 101.054 4.5
-69.1648 -20.1839 96.292 4.6
-69.8509 -18.4638 121.407 4.4
-69.0383 -21.0741 117.756 4.2
-67.6762 -22.2451 172.195 4.0
-70.1109 -19.9726 51.06 4.2
-70.378 -20.2941 33.011 3.7
-66.9055 -23.4551 239.092 4.0
-71.4276 -30.6147 50.837 4.3
-66.8794 -24.0056 195.538 4.2
-71.3278 -30.6451 55.103 4.7
-70.6036 -23.0215 36.628 4.5
-70.3416 -24.0192 51.251 4.3
-66.9629 -24.2126 171.771 4.7
-68.6662 -22.326 106.16 4.3
-68.6852 -22.2962 108.912 4.4
-68.3967 -21.8058 117.408 4.3
-67.2058 -24.3067 182.369 4.2
-66.7223 -24.1682 198.145 4.7
-70.9685 -33.1806 70.231 4.5
-68.3265 -31.855 109.722 4.5
-67.0648 -24.1122 209.927 4.1
-69.6639 -27.2354 107.074 4.0
-66.2657 -22.186 251.077 4.4
-72.2903 -33.4772 26.091 4.0
-68.5121 -21.1404 131.728 4.3
-68.9778 -21.0926 114.592 4.5
-66.7074 -23.8664 193.663 4.5
-73.5291 -35.4987 10.0 4.2
-66.8452 -23.849 223.281 4.3
-69.265 -18.6902 116.518 4.3
-68.9473 -23.0927 93.008 5.0
-72.3222 -33.4818 24.303 4.3
-68.8956 -22.7542 107.382 4.2
-70.0601 -19.8827 53.719 3.7
-72.2334 -33.442 17.0 4.9
-72.2611 -33.4604 17.783 4.8
-68.535 -22.27 117.274 4.5
-72.3796 -32.7328 13.28 4.2
-68.6914 -31.8482 23.651 4.6
-68.8152 -21.238 120.344 4.5
-68.6723 -21.7836 139.534 4.3
-68.5788 -21.952 109.038 4.8
-66.1301 -21.2616 266.129 4.3
-70.6612 -19.1074 43.062 4.2
-71.8152 -36.235 77.731 4.1
-71.5251 -52.3858 11.269 4.4
-66.1414 -22.7321 269.638 4.2
-70.7826 -33.5902 87.723 4.1
-66.9455 -23.9839 228.651 4.2
-66.9542 -23.8392 220.841 4.2
-71.9398 -35.106 45.613 4.3
-69.7316 -18.8202 96.933 4.4
-71.0585 -28.7452 57.0 4.4
-66.5689 -24.0019 199.235 4.2
-67.1619 -24.2224 194.554 4.1
-73.7145 -34.553 10.0 4.3
-66.6923 -24.055 193.804 4.4
-69.0245 -21.1927 118.648 4.0
-68.5753 -22.0137 117.0 5.4
-65.4225 -30.4375 175.329 4.3
-74.7179 -37.8965 10.0 4.5
-71.7233 -52.5419 38.74 4.2
-71.7583 -34.7745 46.04 4.5
-72.1021 -35.321 69.366 4.2
-69.5049 -19.1963 105.69 4.5
-68.9014 -31.4968 109.662 4.2
-70.6605 -31.8585 101.375 4.3
-71.3103 -30.0598 75.326 4.5
-67.0414 -24.1941 175.291 4.4
-71.5181 -28.7459 28.995 4.8
-67.2809 -24.1187 201.604 4.4
-69.2437 -20.9418 88.74 4.2
-70.6102 -34.368 106.974 5.3
-69.067 -22.5621 118.524 4.4
-68.555 -32.0794 131.123 4.5
-67.1015 -24.2161 160.111 4.4
-66.999 -24.1087 169.156 4.5
-68.4939 -21.3235 129.698 4.1
-72.0093 -33.107 26.871 4.7
-72.1226 -33.0973 20.054 4.8
-69.5584 -19.7194 109.179 3.9
-67.3332 -20.7862 203.695 4.2
-71.4544 -30.6989 48.003 4.4
-67.2353 -20.9813 208.356 4.0
-68.6868 -22.3135 124.691 4.3
-69.9826 -22.9797 47.928 4.3
-75.4331 -42.2483 10.0 4.2
-70.4964 -25.7557 43.208 4.5
-71.777 -30.6277 31.792 4.1
-66.7349 -23.9126 210.719 4.3
-68.7799 -30.384 112.713 4.8
-68.2656 -23.6625 116.77 3.9
-71.3116 -29.3942 42.578 4.5
-71.2357 -29.4661 50.599 4.1
-67.5077 -28.2194 129.058 4.3
-68.2751 -22.7742 141.741 4.1
-69.492 -18.7488 111.455 4.3
-71.973 -32.6725 15.422 4.7
-69.2023 -19.3217 102.399 4.9
-69.1566 -18.7786 122.999 4.5
-68.0041 -24.7042 113.736 4.3
-70.0567 -19.1363 66.486 4.5
-69.0794 -27.4898 106.888 4.1
-67.1203 -21.9302 188.978 4.1
-67.1998 -24.2977 183.794 4.5
-71.9676 -29.9223 10.189 4.2
-66.9308 -23.8224 235.982 4.4
-68.6069 -22.2079 116.523 4.1
-66.8942 -24.0854 211.348 4.4
-69.6754 -19.0725 116.244 4.2
-67.544 -21.2899 246.11 4.1
-68.9138 -21.0399 115.967 4.5
-69.5103 -21.3531 74.872 4.5
-68.7746 -22.2357 123.004 4.4
-69.8838 -18.4324 130.039 4.4
-72.9268 -36.8895 53.281 4.0
-69.8504 -17.2076 164.455 4.3
-67.0443 -19.0549 253.907 4.3
-67.3582 -21.9282 187.968 4.4
-71.6442 -30.8483 35.299 3.9
-70.1764 -21.4136 70.493 4.3
-70.3386 -21.9311 54.0 6.1
-68.5789 -22.1876 112.0 6.2
-66.8255 -24.0766 209.969 4.1
-67.9414 -24.4662 119.235 4.2
-67.45 -21.0031 177.538 4.4
-67.2506 -24.3307 195.71 4.2
-68.8666 -20.0955 115.305 4.4
-68.709 -33.3318 11.535 4.2
-67.2696 -24.284 189.616 4.3
-67.1361 -24.3358 164.102 4.4
-69.8546 -19.5305 66.127 4.0
-67.2558 -23.8899 203.353 4.2
-66.8809 -23.998 185.458 4.5
-69.4822 -19.482 91.18 4.5
-67.4884 -28.3873 130.66 4.8
-66.835 -23.9485 204.798 4.4
-69.0994 -20.8 107.973 4.2
-71.5167 -30.8563 55.617 4.1
-66.275 -22.7023 251.38 4.4
-68.9789 -21.3875 110.73 4.1
-72.1595 -37.4494 83.294 4.5
-71.8414 -30.7962 24.803 4.2
-68.8355 -22.9593 106.516 4.1
-68.4697 -21.2016 134.204 4.5
-71.5505 -30.972 70.276 4.4
-65.6996 -18.5477 10.0 4.5
-70.6021 -21.4698 35.0 4.3
-73.1747 -33.2252 22.04 5.0
-66.6701 -24.1956 199.634 4.3
-70.564 -28.7053 94.985 4.4
-67.2926 -24.2887 187.222 4.2
-68.4922 -21.1576 109.44 4.2
-66.8807 -23.5752 208.998 4.5
-66.8365 -23.4326 215.1 4.6
-69.1468 -22.6298 91.547 4.0
-68.6718 -21.7919 110.873 4.1
-69.878 -17.3244 153.985 4.1
-66.1491 -22.4915 245.95 4.5
-68.7535 -21.8307 135.607 4.3
-68.6095 -21.1589 131.02 4.2
-75.3218 -42.271 10.0 4.5
-75.3571 -42.2963 10.0 5.5
-67.0564 -23.6317 229.03 4.4
-68.6072 -21.88 129.9 4.2
-72.0734 -30.4361 19.04 4.4
-68.019 -21.4171 136.807 4.4
-71.8875 -32.9521 31.598 4.4
-70.2691 -19.3593 80.499 4.5
-68.4716 -21.5783 142.52 4.6
-72.1064 -30.468 19.282 4.1
-69.489 -23.0376 98.067 4.4
-68.6842 -21.6313 106.808 4.4
-68.8563 -19.9803 115.476 4.4
-70.6179 -21.9373 20.17 3.8
-67.1107 -24.3475 177.03 4.7
-70.6648 -24.6219 52.38 4.0
-67.3022 -24.1483 227.05 4.4
-71.0164 -26.0856 25.65 4.4
-71.7925 -32.5857 13.08 4.0
-68.9126 -20.68 103.84 4.2
-69.7758 -17.1586 182.05 4.2
-69.3168 -18.6524 132.5 4.2
-70.1403 -17.03 154.255 5.1
-66.6469 -27.9376 154.94 4.6
-66.8673 -24.1091 190.77 4.3
-71.151 -28.8356 62.45 4.3
-67.0522 -23.5599 230.86 4.2
-69.0212 -31.5582 110.99 4.5
-70.9911 -18.3221 65.48 4.8
-67.02 -24.4738 163.419 4.6
-68.8378 -22.6888 106.52 4.3
-67.9179 -22.6048 175.98 4.3
-66.7313 -21.4945 237.13 4.1
-69.3739 -19.7765 94.43 4.1
-73.7809 -17.177 9.03 5.7
-66.9527 -24.0496 198.14 4.1
-71.4974 -29.527 70.246 5.1
-66.6119 -28.8631 10.0 4.4
-66.6006 -29.0686 10.0 4.2
-66.8553 -23.9715 198.81 4.6
-69.7354 -17.7046 151.24 4.5
-66.5595 -22.5742 224.92 4.2
-74.0431 -29.0012 10.0 4.3
-73.8982 -29.002 10.0 4.2
-68.9932 -30.997 103.98 4.6
-69.3153 -28.071 10.0 4.8
-67.5756 -24.3016 197.37 4.4
-66.1886 -22.5844 255.42 4.3
-68.7101 -20.2969 120.25 4.6
-70.8086 -17.2867 106.0 4.6
-68.6983 -22.2056 111.69 4.2
-65.9986 -22.0764 271.88 4.1
-69.5494 -33.4999 142.79 5.1
-68.7323 -23.5436 99.89 4.3
-66.8916 -27.9376 154.23 4.1
-69.0534 -20.4086 105.17 4.2
-67.2379 -22.0405 174.938 4.6
-69.0062 -19.6179 128.19 4.5
-66.9676 -23.7819 225.3 4.3
-69.5786 -29.658 114.01 4.3
-69.2399 -20.4548 94.65 4.0
-66.5843 -23.4838 207.14 4.6
-67.0901 -32.3907 10.0 4.5
-68.2455 -21.1655 128.93 4.8
-69.1287 -20.2496 104.44 4.2
-74.8255 -39.2875 10.0 4.5
-69.677 -24.0433 74.821 4.8
-71.7794 -32.0755 35.536 4.1
-68.7003 -21.2063 126.53 4.2
-71.8964 -32.5197 10.99 4.1
-69.286 -29.849 119.22 4.5
-68.6783 -21.4724 111.46 4.3
-68.9032 -31.8711 10.0 4.4
-69.0542 -20.9826 109.03 4.1
-66.813 -19.5302 258.7 3.9
-73.71 -36.6117 31.12 4.0
-71.8422 -32.5211 13.25 4.5
-70.1336 -21.1939 76.25 4.3
-68.3847 -23.1877 111.63 4.6
-68.2647 -23.1559 98.64 5.3
-69.376 -19.2166 114.0 4.4
-70.057 -21.8499 60.86 4.4
-69.7197 -31.6637 128.62 4.6
-66.9747 -24.241 179.62 4.4
-68.8604 -23.6609 99.81 4.3
-70.2807 -32.2201 115.44 4.4
-69.8582 -17.9278 114.98 4.1
-67.0873 -28.1369 161.74 4.4
-69.274 -20.1105 96.18 4.2
-66.7685 -21.5186 236.12 4.0
-71.4448 -29.6211 35.0 4.3
-72.151 -30.4326 10.48 4.2
-67.0347 -19.006 245.07 4.3
-68.8852 -20.5151 101.94 4.1
-67.0301 -24.1757 170.9 4.2
-66.3291 -31.0699 135.4 4.5
-68.7223 -31.2926 117.43 4.8
-70.2477 -22.2832 54.04 4.1
-68.7833 -21.3411 104.54 4.2
-70.4536 -26.3814 79.83 4.8
-69.2098 -20.0944 102.02 4.1
-73.9978 -34.4852 10.0 5.3
-67.7187 -21.0903 211.15 4.2
-67.9076 -20.5329 164.34 4.3
-69.7599 -21.8916 67.26 4.5
-67.2762 -21.3173 197.09 4.5
-71.8399 -34.7576 26.23 3.8
-69.5902 -17.6213 156.0 5.5
-70.8829 -28.1411 47.07 4.7
-67.6563 -22.4549 176.2 4.3
-68.212 -17.6683 220.39 4.3
-67.9492 -31.2971 57.85 4.5
-68.5056 -21.1983 135.23 4.0
-69.1417 -20.5483 101.11 4.4
-71.7857 -32.5696 27.34 4.2
-70.826 -27.0158 40.89 4.3
-69.2239 -20.7762 104.56 4.1
-72.0046 -29.5345 19.64 5.7
-68.6929 -29.5787 10.0 4.4
-65.7278 -17.1719 10.0 4.2
-69.828 -17.9816 135.63 4.6
-67.0052 -23.6481 231.71 4.3
-66.3484 -22.7755 260.67 4.0
-67.35 -24.1817 210.61 4.0
-71.6106 -36.7577 10.0 4.6
-73.0711 -17.918 10.0 4.6
-73.0888 -17.8897 10.0 4.3
-72.9044 -18.0672 10.0 4.2
-68.8416 -21.2706 125.39 4.0
-66.7686 -23.492 200.82 4.4
-66.9482 -20.5142 235.65 4.3
-74.4864 -34.9855 10.0 4.3
-70.3344 -25.843 58.94 4.2
-66.7726 -23.5731 206.34 4.3
-73.5331 -35.7482 10.0 4.3
-71.3235 -30.6301 50.82 4.1
-67.0688 -23.9218 212.88 4.3
-69.1937 -20.0562 100.12 4.0
-68.6632 -29.1268 105.15 4.0
-66.7735 -24.1009 203.17 4.2
-67.7942 -28.3607 171.73 4.6
-70.2299 -21.6971 61.54 5.1
-67.2365 -24.2557 180.3 4.3
-68.578 -29.3285 129.88 4.7
-66.6519 -23.496 220.0 6.8
-70.1306 -17.6045 133.43 4.3
-70.3673 -17.5708 96.85 4.6
-68.8354 -20.3244 118.49 4.2
-69.5837 -33.6356 142.76 4.7
-68.8259 -22.1306 121.55 4.4
-68.9972 -38.5907 10.0 4.5
-66.9674 -23.9807 231.22 4.2
-69.7889 -21.4236 53.54 4.2
-69.36 -27.3026 120.03 4.3
-69.7864 -17.9232 145.42 4.1
-72.9156 -36.4822 28.87 4.5
-74.3169 -34.9427 10.0 3.9
-68.2252 -29.1846 56.48 4.6
-68.7473 -21.127 124.47 4.2
-73.0122 -33.0949 28.8 5.1
-67.4754 -22.2967 174.55 3.9
-71.3223 -28.4992 26.09 4.2
-72.1006 -30.0383 12.59 4.1
-67.3013 -24.2454 202.82 4.3
-69.3919 -19.2306 108.83 4.5
-72.0153 -32.2514 10.0 4.4
-72.0297 -32.223 8.52 5.1
-71.8275 -32.2228 20.42 5.2
-71.9126 -32.2356 17.36 4.8
-71.9463 -32.2364 11.03 4.9
-70.5314 -19.3607 61.59 4.1
-66.8568 -23.8609 226.64 4.0
-71.4286 -30.7873 48.13 4.2
-66.6154 -23.8055 199.66 4.0
-74.0699 -37.2134 10.0 4.8
-66.5802 -22.9119 220.52 4.3
-72.0363 -34.4606 20.24 4.5
-70.3833 -31.2542 115.49 4.1
-72.0398 -32.4638 18.81 4.4
-68.4 -23.0153 119.92 4.0
-71.6968 -30.5696 27.67 4.1
-67.4288 -21.2293 185.31 4.2
-68.8904 -20.802 112.18 4.0
-66.6471 -21.404 233.84 4.3
-69.1458 -19.8958 104.86 4.5
-67.1087 -24.3387 163.51 4.3
-69.5841 -20.1903 41.46 3.6
-69.6924 -20.6379 88.68 3.7
-67.0046 -23.8786 183.15 4.3
-69.5516 -17.6922 142.59 4.2
-71.2986 -35.2297 89.67 5.0
-68.5212 -21.1943 138.63 4.6
-70.9697 -25.4349 24.26 4.4
-71.08 -20.3734 39.69 4.1
-66.2363 -22.8142 266.95 4.3
-74.106 -37.2119 8.3 4.4
-74.1288 -37.1653 10.0 4.3
-65.9261 -18.6093 52.15 4.2
-67.2124 -24.212 189.56 4.3
-68.3184 -21.3851 118.74 4.6
-66.6918 -21.6425 214.45 4.4
-66.2996 -27.2485 174.38 4.9
-68.2444 -22.928 102.28 5.7
-71.3767 -32.1 58.3 4.4
-68.527 -31.2468 111.43 4.5
-67.1469 -24.6381 169.69 4.6
-67.2464 -21.3062 219.13 4.5
-67.1663 -23.846 210.65 4.4
-69.7502 -31.6663 118.45 4.4
-68.6459 -21.8304 129.45 4.3
-71.532 -32.1705 40.58 4.2
-67.0073 -24.0841 214.4 4.2
-69.5003 -31.5015 118.17 4.2
-72.3654 -33.9914 11.12 5.0
-71.777 -29.8694 54.49 4.2
-72.1453 -31.6539 10.0 4.0
-69.9475 -22.7782 68.39 5.0
-68.7013 -22.5341 121.39 4.3
-68.5758 -21.1018 131.28 4.5
-70.698 -27.1925 42.91 4.4
-71.448 -32.1762 43.45 4.7
-65.9957 -21.9969 255.71 4.9
-72.4222 -31.6616 10.0 4.2
-72.1042 -31.6078 10.0 4.1
-72.1962 -31.6235 10.0 4.6
-70.9518 -26.367 22.95 4.0
-69.014 -19.4057 124.88 4.7
-67.1264 -24.3002 168.13 4.4
-69.5906 -18.7045 120.36 4.3
-68.8192 -21.2603 116.68 4.0
-72.3708 -33.9627 13.18 4.6
-69.2208 -17.7356 155.37 4.4
-72.3752 -33.9868 10.0 4.4
-70.0916 -19.136 56.79 4.5
-66.7488 -23.7208 202.98 4.5
-68.5739 -21.1104 127.86 4.6
-67.3036 -21.3612 209.15 4.1
-69.132 -20.1212 113.88 4.0
-70.2987 -32.8143 116.1 4.4
-68.8201 -22.4549 114.73 4.1
-70.9868 -25.4007 10.0 4.3
-68.7738 -22.1291 114.95 4.2
-68.8411 -21.1291 130.53 4.3
-67.0442 -24.157 173.8 4.3
-66.9675 -23.8707 182.51 4.6
-66.8829 -24.2157 196.96 4.3
-69.256 -27.7515 98.75 4.4
-67.3739 -24.1452 214.04 4.2
-67.5145 -19.3995 228.48 4.4
-71.2821 -30.1777 59.52 4.5
-69.2076 -19.7957 110.15 4.1
-66.807 -23.9714 189.89 4.4
-68.5753 -22.0777 125.61 4.2
-67.0754 -31.4759 116.64 5.1
-70.6928 -33.7721 86.73 3.5
-71.8123 -30.6689 23.11 4.4
-67.9928 -31.4148 107.56 5.1
-66.1742 -22.5122 265.36 4.1
-67.3857 -20.9772 189.63 4.2
-72.291 -33.5243 10.0 4.2
-71.4619 -28.7032 22.36 5.0
-70.0138 -25.67 74.15 4.4
-69.3521 -30.2431 124.21 4.3
-71.8017 -32.5298 35.0 3.7
-66.2767 -22.5356 242.71 4.4
-71.4066 -30.3506 35.91 4.2
-72.2339 -33.5611 17.76 4.1
-67.1746 -31.6767 120.33 4.6
-70.9358 -34.7539 109.47 4.1
-69.39 -24.4316 70.11 4.1
-69.3129 -19.4729 100.26 4.2
-66.679 -23.593 212.45 4.4
-69.2249 -20.1868 90.99 4.2
-66.5337 -23.854 185.09 4.6
-66.9737 -24.2196 166.76 4.3
-69.9037 -21.0413 38.84 4.2
-68.7357 -21.1015 125.21 4.4
-67.2156 -24.242 193.16 4.3
-67.0342 -24.1812 183.44 4.4
-72.231 -30.3517 8.54 4.7
-67.0952 -28.0525 201.04 4.2
-73.9546 -37.0013 10.88 4.6
-67.5876 -19.4413 235.01 4.5
-72.156 -33.1527 20.12 3.8
-68.4111 -31.4918 112.59 4.5
-66.9003 -26.8308 136.9 4.4
-69.2507 -20.4675 75.23 4.1
-71.1147 -19.6684 16.91 4.5
-69.1114 -20.1305 97.85 4.1
-69.5243 -18.0631 132.12 4.1
-67.3072 -24.0472 223.98 4.2
-70.4875 -22.7227 31.79 4.4
-70.5251 -18.5926 47.36 4.1
-69.6249 -21.4236 16.84 4.0
-69.3336 -21.1138 98.68 4.8
-67.0534 -19.0504 251.77 4.2
-68.5016 -21.8846 114.84 4.4
-72.1441 -31.773 16.89 4.1
-70.9314 -19.9333 12.13 4.2
-70.41 -33.3194 104.01 4.1
-68.925 -21.2829 126.5 4.2
-68.7483 -21.036 105.17 4.1
-71.1443 -27.488 20.89 4.7
-74.1539 -37.1272 10.0 4.5
-67.5154 -28.4564 118.18 4.5
-67.1244 -24.3223 169.18 4.2
-68.9372 -20.3575 115.91 4.2
-68.54 -22.1666 106.35 4.8
-66.2668 -22.8573 231.43 4.2
-71.1154 -19.9631 12.95 4.1
-67.1628 -24.2745 205.46 4.1
-67.2971 -24.3063 199.32 4.3
-66.9194 -23.1665 231.62 4.3
-73.1809 -40.7137 63.07 4.0
-68.7112 -28.5436 105.17 5.5
-69.0025 -21.3921 118.24 4.0
-66.7114 -22.8523 204.0 4.2
-70.8832 -28.2931 89.87 4.5
-66.0638 -22.4383 266.0 5.7
-69.2173 -31.3868 111.73 4.4
-71.5045 -29.5577 35.0 4.7
-71.56 -29.5174 35.0 4.3
-68.9838 -20.573 109.78 4.3
-67.4873 -27.3973 120.1 4.7
-70.4562 -33.5222 100.58 4.4
-71.8765 -32.2754 14.66 4.2
-69.563 -18.5788 131.35 4.3
-74.0335 -36.8972 10.0 4.0
-74.0282 -37.0108 14.52 4.3
-68.3938 -21.856 130.5 4.5
-74.0214 -36.9758 3.91 4.4
-73.993 -36.9801 9.93 5.7
-70.4614 -33.6914 91.78 4.3
-71.7733 -29.8884 27.21 5.1
-68.8708 -23.3828 93.07 4.2
-72.1003 -31.9433 10.0 4.1
-71.2471 -31.9597 49.31 4.1
-72.4135 -32.8695 14.98 4.2
-71.3864 -35.358 90.14 4.2
-71.8281 -34.8072 39.27 4.4
-69.1742 -20.4873 94.33 4.1
-66.7545 -23.9557 206.17 4.5
-67.0773 -24.1086 196.15 4.1
-67.2621 -24.3018 175.78 4.2
-70.3466 -28.6854 103.67 4.8
-69.483 -21.2772 12.83 4.2
-67.1842 -21.7846 180.51 4.4
-65.2158 -28.3235 29.72 4.4
-70.3511 -25.8485 59.59 4.5
-68.6946 -21.8827 138.98 4.2
-66.2663 -22.6664 251.0 6.0
-68.7919 -21.017 140.28 4.4
-67.0593 -24.1338 158.66 4.3
-68.8968 -20.7241 107.71 4.3
-71.4227 -18.5182 24.79 4.1
-71.2319 -18.4124 30.19 5.1
-68.6089 -21.1833 139.56 4.2
-69.1835 -28.3027 108.44 4.3
-67.9619 -20.766 186.95 4.4
-71.1104 -29.8095 83.1 4.0
-70.1464 -19.2363 48.79 4.0
-71.9163 -36.9413 102.01 4.3
-68.6551 -21.3336 125.42 4.5
-72.449 -32.8822 16.22 4.0
-68.9079 -21.272 115.65 4.2
-68.5764 -31.4027 108.12 4.1
-69.1511 -20.6213 93.38 4.8
-71.3497 -29.5643 46.84 4.2
-70.9434 -25.82 57.4 4.4
-67.4347 -20.2559 208.05 4.5
-68.6576 -22.1743 105.47 5.3
-67.4604 -21.2607 213.13 4.0
-72.2131 -30.415 10.0 4.2
-69.0392 -20.4507 106.08 4.0
-68.9239 -21.5589 117.38 4.1
-66.9927 -27.9119 162.5 4.5
-69.0353 -31.9496 120.92 4.4
-68.7381 -22.4608 112.52 4.2
-73.6867 -34.6149 10.0 4.5
-67.9472 -31.7435 10.0 4.2
-71.5404 -30.5477 60.65 4.1
-66.7448 -23.1514 209.48 4.4
-69.4165 -19.3576 112.24 4.2
-68.2119 -23.4979 131.22 4.2
-71.7757 -32.7316 26.66 4.2
-74.0928 -40.3059 22.33 4.1
-74.2339 -40.3522 10.0 4.6
-68.6127 -31.3361 111.4 4.6
-71.9834 -29.8948 9.43 4.5
-67.0189 -24.09 213.06 4.3
-69.9814 -25.9964 85.54 4.2
-67.5554 -21.9173 194.68 4.4
-67.5689 -28.1856 130.23 4.6
-67.7394 -21.0085 168.4 4.4
-69.6395 -18.7674 133.53 5.0
-68.5972 -21.4012 130.96 4.6
-69.3696 -19.1425 91.14 5.5
-68.7512 -32.4304 118.79 4.7
-68.5079 -22.7643 10.0 4.5
-70.2096 -18.8643 83.99 4.0
-69.5232 -24.0519 93.64 4.2
-69.4879 -24.0503 89.72 4.3
-68.2112 -27.3296 128.64 4.4
-69.221 -31.8855 107.02 4.4
-69.1023 -19.6294 104.52 4.7
-67.4903 -21.2787 226.27 4.2
-68.8627 -21.2649 132.9 4.4
-67.0673 -24.3221 168.9 4.4
-68.558 -21.0407 148.35 4.4
-68.4908 -22.7533 13.11 4.1
-68.5383 -22.7836 14.82 4.2
-67.0951 -27.9061 247.2 4.4
-66.9905 -23.8619 244.54 4.4
-68.8658 -20.9848 114.65 4.3
-69.1649 -20.7764 108.04 3.8
-70.2356 -21.1585 38.01 4.0
-67.303 -21.6974 184.16 4.0
-74.2479 -37.3642 10.0 4.0
-67.9643 -22.521 183.42 4.3
-68.4119 -21.5434 123.55 4.2
-74.1585 -37.4026 11.57 4.5
-72.2432 -30.6546 10.0 4.1
-66.8677 -23.7622 213.65 4.1
-69.2228 -19.6514 103.96 4.3
-69.1362 -19.8204 119.91 4.4
-71.0625 -18.4357 35.0 4.2
-69.0653 -22.8222 109.36 4.0
-70.4224 -17.6227 106.48 4.1
-67.1353 -24.0918 218.98 4.3
-73.4233 -17.9357 10.0 4.5
-68.8686 -31.7894 10.0 4.3
-66.9432 -23.979 235.01 4.0
-72.098 -29.9755 10.0 4.6
-71.72 -31.0425 69.79 4.6
-69.6296 -17.514 167.65 4.2
-68.2339 -21.4731 151.09 4.0
-70.9556 -23.4111 23.59 4.4
-68.893 -21.2906 118.7 4.3
-70.6025 -27.4037 87.7 4.1
-71.1932 -26.8528 14.52 5.2
-67.1872 -24.4003 175.5 4.4
-69.2414 -23.0248 79.49 4.1
-74.304 -37.9102 18.73 4.5
-69.3354 -18.7067 135.94 4.0
-69.3922 -23.0784 78.0 4.1
-69.8324 -21.3283 48.74 4.1
-74.0775 -37.9716 10.0 4.3
-68.7483 -21.0012 109.88 4.2
-67.2446 -24.2524 188.48 4.7
-70.8799 -32.9984 73.37 4.0
-65.4393 -26.0798 8.0 5.6
-71.4324 -30.7991 42.43 4.8
-68.6468 -21.9746 149.34 4.1
-71.3883 -26.6811 20.45 4.2
-71.3871 -26.6784 10.0 4.3
-71.138 -26.6816 13.0 5.9
-71.2521 -26.6747 10.0 4.9
-69.7259 -17.4288 23.51 4.2
-68.8105 -22.2778 125.41 4.3
-69.6855 -17.5277 10.31 4.7
-75.3282 -37.6418 23.18 4.2
-67.801 -22.5002 184.04 4.6
-67.3745 -24.2942 216.42 4.1
-68.6862 -21.1502 119.01 4.2
-71.7231 -36.2156 83.35 4.2
-66.235 -22.716 278.09 4.1
-66.6626 -22.9115 262.11 4.3
-67.1264 -24.2708 192.78 4.3
-68.41 -21.3716 137.52 4.7
-67.4715 -30.3135 40.62 4.0
-71.1494 -32.2745 90.54 3.7
-69.9532 -19.3919 73.49 4.1
-69.6267 -24.1668 96.34 4.1
-65.7347 -33.4591 9.41 4.3
-66.3373 -22.7823 238.14 4.6
-69.2265 -19.6455 102.07 4.9
-74.3913 -37.7422 10.0 4.1
-68.0164 -23.9537 127.15 4.3
-67.2115 -24.0279 202.12 4.3
-68.6925 -21.1775 113.5 4.2
-69.3336 -31.294 109.05 4.5
-70.4468 -34.5327 123.48 4.4
-67.8704 -21.3265 167.09 4.5
-68.5827 -22.3226 110.4 4.7
-75.2744 -37.7734 10.0 4.5
-65.2015 -17.2732 50.97 4.0
-69.856 -17.758 157.62 4.3
-70.3898 -25.52 52.54 4.5
-67.5005 -24.3337 212.5 4.2
-67.1499 -24.0417 227.68 4.1
-71.3964 -29.5561 35.0 4.1
-71.6587 -30.0282 25.23 4.6
-66.7713 -23.5636 241.45 4.1
-71.3691 -30.7013 41.39 4.5
-66.8965 -24.2102 181.49 4.4
-67.0563 -21.5585 253.91 4.2
-70.7569 -28.9348 110.01 4.2
-70.3315 -22.0559 36.76 4.7
-68.5642 -21.7512 107.33 4.4
-67.5162 -20.7923 211.52 4.5
-71.5656 -27.1996 10.0 4.3
-66.7966 -24.0147 187.87 4.4
-71.1826 -24.5088 10.0 4.3
-68.7075 -21.9821 125.51 4.6
-69.1699 -20.7756 111.51 4.5
-70.4613 -31.2192 113.32 4.0
-68.7218 -21.0936 136.47 4.1
-66.9983 -24.0149 225.41 4.2
-71.589 -28.6512 36.28 3.7
-74.8312 -40.2514 10.0 4.1
-68.8281 -21.0794 105.61 4.2
-71.5555 -28.6861 17.79 5.5
-67.6418 -23.9958 242.48 4.1
-66.4918 -22.3707 267.24 3.9
-68.0631 -21.7237 116.52 4.5
-67.0752 -23.834 223.02 4.3
-66.7563 -21.6813 250.39 4.3
-73.5292 -36.8833 26.7 4.4
-69.0747 -20.9052 116.34 4.1
-71.2992 -29.527 45.0 5.7
-67.2966 -24.1974 163.92 4.3
-72.7459 -30.3866 10.0 4.1
-67.3348 -24.1048 192.51 4.6
-70.6588 -17.6673 95.98 4.6
-68.3598 -31.8741 112.11 4.0
-70.9087 -18.667 35.0 4.3
-71.1254 -18.4913 35.0 4.5
-66.545 -27.8819 151.1 5.0
-71.0675 -18.5525 17.71 5.6
-66.6175 -21.5815 209.49 4.8
-68.7439 -20.3387 122.25 4.3
-68.9679 -25.3012 95.32 5.1
-67.3378 -24.3111 199.88 4.2
-71.7982 -29.7612 45.72 4.4
-71.2704 -22.0178 18.84 4.1
-67.3072 -18.8497 234.61 4.4
-67.2239 -22.0565 166.51 4.5
-69.1217 -27.6183 118.87 4.4
-66.4262 -27.917 172.88 4.4
-69.2397 -19.2721 118.95 4.7
-66.9724 -23.4241 211.66 4.3
-66.9109 -24.1865 200.06 4.2
-67.1961 -23.9719 230.42 4.2
-73.6883 -37.9149 16.0 4.5
-73.6133 -37.9155 15.68 5.1
-69.5427 -24.7375 114.75 4.2
-69.482 -22.4713 89.33 4.3
-71.9183 -32.3764 21.1 4.0
-73.6698 -38.8467 30.9 4.2
-71.0976 -27.8293 33.06 4.8
-71.2306 -36.3264 131.33 4.1
-73.5269 -38.831 21.82 4.4
-73.5576 -38.8144 26.4 4.6
-67.1812 -24.3298 171.92 4.7
-68.7834 -22.1747 125.31 4.4
-67.6012 -21.027 199.47 4.0
-70.1864 -32.72 112.84 4.0
-69.0742 -20.5693 95.1 4.6
-73.755 -36.4867 11.91 4.3
-71.5512 -31.9409 44.05 4.4
-68.537 -22.4852 111.93 4.5
-67.5111 -21.2562 173.56 4.3
-68.8452 -21.4013 119.16 4.2
-68.7747 -29.9358 10.0 4.4
-69.119 -23.2103 87.03 4.2
-68.5434 -21.0771 132.28 4.2
-70.7464 -23.9048 30.23 4.7
-68.9033 -21.205 117.48 4.0
-66.7568 -24.0573 205.76 4.5
-67.6362 -33.6487 204.28 4.0
-68.84 -24.7032 98.32 4.3
-68.7756 -20.9219 115.26 4.6
-66.5884 -23.1197 200.84 4.5
-71.0514 -34.9774 90.45 4.2
-69.0364 -31.2685 106.72 4.5
-69.4135 -23.8948 88.46 4.1
-74.1843 -36.8458 9.23 4.1
-68.8394 -21.9625 118.89 4.3
-67.288 -24.2075 184.75 4.6
-67.0208 -24.0632 236.07 4.4
-66.7049 -23.4727 203.32 4.5
-73.7581 -37.5587 15.29 4.5
-66.4923 -22.7927 266.96 4.2
-70.3015 -20.9672 41.85 3.9
-66.8242 -21.6184 226.92 4.3
-75.1724 -39.3023 10.0 4.3
-70.8715 -25.9112 20.72 4.0
-67.2619 -24.2285 191.72 4.5
-71.2764 -32.8423 61.36 4.3
-69.3148 -25.5342 89.16 4.3
-67.4015 -24.1794 210.21 4.4
-69.5008 -19.6714 102.43 4.0
-72.3864 -38.4005 60.49 4.3
-71.3732 -35.5095 97.08 4.2
-73.3434 -33.9898 10.0 4.7
-71.0909 -29.1954 77.64 4.6
-69.5349 -18.2861 130.63 4.1
-68.5444 -21.5648 127.95 4.1
-69.7814 -19.2506 88.77 4.4
-71.3928 -28.6194 41.55 4.5
-66.8782 -23.9028 228.55 4.2
-71.2693 -30.3459 49.68 4.8
-66.2611 -22.3762 274.09 4.0
-66.7336 -21.0804 254.9 4.2
-70.0638 -32.6971 100.25 5.7
-71.933 -31.329 11.68 4.0
-69.2242 -20.792 114.75 4.0
-68.8109 -20.4465 114.36 4.2
-67.3616 -24.3584 203.38 4.0
-73.0036 -35.1751 12.6 4.1
-68.6612 -23.7011 112.99 4.2
-68.6187 -21.1648 137.63 4.2
-67.2274 -24.433 168.47 4.4
-67.353 -24.2063 199.14 4.4
-66.806 -24.0855 199.59 4.0
-70.6858 -32.8075 90.64 4.6
-71.9471 -32.6743 27.12 4.3
-75.971 -44.8951 10.0 4.0
-67.3499 -24.3249 191.46 4.2
-68.8749 -31.5235 118.24 4.2
-68.666 -22.0535 120.66 4.1
-67.0943 -24.161 154.3 4.8
-71.7855 -33.2708 35.26 4.6
-72.8077 -36.9471 36.73 4.3
-69.194 -22.1469 106.67 4.3
-69.2653 -17.92 3.38 4.6
-70.2003 -20.2845 41.31 3.8
-67.2159 -24.1106 190.17 4.2
-71.2043 -27.675 20.36 4.2
-72.0135 -31.6525 19.86 4.2
-67.3282 -24.098 219.11 4.4
-70.5636 -17.208 134.6 3.9
-70.5713 -20.1848 24.58 4.0
-68.4756 -21.2598 124.82 4.2
-67.186 -24.0999 187.17 4.0
-73.7844 -50.5227 15.88 4.3
-71.1234 -26.0287 16.19 4.2
-66.9745 -23.9635 214.91 4.5
-72.0526 -31.6739 15.99 3.9
-72.0418 -31.7062 10.0 4.4
-74.0674 -36.8987 10.0 4.4
-72.2325 -42.2774 146.0 4.5
-68.4705 -24.7206 110.24 4.2
-71.9988 -31.6885 17.8 4.1
-66.9955 -24.0274 237.01 4.4
-71.0573 -27.7977 28.49 3.9
-72.1108 -31.6866 10.0 4.3
-68.9088 -24.4289 90.83 4.5
-67.3102 -24.1562 188.8 4.2
-71.0023 -27.5693 35.0 4.3
-70.1057 -20.1174 47.04 3.9
-67.8136 -24.5942 132.43 4.3
-69.1646 -19.8668 113.23 4.0
-72.25 -50.3221 10.0 5.4
-71.9359 -29.4024 10.0 4.4
-70.5912 -27.3176 61.5 4.2
-67.3461 -22.4121 178.33 4.5
-66.8885 -23.1202 235.33 4.6
-68.4917 -21.7845 126.41 4.3
-66.9453 -23.8673 236.48 4.3
-68.8606 -21.1144 113.82 4.8
-68.8155 -21.7881 104.61 4.3
-67.3213 -24.1732 230.54 4.3
-66.7711 -23.9161 204.23 4.3
-70.9007 -27.5158 35.0 4.5
-69.0108 -21.5326 102.73 4.2
-69.9921 -20.4324 88.12 4.2
-67.0782 -18.4403 256.24 4.4
-72.1059 -31.7098 17.68 4.0
-72.1095 -31.6899 16.5 4.6
-67.341 -24.2138 204.86 4.6
-74.1312 -36.9094 10.0 4.3
-70.7746 -20.5104 16.68 3.7
-68.4015 -21.7021 102.93 4.7
-70.2209 -24.2973 79.93 4.3
-67.1469 -24.2322 184.31 4.2
-70.2808 -19.3262 33.76 4.3
-68.4474 -21.6553 129.98 4.1
-68.6749 -21.0565 130.7 4.5
-68.6848 -21.1202 136.08 4.2
-66.5948 -21.5606 213.44 4.6
-68.1801 -33.1693 10.0 4.9
-69.0273 -20.8811 109.24 4.4
-66.7974 -24.0189 214.58 4.1
-66.9665 -23.9514 221.63 4.3
-68.6588 -22.392 125.6 4.0
-67.8228 -23.7447 138.44 4.4
-67.1393 -24.2158 176.34 4.5
-71.5157 -30.723 38.65 4.5
-74.1158 -36.8846 10.0 4.4
-70.505 -21.5248 35.0 4.2
-71.3745 -30.0052 44.83 4.4
-66.9276 -23.9251 228.24 4.4
-66.8659 -23.8424 209.76 4.8
-68.8028 -20.426 118.85 4.5
-66.9451 -21.4549 234.11 4.1
-68.5342 -21.6001 105.14 4.4
-74.1558 -36.8789 10.0 4.5
-67.2855 -23.6895 189.77 4.4
-74.0674 -36.8596 10.0 4.4
-74.1442 -36.8298 10.0 4.9
-73.7896 -38.1537 10.0 4.0
-69.2144 -18.6075 138.12 4.0
-74.0312 -36.7846 10.0 4.5
-74.1337 -36.8538 10.0 4.3
-74.3311 -36.8367 10.0 4.2
-73.9329 -36.7771 18.8 6.4
-67.0925 -23.4543 212.42 4.3
-73.9938 -36.7712 13.62 4.4
-73.9774 -36.7567 9.55 5.1
-71.235 -18.2383 50.34 4.3
-71.011 -22.2911 25.43 4.3
-74.0874 -36.7722 16.44 4.2
-74.0903 -36.7651 10.0 4.0
-71.6614 -30.0041 20.03 4.5
-71.5643 -28.6899 19.88 4.4
-67.2574 -24.0584 201.95 4.3
-67.3401 -22.2796 205.27 4.3
-69.28 -20.0466 103.24 4.3
-72.1902 -31.8126 10.0 4.6
-72.1973 -32.107 10.0 4.6
-69.3653 -19.1971 118.5 4.2
-72.2997 -32.1596 19.9 4.4
-68.8167 -20.0999 118.1 4.5
-70.8983 -26.2789 21.4 4.6
-66.7703 -24.0012 201.6 4.4
-67.3203 -28.744 151.92 4.0
-67.4601 -24.1661 194.89 3.9
-68.6582 -22.2044 132.16 4.3
-72.2552 -32.1128 10.78 4.9
-67.1268 -24.2851 199.79 4.4
-72.0201 -31.7415 10.0 4.1
-71.9959 -31.8396 19.99 4.1
-72.1096 -31.7012 10.95 4.4
-72.0551 -31.706 10.0 4.4
-71.9575 -31.7029 13.28 4.8
-74.9731 -37.2914 26.18 4.1
-68.7661 -21.0181 104.05 4.3
-66.9328 -24.1843 179.92 4.5
-67.0129 -23.7629 205.0 6.2
-71.9947 -30.0285 11.43 4.2
-67.4753 -24.11 245.76 4.2
-72.1246 -31.7158 4.64 4.4
-70.3137 -34.3089 131.33 4.1
-72.0425 -31.7117 10.0 4.3
-71.4376 -18.5257 47.08 4.3
-71.3467 -18.4655 35.0 4.4
-71.7303 -18.436 35.0 4.3
-71.4879 -18.4505 35.0 4.2
-67.0703 -24.0977 190.81 4.7
-69.3664 -20.6278 94.24 4.1
-69.914 -18.2026 96.87 4.4
-67.0984 -24.1699 209.99 4.5
-68.3217 -21.6688 137.39 4.1
-67.3037 -24.2848 206.95 4.0
-74.0998 -37.9841 10.0 4.4
-69.4032 -17.3893 169.0 4.6
-71.765 -30.711 23.61 4.2
-70.2201 -33.0917 110.48 4.4
-72.1265 -31.7608 18.99 4.2
-69.1898 -27.6106 108.33 4.4
-71.7034 -30.0178 24.58 4.4
-70.4716 -20.1739 23.81 4.1
-67.3902 -24.1073 217.23 4.5
-66.9113 -23.9555 223.16 4.2
-72.8564 -32.1074 10.0 4.8
-67.278 -24.3846 180.04 4.2
-69.2572 -17.988 170.46 4.3
-71.1083 -27.7317 28.0 5.6
-67.091 -23.9238 228.63 4.3
-67.5047 -24.3076 213.89 4.1
-69.5985 -17.6686 162.21 4.3
-71.6982 -29.7374 31.91 4.4
-70.798 -28.1295 69.82 4.3
-69.8503 -21.3586 44.93 4.2
-71.3918 -30.5694 69.36 4.2
-67.684 -21.7482 216.44 4.6
-67.5593 -22.2946 191.55 5.3
-68.7297 -31.5922 106.96 4.2
-73.3736 -35.3534 15.37 4.2
-71.6753 -36.3175 99.01 4.5
-66.9011 -20.6064 255.08 4.4
-67.9479 -21.2954 206.01 4.5
-75.2665 -38.0648 10.0 4.3
-68.0997 -23.8005 124.46 4.3
-66.8025 -22.8405 192.1 4.3
-69.2363 -27.4895 96.77 5.1
-67.4271 -24.1823 199.2 3.8
-69.0187 -31.36 115.11 4.3
-72.8013 -30.8889 10.0 4.4
-69.0765 -20.2768 104.47 4.1
-70.1017 -17.6979 102.01 4.3
-69.0594 -20.8998 103.25 4.9
-73.5913 -35.5213 10.0 4.4
-67.3068 -22.161 198.71 4.2
-67.165 -32.9017 10.0 4.2
-67.2638 -24.1666 205.16 4.1
-70.2872 -18.248 83.5 4.7
-70.3476 -33.9065 114.35 4.2
-70.4298 -21.3258 21.0 4.2
-69.8446 -19.529 63.34 4.1
-69.8302 -18.2286 133.03 4.4
-67.1743 -24.2783 176.3 4.5
-68.8422 -21.3331 124.45 4.3
-73.8199 -37.3147 10.0 4.6
-74.6806 -35.9615 10.0 4.5
-69.8571 -23.7589 60.37 4.9
-67.1706 -21.3879 191.69 4.1
-68.667 -21.3178 105.21 4.5
-68.6183 -31.0794 108.07 4.7
-66.6862 -31.5957 119.74 4.5
-69.9637 -19.8835 67.32 4.1
-66.8681 -24.1156 180.99 4.5
-68.8137 -20.8883 107.85 4.1
-69.1584 -31.6784 108.22 4.6
-71.3295 -19.9148 10.17 4.3
-71.5867 -30.2476 38.4 4.1
-69.8115 -32.384 121.12 4.2
-71.1962 -28.0095 42.9 4.3
-67.119 -22.9402 220.9 4.2
-66.4043 -22.9062 254.1 4.3
-66.6871 -23.9171 207.19 4.3
-74.1983 -38.1285 10.0 4.3
-71.2526 -32.9119 53.48 4.1
-67.3383 -31.0979 107.93 4.4
-67.3578 -24.315 191.12 4.3
-68.8112 -31.7552 15.49 4.3
-68.4161 -31.2504 108.88 4.3
-68.388 -21.8429 136.9 5.2
-71.0817 -35.7428 116.61 4.1
-75.09 -38.5189 21.66 4.0
-67.8198 -20.7916 202.9 4.0
-70.9991 -27.1418 10.0 4.3
-68.7862 -21.1824 133.91 4.3
-74.1863 -37.2255 8.17 4.4
-70.4376 -17.0387 20.33 4.6
-69.4496 -18.4232 125.96 4.7
-71.6547 -30.0709 31.26 4.6
-67.4725 -21.1215 194.63 4.2
-70.7659 -32.3265 91.01 4.4
-67.2293 -24.1886 180.86 4.2
-74.9227 -38.6617 10.0 4.2
-72.3203 -29.5119 10.0 4.1
-70.3807 -22.4873 61.28 4.7
-69.7649 -21.0576 64.35 4.1
-70.4833 -25.487 53.29 4.4
-69.3743 -31.0027 109.12 4.4
-66.6552 -21.334 229.15 4.6
-67.0046 -23.6218 215.63 4.3
-75.83 -43.1816 10.0 4.2
-69.1563 -20.3391 109.09 4.4
-66.8967 -24.1659 182.43 4.5
-71.7564 -32.6756 25.7 4.8
-71.7231 -27.1278 10.0 4.2
-69.2045 -20.4885 100.53 4.2
-71.1721 -28.8612 70.04 4.4
-68.1024 -30.5749 80.0 4.6
-67.7853 -24.0997 174.41 4.0
-70.6779 -18.5592 42.63 4.4
-70.249 -22.4418 64.99 4.2
-67.1418 -24.0236 192.62 4.2
-71.8547 -33.3964 34.4 4.6
-66.5961 -23.1524 190.89 4.3
-72.0045 -30.3361 10.0 4.3
-65.654 -32.5489 10.0 4.5
-71.7691 -28.7262 35.0 4.4
-66.8578 -27.9148 186.27 4.3
-73.5727 -34.3642 10.0 4.6
-68.3943 -22.6274 114.71 4.0
-70.9912 -17.189 104.4 4.3
-68.5313 -23.4181 109.61 4.4
-68.6026 -21.8466 139.16 4.4
-68.6571 -21.7141 103.64 4.9
-69.8979 -20.926 88.37 4.2
-67.4267 -24.4176 200.04 4.2
-71.4789 -35.3439 99.0 4.2
-70.9943 -17.145 111.7 4.7
-66.7973 -18.9932 258.73 4.5
-69.6726 -18.995 108.15 4.5
-68.5824 -37.9058 13.86 4.3
-68.9013 -20.4287 109.66 4.3
-67.0797 -24.2535 161.47 4.3
-67.0288 -19.8323 238.05 4.5
-67.0055 -23.4441 234.09 4.5
-67.312 -23.9623 190.88 4.4
-68.5565 -21.7148 146.67 4.6
-67.4008 -24.2826 201.1 4.4
-68.5289 -21.7122 128.78 4.3
-71.3159 -29.1765 58.67 4.5
-69.7453 -17.9581 131.34 4.2
-70.2957 -33.2039 107.6 4.8
-69.0397 -25.7353 120.32 4.9
-71.3282 -28.7938 37.44 4.2
-67.4978 -22.1176 190.8 4.5
-66.8692 -23.981 220.41 4.2
-70.6888 -40.1762 135.18 4.4
-70.29 -25.7794 56.31 4.2
-67.3492 -24.2979 182.95 4.3
-69.9192 -21.3712 58.85 4.1
-66.175 -22.949 250.57 4.4
-74.2775 -37.3089 10.0 4.4
-71.0264 -25.7102 40.6 4.6
-69.8948 -29.0263 129.87 4.1
-68.7174 -20.3222 107.53 5.2
-71.6397 -28.8167 10.0 4.4
-71.6779 -28.7341 10.0 4.4
-68.6577 -21.9559 124.69 4.4
-71.6015 -28.7463 20.08 5.4
-71.8916 -34.7377 38.01 4.5
-71.3229 -18.4745 38.16 5.2
-69.5365 -17.9343 132.51 4.3
-69.4202 -19.7755 101.28 4.1
-68.7005 -21.1391 118.22 4.7
-68.8073 -22.5947 108.66 4.1
-69.9062 -17.7051 157.8 4.1
-71.881 -28.6995 10.0 4.0
-71.746 -28.7781 10.0 4.6
-71.6722 -28.7866 10.0 4.4
-71.7522 -28.7537 10.64 4.4
-71.8142 -28.7555 13.54 4.2
-75.0193 -40.1497 10.0 4.5
-71.6743 -28.7866 19.89 4.1
-71.6964 -28.6972 10.0 4.3
-71.605 -28.7709 10.0 4.2
-71.5979 -28.7504 10.0 4.6
-71.6224 -28.7637 20.63 4.6
-71.663 -28.7381 9.75 4.3
-69.2519 -31.1669 124.64 4.2
-71.6496 -28.7835 10.91 4.0
-71.6114 -28.8005 10.0 4.5
-71.571 -28.7682 19.05 4.5
-71.4818 -28.7361 22.0 6.0
-71.5121 -28.7349 24.0 5.9
-67.5454 -22.2523 184.03 4.3
-69.1721 -20.1735 91.8 4.3
-68.737 -21.3916 125.9 4.0
-68.9164 -20.9156 106.76 4.0
-67.0296 -24.0947 179.51 4.4
-71.9729 -30.1442 34.86 4.2
-71.9832 -18.132 12.6 4.3
-67.3357 -24.2927 195.27 4.3
-71.7095 -32.3027 21.1 3.8
-71.4417 -35.2418 81.06 4.2
-66.837 -21.404 253.41 4.4
-67.0024 -23.8933 237.74 4.5
-69.1939 -31.1285 110.9 4.5
-66.5688 -22.6217 214.88 4.9
-68.699 -21.2253 117.0 4.0
-68.9704 -25.9097 126.04 4.0
-67.2237 -24.3842 174.0 4.4
-67.336 -21.4077 184.2 4.4
-67.4676 -28.4063 117.94 4.5
-67.4079 -22.0112 212.98 4.3
-69.7698 -17.5951 10.0 4.5
-66.8656 -23.8977 213.52 4.4
-70.0538 -22.2744 66.47 4.4
-68.3982 -21.3496 109.53 4.3
-66.8175 -21.4666 242.47 4.2
-68.6863 -22.4292 123.39 3.9
-68.4644 -21.6732 110.5 4.3
-69.379 -18.4999 129.85 4.5
-66.9051 -24.1671 213.13 4.6
-69.0418 -20.0064 95.99 4.5
-68.7741 -31.7905 10.0 4.3
-69.1927 -32.8601 29.59 4.0
-69.112 -32.887 19.03 4.6
-69.1499 -32.873 10.0 4.2
-71.6434 -30.845 28.89 4.6
-66.6905 -22.7776 237.03 4.7
-71.1521 -32.0935 72.28 4.9
-70.4041 -22.5128 31.52 4.1
-71.44 -30.2408 53.85 4.3
-66.4588 -22.5326 263.78 4.2
-67.409 -28.2409 123.76 4.5
-70.0709 -28.5857 115.85 4.4
-67.3002 -24.2323 184.27 4.4
-68.615 -21.5315 135.26 4.2
-67.9844 -24.5477 161.63 4.3
-72.5038 -33.895 10.1 4.3
-69.6851 -21.5239 13.01 4.3
-72.4911 -40.1138 10.0 4.1
-66.798 -24.0005 197.18 4.4
-71.6982 -33.343 28.84 4.3
-72.1521 -33.9907 18.16 4.5
-70.8877 -25.7586 35.0 4.3
-69.4448 -31.5139 114.67 4.3
-71.542 -27.8456 10.0 4.3
-67.0028 -22.8092 204.05 4.1
-71.552 -27.8166 15.09 4.0
-71.6659 -30.6217 31.41 4.0
-68.8273 -20.8264 117.83 4.5
-72.2014 -33.7397 15.17 5.1
-72.1753 -33.7302 22.96 4.3
-66.9053 -23.4187 226.54 4.4
-69.1649 -19.3649 112.46 4.1
-66.7133 -29.1225 26.42 4.6
-70.7779 -28.0931 50.13 4.3
-74.9384 -39.2559 11.3 4.3
-70.7669 -30.0795 80.68 4.8
-71.5045 -28.0555 17.17 4.0
-67.3193 -24.3057 191.7 4.4
-71.1852 -25.9686 29.84 4.1
-71.6578 -30.687 25.14 4.4
-69.1505 -31.5493 108.71 4.5
-71.9525 -33.6 30.52 4.3
-66.7307 -23.9833 203.38 4.5
-68.6429 -22.3429 114.09 4.0
-68.8968 -21.2826 128.82 4.1
-74.0649 -34.8672 8.21 5.4
-70.5911 -21.4375 50.94 4.5
-66.8793 -21.4341 250.83 4.3
-75.2974 -37.9094 13.4 4.1
-68.7685 -21.2474 110.82 4.3
-68.6721 -21.7381 139.42 4.0
-66.7637 -21.4857 231.48 5.4
-67.7086 -30.5734 44.83 4.8
-74.1203 -39.9909 27.22 4.4
-69.9175 -17.4437 17.03 4.5
-71.8202 -23.363 10.0 4.5
-69.7639 -18.2572 130.2 4.4
-69.5459 -18.8779 115.58 4.3
-67.1545 -24.1 185.44 4.4
-67.2527 -23.8086 196.25 4.3
-69.6312 -18.9916 107.02 4.3
-69.8904 -17.4226 10.0 4.7
-70.1938 -32.8166 108.29 4.6
-68.4171 -21.6702 149.13 4.2
-71.6399 -30.6799 40.98 4.3
-70.9356 -27.0916 54.44 4.1
-69.5193 -19.2158 104.62 4.5
-69.2001 -19.9968 97.48 4.1
-67.2724 -24.3675 174.82 4.2
-70.6975 -24.7791 26.68 4.3
-69.2682 -20.2466 109.5 4.2
-70.3597 -33.8898 104.17 4.6
-70.0201 -21.17 45.58 4.2
-71.3906 -33.279 52.77 4.6
-67.0905 -23.9227 164.34 4.6
-70.3705 -28.6763 86.26 4.2
-67.0881 -24.2438 185.09 4.2
-66.8661 -23.9895 209.33 4.3
-67.2293 -24.1546 204.14 4.2
-69.8168 -17.5552 10.0 4.2
-66.7272 -24.0113 194.06 4.5
-69.9145 -17.392 4.73 4.9
-68.8306 -20.9452 104.27 4.2
-68.5197 -22.209 114.75 5.2
-67.174 -23.7203 225.3 4.5
-68.8987 -22.3566 112.97 4.0
-71.8885 -34.9018 43.41 4.0
-69.3757 -27.4894 101.49 4.4
-66.7133 -21.3674 225.56 4.4
-66.6828 -23.9204 191.56 5.0
-66.5858 -22.8886 229.2 4.2
-69.8248 -17.4098 10.0 4.4
-67.2371 -24.2633 194.97 4.0
-70.0868 -17.2003 22.18 4.6
-69.9961 -17.3512 10.0 4.1
-68.7857 -21.1556 122.63 4.1
-71.7479 -30.5814 16.95 4.4
-68.8268 -21.2773 118.93 4.7
-70.7214 -23.941 37.42 4.3
-72.2957 -30.399 5.83 4.2
-69.8731 -17.5177 10.0 4.2
-68.353 -31.9594 120.85 4.4
-66.8221 -23.9726 201.05 4.4
-67.6554 -20.9701 185.03 4.3
-69.8535 -17.4616 10.0 4.2
-66.6011 -27.968 175.44 4.4
-68.5251 -21.6646 137.8 4.2
-71.2502 -29.6284 35.94 3.8
-68.6937 -19.5782 134.93 4.4
-69.8165 -17.5091 10.0 4.0
-70.0644 -17.2713 10.0 5.4
-68.5722 -22.1504 113.18 4.4
-69.8525 -17.4766 10.0 4.4
-67.7921 -19.3256 224.46 4.2
-68.4921 -21.5653 143.45 4.3
-70.1102 -32.6855 109.5 4.5
-69.2082 -20.2194 85.48 3.8
-67.4375 -24.2391 195.16 4.0
-69.8277 -17.5174 10.0 4.0
-67.1054 -24.1717 200.33 4.4
-69.9089 -17.2909 10.0 4.4
-69.8 -17.3395 10.0 4.2
-71.3334 -27.7569 55.51 4.4
-67.1985 -24.0602 193.26 4.2
-67.3993 -21.8683 230.16 4.6
-67.0945 -24.1471 197.22 4.5
-68.741 -21.9277 113.11 4.6
-67.0509 -23.9917 226.72 4.2
-68.4746 -21.2593 106.28 4.4
-70.8057 -17.0479 86.1 4.1
-68.5794 -22.1531 117.33 4.4
-68.1992 -31.1988 114.57 4.1
-70.1736 -20.674 31.83 3.8
-67.6975 -22.4862 187.15 4.3
-68.7582 -22.8521 108.92 4.4
-72.3846 -33.9036 10.0 4.5
-67.6018 -26.7705 10.0 4.5
-73.1023 -34.5887 19.03 4.1
-69.3992 -19.4146 96.68 4.0
-71.0705 -34.8218 105.61 4.3
-71.5722 -30.1386 36.31 4.3
-71.5825 -30.1366 33.0 5.8
-71.6938 -29.0431 34.4 4.3
-69.9415 -17.4202 10.0 4.1
-69.7479 -17.3496 10.0 4.3
-69.941 -17.2608 10.0 4.1
-66.1312 -22.7456 249.99 4.7
-68.7386 -23.2035 99.69 4.7
-69.894 -17.3999 10.0 4.7
-70.8302 -37.2631 145.0 5.6
-72.2952 -34.0061 23.27 4.1
-72.4062 -34.0248 10.0 4.2
-72.3697 -34.0255 12.84 4.7
-70.2023 -24.039 57.59 4.2
-68.8264 -20.9139 103.86 4.2
-66.7767 -24.0015 196.18 4.4
-69.3241 -20.0254 107.78 4.2
-66.8128 -23.39 201.32 4.2
-70.1209 -19.6919 51.7 4.3
-69.9106 -17.3902 10.0 4.3
-71.2313 -27.5264 34.82 4.3
-69.2822 -19.6397 100.53 4.2
-65.3136 -30.0132 10.0 4.5
-66.6978 -27.8944 168.71 4.6
-72.3217 -34.036 10.0 4.0
-72.3663 -34.0675 10.0 4.1
-72.3578 -34.0689 10.0 4.2
-72.4465 -34.0236 10.0 4.1
-68.616 -21.7635 117.63 4.1
-72.3754 -34.003 10.0 4.2
-72.3855 -33.9959 10.0 4.1
-72.3571 -34.0658 10.0 4.2
-72.3466 -34.0426 10.0 4.4
-72.3632 -33.9889 13.0 5.5
-70.6292 -33.2245 64.51 4.2
-66.8872 -22.747 256.63 4.5
-72.2573 -34.0664 10.0 4.4
-72.3339 -34.0352 10.0 4.5
-71.3548 -21.3541 6.0 4.2
-68.9511 -19.7518 106.62 4.2
-70.713 -17.5596 105.52 4.2
-72.3481 -33.9413 10.0 4.4
-72.3553 -33.9762 10.0 4.2
-72.3665 -33.9746 3.03 4.2
-72.3473 -33.9644 10.34 5.0
-68.8472 -21.2731 117.26 4.4
-72.3656 -33.971 10.0 5.1
-72.409 -33.9804 8.84 5.2
-72.4073 -33.9739 12.76 5.1
-70.5489 -17.7617 27.78 4.5
-66.4281 -22.7331 276.49 4.5
-68.7212 -22.0733 137.21 4.2
-68.7083 -21.7465 117.61 4.1
-71.3537 -18.7372 29.94 4.2
-72.0736 -30.46 10.0 4.9
-71.4156 -30.8356 46.9 4.4
-69.4015 -19.4935 100.13 4.4
-69.8762 -22.3062 57.8 4.0
-69.9519 -20.0646 65.3 3.6
-68.7148 -21.1865 137.49 4.3
-66.8061 -21.3542 238.41 4.0
-66.49 -22.6486 219.67 4.5
-67.9707 -21.1907 176.35 4.5
-68.1547 -24.8589 113.38 4.5
-69.6202 -31.6582 111.82 4.9
-67.0362 -24.1538 176.78 4.2
-71.3209 -17.1225 96.74 4.0
-73.1423 -39.4108 42.42 4.4
-73.7188 -37.9618 23.16 4.8
-73.7078 -37.9264 9.81 4.5
-69.7523 -29.6936 113.62 4.3
-70.2637 -33.8654 105.72 4.6
-70.9399 -36.3942 137.48 4.6
-66.8972 -23.3498 211.36 3.8
-67.7294 -31.818 115.09 4.3
-66.7701 -24.0744 201.15 4.0
-66.5983 -23.3354 195.79 4.2
-71.8205 -31.0829 20.54 4.3
-66.9681 -24.0687 205.65 4.3
-68.1089 -31.4195 102.44 4.6
-68.9679 -21.0922 120.07 3.9
-66.9595 -24.1923 205.13 4.0
-72.1559 -38.8738 84.96 4.2
-73.4319 -36.1472 12.33 4.2
-71.7785 -28.9763 23.14 4.4
-69.9758 -32.1411 106.87 4.4
-71.4475 -31.8179 44.8 4.4
-67.6985 -28.4459 129.37 4.4
-70.9763 -34.6988 100.71 4.4
-69.2939 -20.9355 84.43 4.2
-71.3312 -29.2852 51.87 4.3
-68.9557 -19.6922 131.14 4.7
-71.0065 -36.7313 140.51 4.5
-67.1689 -20.562 203.49 4.6
-68.1056 -28.194 94.03 4.4
-66.9829 -24.0694 196.42 4.3
-70.2774 -20.2736 33.2 4.0
-70.0611 -17.3194 139.72 4.3
-69.907 -19.8712 64.31 4.4
-71.9279 -32.1294 25.68 4.0
-66.1209 -22.5234 238.36 4.3
-70.6501 -28.5873 114.86 4.1
-71.666 -30.3814 35.0 4.1
-71.519 -28.3505 35.0 4.3
-67.0952 -24.0528 231.43 3.9
-71.1466 -34.127 68.59 4.4
-67.2683 -21.3063 192.53 4.4
-67.1613 -24.2706 182.14 4.3
-66.5112 -22.9329 243.79 4.5
-69.6887 -20.4747 31.11 3.6
-67.0638 -22.7123 200.32 4.6
-67.2208 -21.2056 185.98 4.7
-70.5728 -20.1695 38.17 4.1
-69.9877 -22.9782 51.64 4.4
-67.1481 -24.0761 206.85 4.5
-71.1488 -37.0453 152.6 4.3
-71.5065 -40.1441 186.78 4.4
-71.7976 -34.7819 38.3 4.7
-67.2612 -24.1562 196.8 4.4
-69.3065 -19.7016 104.28 4.3
-69.8832 -17.4607 10.0 4.2
-71.9484 -30.7055 17.83 4.3
-69.8539 -17.6312 3.6 4.1
-69.7067 -22.9305 71.49 4.4
-71.8907 -33.2128 24.21 4.1
-67.2238 -24.348 170.29 4.6
-67.2681 -24.3009 174.4 4.3
-66.9585 -24.3321 141.43 5.2
-67.1577 -24.2723 173.45 4.6
-71.9852 -32.5841 24.15 4.1
-71.816 -30.7128 31.84 4.3
-66.7668 -23.0222 227.96 4.5
-66.6783 -19.6572 265.12 4.1
-70.8976 -25.293 39.42 4.3
-69.2789 -22.8086 88.82 3.9
-69.8625 -20.7603 66.39 3.8
-69.9055 -32.2039 106.66 5.2
-69.3772 -19.0531 121.37 4.1
-67.1668 -24.2048 193.32 4.6
-69.844 -17.5591 10.0 4.5
-69.3554 -18.688 143.95 4.3
-67.0282 -23.1101 229.38 4.2
-71.1897 -35.0548 101.87 4.4
-67.9118 -28.6652 127.3 4.7
-73.2698 -31.2519 35.0 4.1
-67.3221 -24.2956 198.89 4.3
-72.7515 -17.7972 10.0 4.3
-72.6114 -17.737 10.0 4.5
-72.8011 -45.9319 4.48 4.2
-68.5166 -22.372 121.83 4.4
-72.5179 -17.581 14.0 5.5
-67.2173 -24.2738 196.57 4.4
-67.9032 -23.0833 134.37 4.3
-69.1382 -20.35 108.24 4.2
-72.144 -33.8597 22.35 3.9
-72.524 -28.5109 10.0 4.4
-67.716 -22.4452 172.45 4.4
-65.9271 -22.0646 272.42 4.3
-66.9874 -24.2679 186.57 4.4
-69.0943 -20.0742 110.47 4.4
-71.5342 -31.7342 39.95 4.6
-72.3665 -35.3534 35.0 4.2
-69.1552 -29.9994 114.24 4.6
-72.9226 -35.6995 23.59 4.0
-68.6786 -21.1183 144.53 4.5
-67.0421 -24.2346 168.72 4.5
-68.7839 -21.1556 131.2 4.3
-72.2961 -37.4453 85.97 4.4
-70.6408 -21.0813 42.41 3.5
-69.6838 -17.9391 142.4 4.1
-70.302 -33.3004 108.51 4.1
-72.2801 -33.1009 24.65 4.4
-71.5954 -29.3524 39.0 4.9
-68.5725 -22.0071 135.06 4.3
-69.395 -29.2812 126.15 4.8
-71.0513 -25.0941 10.0 4.2
-67.2931 -21.1775 198.35 4.5
-71.7043 -31.9796 21.86 4.3
-68.3701 -20.7966 164.79 4.1
-70.2228 -20.1017 39.7 3.6
-66.2517 -23.0028 242.73 4.3
-69.823 -17.5833 10.0 4.4
-67.1406 -23.9696 218.75 4.3
-69.4387 -19.7571 96.16 4.4
-73.7707 -34.7235 14.59 4.3
-69.8532 -21.3926 42.1 4.0
-71.2305 -29.3824 42.27 4.4
-66.0437 -21.9848 262.74 4.3
-66.784 -23.9581 212.9 4.4
-70.5959 -20.4858 26.1 5.0
-66.9476 -23.9246 241.12 4.2
-71.0856 -25.231 39.37 4.6
-71.462 -30.7136 41.67 4.5
-71.5297 -33.5417 44.56 4.4
-69.5181 -32.5785 124.14 4.3
-67.2636 -24.2093 196.81 4.4
-71.4366 -29.8919 36.33 4.1
-68.9933 -24.1598 130.38 4.1
-71.956 -39.8331 10.0 4.8
-71.1981 -19.3912 10.0 4.4
-67.1115 -24.1646 203.26 4.2
-71.2806 -31.753 51.11 5.1
-67.2347 -28.3456 136.49 4.3
-69.9899 -18.6296 96.15 4.8
-66.3535 -23.1507 224.22 4.4
-66.87 -54.8137 10.0 4.2
-66.9812 -24.2795 177.81 4.7
-69.1656 -21.0283 107.63 4.2
-70.1956 -20.1032 50.73 3.7
-65.532 -20.7837 344.65 4.2
-71.0334 -19.9896 10.0 4.3
-67.2824 -24.2065 191.61 4.2
-67.4518 -24.1554 202.71 4.3
-67.959 -21.1342 167.27 4.4
-70.8669 -25.3654 35.0 4.2
-70.8175 -17.3434 119.81 4.2
-66.9865 -19.6469 269.48 4.2
-67.2704 -24.3524 175.7 4.3
-71.302 -29.7223 39.98 4.3
-68.9337 -31.7493 17.27 4.7
-68.6639 -21.1257 126.73 4.1
-66.9195 -24.2599 170.88 4.9
-70.3542 -19.9589 58.5 5.2
-71.1292 -29.4025 57.83 4.3
-69.7524 -18.2553 116.76 4.5
-71.7162 -32.2596 56.66 4.2
-74.9595 -39.4126 10.0 4.1
-75.2093 -41.2677 10.0 4.2
-67.0716 -18.6236 257.97 4.3
-68.922 -28.7978 106.06 4.5
-66.9508 -31.9049 118.88 4.2
-69.7864 -19.9354 64.79 4.0
-70.9713 -25.8569 28.15 4.5
-67.301 -31.1563 89.12 4.1
-66.721 -23.468 211.0 4.5
-66.9989 -19.883 256.88 4.4
-72.5547 -38.7211 62.63 4.3
-69.9931 -35.9817 166.86 4.3
-66.8978 -23.2378 220.81 4.3
-70.1484 -33.3533 109.48 5.7
-68.9913 -32.9068 10.0 4.3
-67.0812 -21.8588 199.47 4.0
-68.7892 -31.7491 18.04 4.6
-67.2628 -24.31 185.52 4.4
-71.7625 -30.5853 30.01 3.8
-69.3404 -25.4371 90.29 4.4
-67.2694 -24.1396 211.32 4.6
-68.9974 -31.8578 10.0 4.4
-66.4054 -22.9676 276.88 4.2
-66.9452 -23.3915 234.78 4.2
-68.8432 -31.8681 16.14 4.4
-68.806 -31.8379 10.0 4.8
-68.8542 -31.8325 10.0 4.9
-68.7944 -31.7882 10.0 5.3
-68.9023 -31.8572 10.0 4.8
-68.8527 -31.8715 10.0 4.9
-68.7992 -31.8334 20.81 6.4
-72.3851 -17.2452 45.46 4.7
-70.1189 -31.9479 104.43 4.3
-66.5528 -23.0737 224.75 4.3
-71.6164 -30.141 32.77 4.9
-69.5456 -32.4808 119.59 4.5
-71.5175 -31.8151 48.76 4.6
-71.069 -34.9539 94.17 4.7
-66.8982 -24.1256 220.11 4.5
-66.9362 -27.9736 158.58 4.6
-71.3822 -31.0388 58.84 5.1
-67.2625 -23.9957 200.31 4.6
-66.5275 -20.5928 249.13 4.1
-67.7431 -29.0768 119.39 4.2
-66.9147 -24.1902 172.4 4.4
-68.7077 -21.738 117.3 4.9
-68.8516 -20.9259 105.89 4.1
-68.4786 -22.4888 105.08 4.8
-66.7534 -24.1175 199.67 4.6
-71.8097 -34.6792 41.52 4.3
-66.5729 -24.0412 217.0 6.1
-69.5384 -18.5811 117.29 4.2
-69.4658 -21.0168 96.4 4.3
-66.8337 -23.5419 200.29 4.5
-65.7243 -26.5272 10.0 4.1
-71.6479 -29.7891 21.11 4.0
-71.5987 -29.7986 27.62 4.2
-71.5618 -31.8407 28.78 4.4
-67.1584 -24.3312 180.8 4.3
-68.5155 -23.3582 109.11 4.2
-69.2288 -19.5308 101.36 4.8
-67.4066 -24.3389 190.35 4.2
-66.4782 -23.0958 212.21 4.6
-70.2268 -31.6815 105.31 4.6
-72.2234 -33.0423 10.0 4.3
-72.087 -27.5906 10.0 3.9
-74.9122 -39.2948 10.0 4.2
-67.2425 -24.3328 198.65 4.4
-67.1634 -24.3463 168.16 4.3
-72.4902 -38.1857 62.42 4.0
-69.536 -19.7559 98.34 4.4
-71.3552 -30.8511 37.61 4.5
-66.8015 -23.9845 196.79 4.2
-68.8815 -23.4957 96.06 4.5
-68.7593 -22.753 113.02 4.0
-67.1744 -24.2297 171.0 4.4
-70.5241 -34.3794 121.88 4.3
-68.7724 -23.501 111.58 4.5
-66.7445 -22.9389 284.27 4.3
-74.058 -17.0503 30.94 4.6
-72.0394 -32.0154 10.0 4.4
-72.0545 -39.3139 107.55 4.8
-70.8291 -34.3785 92.47 4.6
-67.1268 -24.0208 206.35 4.3
-66.9253 -24.0798 228.43 3.8
-74.9519 -39.4505 10.0 4.5
-68.7997 -21.2466 132.08 4.0
-75.0715 -39.4918 10.0 4.3
-66.7778 -21.399 255.28 4.2
-70.9787 -18.5413 24.73 4.0
-74.9726 -39.4357 10.0 4.3
-74.8059 -39.1561 10.0 4.4
-75.2166 -39.4301 10.0 4.1
-70.5118 -24.6073 44.55 4.3
-75.1186 -39.377 10.0 4.4
-67.3438 -24.1695 198.22 4.3
-74.9358 -39.3191 10.0 4.0
-75.1223 -39.2531 10.0 4.4
-74.9569 -39.2053 10.0 4.5
-75.0854 -39.3338 10.0 4.3
-75.2256 -39.8451 10.0 5.0
-75.0785 -39.7089 10.0 4.8
-74.9849 -39.3398 10.0 6.7
-71.7523 -30.6974 35.99 4.2
-69.4161 -19.079 110.76 5.1
-67.7986 -22.4428 192.27 4.3
-68.5616 -21.2867 135.35 4.2
-69.3369 -25.4244 102.43 4.3
-66.0796 -22.5617 235.27 4.5
-66.4698 -23.169 217.29 4.6
-75.9128 -46.0849 10.0 4.7
-71.2517 -17.4495 63.84 4.5
-70.5322 -20.9237 25.43 4.3
-66.7237 -32.1261 33.81 4.6
-66.7993 -23.9518 199.09 4.3
-68.6378 -22.4337 110.97 4.2
-71.5217 -32.1606 47.21 4.4
-66.5497 -22.6865 277.47 4.1
-72.1986 -31.3578 21.03 4.5
-69.8656 -23.0362 70.62 4.1
-67.1131 -24.2763 168.18 4.3
-67.0334 -24.1427 221.31 4.2
-66.9704 -24.2434 199.81 4.5
-70.4969 -32.5034 96.66 4.2
-71.6933 -32.2955 34.7 4.1
-67.5238 -22.8146 200.12 4.1
-66.9337 -23.9154 219.25 4.4
-67.239 -24.2895 186.17 4.2
-68.8022 -22.0228 117.68 4.2
-70.6785 -33.1884 91.04 4.3
-68.7053 -22.7065 106.06 4.9
-68.683 -22.0051 121.25 4.0
-67.2046 -21.6971 176.32 4.0
-66.8525 -23.1793 243.79 4.3
-66.9346 -23.9336 217.24 4.5
-65.1497 -23.3231 63.32 4.6
-72.6758 -28.8128 20.05 4.3
-66.895 -24.1434 195.57 4.1
-71.2631 -33.0337 57.91 3.9
-68.6661 -29.728 112.78 4.4
-67.7585 -22.7683 166.35 4.3
-71.3956 -30.7489 53.57 4.3
-73.6308 -38.1948 18.49 4.0
-72.0041 -32.848 13.64 4.5
-72.0184 -32.8559 10.0 4.3
-68.7708 -19.7368 122.66 4.3
-68.0548 -21.0712 185.2 4.3
-66.9635 -24.2007 172.84 4.0
-71.8599 -32.6205 35.0 4.0
-71.0745 -25.6622 14.66 4.3
-68.1489 -23.0863 129.56 4.1
-68.7079 -21.8063 114.0 6.0
-66.8578 -22.9546 232.61 4.2
-69.149 -30.8926 114.29 4.4
-70.3364 -20.8007 69.5 3.9
-68.8624 -20.8094 103.83 4.3
-67.343 -24.3245 182.78 4.8
-67.2763 -21.2709 198.69 4.4
-71.7903 -32.282 20.88 4.5
-70.8543 -20.7381 35.0 3.8
-70.2344 -19.2495 51.71 4.4
-66.8911 -23.158 217.25 4.5
-67.2042 -24.1546 191.77 4.4
-69.2047 -20.6089 113.77 4.5
-71.3641 -28.2973 28.53 4.0
-68.219 -24.2637 144.12 4.5
-68.8913 -21.1386 118.72 4.6
-71.7104 -32.0359 35.0 4.1
-67.2167 -24.1038 230.93 4.3
-71.5679 -28.1505 17.67 4.3
-67.57 -22.2708 179.75 4.3
-71.5075 -32.0622 44.26 5.0
-69.9643 -18.0851 124.07 4.1
-71.1518 -32.895 66.89 4.1
-70.5417 -19.2311 68.59 3.9
-67.3548 -24.2754 190.25 4.3
-67.3199 -31.5265 112.82 4.4
-69.0609 -20.3947 105.0 6.1
-71.5034 -28.2164 25.85 4.2
-71.334 -28.2218 29.93 3.9
-68.7942 -21.4161 117.95 4.2
-70.4507 -22.4421 69.17 4.3
-67.1798 -24.2192 178.01 4.5
-68.9453 -31.3225 105.42 5.0
-66.5468 -23.8622 193.4 5.1
-67.0897 -24.2635 157.02 4.5
-66.9281 -24.1345 215.58 4.3
-67.141 -31.9253 127.68 5.2
-68.9031 -21.2643 115.58 4.6
-69.3203 -24.2149 66.44 5.2
-70.9023 -25.8634 20.39 4.3
-67.1277 -31.8422 122.97 4.2
-66.1523 -22.4569 243.8 4.3
-71.3242 -17.8248 69.27 4.1
-68.5527 -21.5463 114.87 4.2
-67.071 -24.2488 163.83 4.2
-67.2808 -24.4021 175.9 4.7
-67.0048 -24.3221 189.0 6.3
-68.5588 -21.5732 138.29 4.2
-65.0281 -23.2591 8.0 5.8
-68.5188 -22.0021 137.6 4.1
-71.5488 -27.7212 10.0 4.3
-69.2105 -20.1483 99.19 4.3
-71.3647 -31.751 43.69 4.1
-68.6299 -21.0711 150.91 4.3
-66.7086 -23.7669 188.31 4.2
-67.1233 -23.9506 220.0 4.4
-67.565 -22.2075 220.27 4.1
-71.7229 -35.5767 77.48 4.5
-68.9649 -31.2941 113.23 4.6
-68.774 -31.5989 103.99 4.5
-68.689 -22.4597 113.62 4.2
-70.3339 -33.6991 111.26 4.6
-66.0839 -22.6077 247.89 4.6
-71.8296 -32.4833 21.94 4.3
-71.8016 -30.6755 20.54 4.4
-71.4973 -27.7378 20.56 4.2
-68.2193 -31.633 104.38 4.2
-73.096 -34.6072 20.43 4.3
-73.0596 -34.5978 22.0 6.1
-71.9917 -29.316 29.6 4.2
-71.4511 -30.9181 51.0 5.5
-68.8575 -21.2353 124.87 4.4
-69.9993 -18.1833 130.93 4.5
-68.5055 -21.9314 126.33 4.1
-68.5729 -21.7805 107.99 4.2
-67.3513 -20.8605 192.97 4.4
-68.9811 -20.3239 101.24 4.4
-68.4924 -29.1016 97.23 4.4
-71.1151 -29.8707 33.15 3.9
-67.1163 -24.261 138.75 4.3
-71.5746 -36.1872 99.88 4.2
-71.1049 -28.4294 43.01 4.8
-66.8157 -23.9391 197.12 4.5
-71.4801 -32.4411 67.73 4.2
-72.6187 -34.3297 11.15 4.3
-67.1532 -24.3588 165.94 4.5
-66.5878 -27.9782 160.94 4.3
-67.5284 -24.1244 141.29 5.3
-66.7794 -23.3956 214.03 4.5
-68.9989 -21.2436 127.5 4.3
-70.9068 -20.2306 17.33 4.2
-69.0399 -20.398 85.26 4.8
-67.5529 -31.3839 110.18 4.4
-70.7924 -20.2477 23.95 4.3
-70.8451 -20.2435 24.22 3.6
-71.529 -31.7563 46.99 4.7
-68.8415 -31.7066 106.89 4.4
-67.785 -28.6987 184.32 4.4
-71.5658 -30.6797 41.16 4.3
-66.6879 -23.7566 205.41 4.0
-71.5664 -29.9821 38.26 4.2
-66.0447 -22.0383 259.98 4.1
-72.0927 -30.6041 10.0 4.3
-66.9328 -24.1163 167.47 4.5
-66.7059 -21.4681 222.69 4.0
-70.8113 -27.5169 48.25 4.2
-67.628 -19.2217 234.18 4.3
-66.369 -22.6442 284.25 4.0
-70.8048 -20.6833 10.0 4.2
-71.0126 -27.7603 27.94 4.1
-67.3564 -28.6935 125.53 4.2
-67.9093 -21.1342 163.48 4.5
-73.333 -40.546 51.0 4.3
-70.3616 -25.4472 36.88 4.4
-70.2553 -22.9761 46.45 4.2
-69.8458 -18.6532 134.22 4.2
-68.6221 -21.6173 139.55 4.5
-67.3173 -24.3181 176.08 4.3
-72.1302 -32.8348 10.0 3.8
-67.0357 -31.8675 117.31 4.6
-69.2277 -23.7334 99.25 4.1
-71.0781 -19.9522 11.42 4.1
-68.2013 -21.8066 126.33 4.3
-66.8888 -24.2353 192.8 4.4
-69.9055 -18.6705 86.19 4.6
-65.8815 -22.0559 253.87 4.5
-69.4207 -27.8862 114.58 4.2
-68.5078 -21.737 120.4 4.5
-68.9584 -20.5711 105.02 4.1
-66.5392 -22.9625 218.19 4.4
-69.2404 -19.7109 123.38 4.1
-69.8073 -17.7108 150.37 4.9
-69.9184 -21.3581 53.98 4.0
-71.2194 -29.3262 46.4 4.1
-71.2397 -29.3186 50.0 5.8
-72.4126 -31.3777 15.21 4.0
-71.7422 -34.9204 53.1 4.1
-66.9597 -22.8889 206.83 4.2
-67.245 -24.1984 169.94 4.3
-71.6926 -34.8887 57.62 5.5
-68.9835 -38.6338 11.92 4.1
-70.566 -31.151 95.43 4.4
-70.9416 -17.571 105.44 4.4
-68.5115 -23.3654 110.94 4.4
-68.5372 -23.2412 117.98 4.6
-70.9121 -20.0599 10.0 4.4
-70.9641 -20.0026 10.0 5.3
-69.5596 -18.6242 118.89 4.1
-69.2529 -17.745 158.44 4.2
-67.2126 -18.9979 263.99 4.3
-67.2969 -27.5866 123.4 5.0
-71.0428 -25.4821 7.84 4.3
-69.9117 -21.3831 53.14 3.9
-71.4792 -30.7204 39.41 4.2
-70.9323 -25.5231 20.0 5.7
-70.0331 -19.4899 12.79 4.1
-69.2021 -18.9386 135.91 4.1
-71.4348 -30.7329 40.01 4.3
-70.6107 -31.734 10.0 4.1
-67.8104 -19.4896 238.27 4.5
-73.7593 -37.1983 10.0 4.3
-66.2395 -21.8795 242.87 4.2
-70.8838 -27.3036 31.65 4.9
-66.2915 -22.927 228.13 4.0
-68.7497 -28.2804 111.18 4.5
-65.073 -25.2396 10.0 4.2
-69.4969 -31.5371 112.71 4.2
-71.5406 -30.9067 53.34 4.0
-70.3519 -22.5606 29.03 4.2
-71.2705 -26.6885 10.0 4.4
-69.0561 -20.7859 111.49 4.3
-68.9639 -31.5425 110.26 4.9
-68.1737 -31.7188 111.34 4.5
-70.0999 -33.0231 116.91 4.3
-70.4723 -21.8445 23.81 4.2
-72.2235 -34.0036 19.75 4.1
-71.1099 -26.135 10.0 4.9
-67.9931 -21.1728 170.94 4.2
-69.3145 -23.1064 96.74 4.4
-68.5648 -31.4943 106.39 4.4
-70.0783 -21.9399 72.23 4.2
-69.9063 -31.6188 123.92 4.4
-68.9687 -20.9132 108.32 4.3
-66.8496 -24.0467 189.61 4.4
-69.3106 -23.21 90.46 4.2
-70.1674 -19.2998 57.19 3.8
-72.46 -33.7317 9.24 4.5
-66.405 -27.8978 163.02 5.0
-70.8431 -33.309 78.78 4.2
-69.124 -20.7431 98.47 4.3
-73.929 -38.0984 18.81 4.2
-71.6383 -32.7067 33.82 4.4
-69.4566 -19.074 124.13 4.3
-71.1571 -28.9862 49.97 4.5
-67.6735 -24.0132 169.47 4.1
-69.872 -21.4095 45.66 4.0
-70.1693 -20.7828 44.53 3.7
-71.8269 -32.2684 19.48 4.2
-75.0844 -38.3582 13.96 4.9
-70.3113 -20.2113 32.07 3.7
-67.1602 -29.6947 119.28 4.5
-67.033 -24.1633 174.54 4.5
-66.8462 -24.1584 184.88 4.1
-66.3171 -22.5454 250.32 4.5
-66.9519 -21.0306 254.06 4.1
-69.3817 -19.4704 106.0 4.5
-70.8277 -33.6998 85.25 4.5
-72.059 -33.0043 18.23 4.8
-71.2673 -29.2563 35.0 4.1
-70.8265 -25.0838 35.15 4.2
-68.4387 -22.6633 113.72 4.0
-71.6657 -30.6963 31.02 4.7
-68.6878 -21.9149 118.7 4.0
-68.4485 -21.8063 127.27 4.9
-72.364 -31.801 10.61 4.3
-69.8286 -18.4945 102.98 4.1
-68.9705 -20.9034 105.49 4.1
-71.3902 -28.4664 38.42 4.4
-67.2483 -24.3735 171.54 4.2
-69.3833 -27.4477 115.49 4.3
-67.4464 -24.1975 190.55 4.4
-68.6888 -21.0136 123.66 4.9
-70.2821 -20.4111 66.01 3.9
-72.8723 -31.1037 10.08 4.4
-67.5702 -22.4264 167.64 4.1
-69.2226 -17.5896 152.37 4.5
-67.981 -24.407 141.85 4.3
-71.5753 -30.3165 35.0 4.8
-71.7861 -31.4791 55.81 4.3
-66.5432 -22.85 226.18 4.2
-71.4485 -27.899 17.7 4.5
-66.7244 -22.9708 242.71 4.3
-71.4867 -27.8667 16.83 4.3
-71.5427 -28.5711 37.61 4.1
-71.4701 -29.0289 29.17 4.2
-69.1176 -20.8322 119.93 4.2
-66.6806 -20.6134 242.26 4.4
-71.4217 -28.1081 20.4 4.5
-69.8344 -21.4217 51.43 4.4
-69.9127 -21.3855 51.83 4.5
-69.9452 -21.4278 45.09 4.5
-69.9096 -21.3968 51.0 6.2
-69.0988 -29.7328 115.36 4.4
-69.0314 -20.8469 123.95 4.6
-71.4899 -27.7489 10.0 4.6
-68.468 -21.7066 122.02 4.3
-66.9185 -23.3046 212.6 4.2
-71.6181 -30.3858 25.01 4.4
-71.8938 -29.4113 10.0 4.3
-71.7073 -28.0169 10.0 4.4
-71.6505 -31.822 61.59 4.1
-72.0306 -28.9259 17.43 4.1
-71.4017 -27.8357 9.47 4.3
-67.4515 -20.7881 213.16 4.5
-68.1997 -30.9252 10.0 4.4
-69.0544 -31.2756 121.82 4.5
-66.7706 -21.4826 226.62 4.4
-71.4183 -27.9994 25.63 4.5
-71.3805 -27.9912 18.65 4.7
-71.51 -27.2708 35.0 4.4
-71.4912 -30.3388 30.0 6.3
-71.6506 -27.9236 12.24 4.0
-71.5884 -27.9433 10.93 4.8
-71.3222 -33.3681 46.69 3.9
-71.4585 -27.836 17.07 4.0
-71.5023 -27.7682 10.0 4.2
-67.0815 -24.1735 203.1 4.2
-68.6007 -23.4983 107.23 4.3
-71.5326 -27.8565 10.0 4.4
-66.6727 -23.9107 203.38 4.3
-71.6833 -27.8124 10.65 4.4
-71.5547 -27.8438 10.0 4.6
-69.7582 -17.2024 152.11 4.2
-71.7473 -27.8785 10.0 4.0
-71.5003 -27.9569 10.42 4.6
-68.5821 -28.735 107.24 4.1
-71.5564 -27.9074 10.07 4.4
-71.614 -27.8367 11.49 4.2
-71.7107 -27.841 10.0 3.9
-71.1998 -27.9881 28.6 4.7
-71.3746 -27.7767 17.6 3.9
-71.3258 -27.9396 25.6 4.4
-71.385 -27.935 17.74 4.4
-71.496 -27.8451 10.0 4.3
-71.45 -27.8784 15.32 4.8
-67.5805 -32.3223 134.52 4.2
-71.5125 -27.9445 10.0 4.4
-71.3701 -27.9162 16.0 6.5
-71.3901 -27.8784 16.25 5.0
-71.545 -27.8449 17.19 3.9
-71.4922 -27.7498 15.65 3.8
-71.5942 -27.8209 10.0 4.3
-66.4648 -22.9955 248.43 4.2
-71.4766 -27.9406 11.88 4.4
-71.1091 -27.8849 34.72 4.6
-71.4157 -27.9916 19.93 4.4
-71.3922 -27.8691 22.0 5.7
-71.4379 -27.9015 13.11 4.2
-71.4564 -27.9718 10.0 4.4
-71.3766 -28.0268 19.65 4.1
-71.3814 -27.9964 18.11 5.8
-71.1758 -27.9601 22.42 4.4
-71.1285 -27.895 21.09 4.7
-71.1985 -27.9308 28.82 4.3
-70.9247 -27.9499 19.69 4.5
-71.3074 -28.0177 19.01 4.1
-71.2989 -27.9516 21.28 4.5
-71.2842 -27.9801 19.22 5.4
-71.2377 -27.8963 17.12 4.8
-71.2997 -28.044 23.95 4.9
-71.282 -27.9364 17.45 4.6
-71.2206 -28.0101 33.78 4.5
-70.8896 -27.8353 15.39 4.8
-71.2008 -27.968 28.0 5.1
-71.2662 -28.0315 16.18 6.3
-71.1538 -27.951 22.86 5.1
-71.3062 -27.9686 21.0 6.8
-66.7121 -23.9477 203.33 4.4
-68.2564 -32.7274 16.35 4.4
-66.7087 -22.8417 207.31 4.2
-69.9011 -20.0048 60.78 4.3
-68.1574 -24.3025 134.09 4.2
-67.1987 -24.3244 162.84 4.3
-71.7069 -28.0446 10.0 4.5
-68.6823 -22.0508 119.59 4.2
-66.6077 -23.9846 199.35 4.3
-68.8352 -31.4214 110.04 4.7
-70.6281 -20.8789 16.15 4.2
-69.5268 -26.22 10.0 4.8
-71.346 -27.8289 19.02 4.2
-69.1593 -24.9538 102.77 4.1
-69.8412 -20.5975 49.98 3.7
-70.419 -33.687 100.55 4.1
-66.7809 -21.3835 211.37 4.1
-69.6125 -19.6301 100.27 4.0
-67.3432 -24.2574 178.66 4.4
-66.9311 -23.1883 238.13 4.1
-68.9389 -31.3558 112.32 4.4
-71.8345 -32.3708 35.0 4.1
-67.0438 -24.2225 171.11 4.3
-70.101 -33.2261 10.0 4.1
-67.3178 -24.2565 180.31 4.5
-70.2937 -19.2414 60.36 5.1
-70.02 -20.1829 45.29 3.6
-69.2033 -19.9374 98.87 4.5
-70.167 -33.223 10.0 4.8
-66.3129 -22.6196 259.25 4.1
-71.6197 -30.2677 61.78 4.6
-69.2448 -26.2843 119.5 4.4
-72.6923 -34.959 18.45 4.6
-66.5089 -22.9717 209.61 4.4
-69.2888 -27.8854 104.07 4.3
-66.6898 -23.8245 191.39 4.5
-71.6585 -29.9792 39.15 4.5
-65.706 -21.3683 278.96 4.1
-68.4646 -33.939 10.9 4.3
-71.8124 -33.4493 26.45 4.3
-71.9013 -32.9157 10.0 4.2
-66.6884 -24.0198 210.26 4.5
-70.1928 -32.983 123.45 4.7
-68.5863 -21.1408 155.86 4.1
-72.0854 -29.326 36.08 4.2
-67.0966 -23.6343 227.79 4.3
-68.8715 -20.4841 98.29 4.5
-69.1855 -19.5898 101.56 5.5
-69.8691 -19.7947 30.77 3.9
-72.004 -30.5415 10.0 4.1
-68.7204 -21.3128 138.02 4.3
-67.9169 -24.6788 120.59 4.4
-68.6078 -31.4038 130.16 4.0
-66.8317 -23.9592 203.18 4.3
-67.1117 -24.37 174.01 4.4
-68.9305 -20.8417 118.4 4.1
-68.8048 -21.9155 121.43 4.0
-69.7789 -17.6093 10.0 3.6
-70.8138 -23.9981 44.07 4.2
-66.0453 -22.4737 254.07 4.3
-71.7751 -34.7632 43.22 4.2
-66.8612 -23.9701 186.94 4.4
-68.8783 -31.5336 116.67 4.3
-71.8978 -32.1399 24.84 4.4
-72.0032 -29.3683 10.0 4.4
-69.5844 -25.7516 35.0 4.6
-69.8281 -17.5498 10.0 4.5
-69.7437 -17.6096 10.0 4.1
-69.8323 -17.5168 16.84 4.8
-69.8851 -17.468 10.0 4.4
-69.7816 -17.5082 10.0 4.1
-69.8417 -17.5285 10.0 4.5
-69.808 -17.5772 17.68 4.2
-65.8527 -27.1313 46.94 4.3
-65.847 -27.0335 37.5 4.5
-69.8917 -17.5069 10.0 4.1
-69.8895 -17.4809 10.0 4.9
-68.8363 -20.9306 107.59 4.1
-69.2008 -20.4322 114.04 4.1
-70.8449 -17.5656 115.07 4.2
-67.1466 -22.3147 167.88 4.5
-72.2129 -31.9114 10.0 4.3
-75.9915 -43.3222 10.0 4.4
-70.0623 -27.2861 94.63 5.0
-70.7351 -26.1788 30.95 4.1
-68.7223 -21.8308 125.42 4.0
-68.749 -21.3918 102.86 4.3
-68.5687 -22.1976 121.71 4.9
-69.9851 -26.7908 76.42 4.4
-69.5295 -19.1115 102.67 4.3
-68.425 -33.1552 157.27 4.2
-68.6119 -21.928 128.12 4.1
-70.1472 -20.6862 39.11 3.5
-68.5508 -32.1749 123.63 4.3
-66.57 -23.1201 207.99 3.9
-70.5014 -24.6008 43.6 4.2
-68.5665 -21.8767 127.29 4.1
-68.5687 -23.3257 113.91 4.2
-68.5485 -21.1953 132.35 4.1
-72.2982 -29.5604 10.07 4.3
-70.1446 -20.3058 68.1 4.5
-67.8614 -18.7786 192.55 4.6
-68.1695 -32.8887 10.0 4.3
-69.2418 -31.4884 111.49 4.4
-70.7862 -20.7011 35.0 4.2
-66.6507 -23.0355 248.05 4.5
-70.1328 -20.2355 73.56 5.9
-69.3358 -23.095 84.03 4.0
-70.3158 -30.5525 111.01 4.1
-70.2289 -22.8297 59.96 4.3
-70.2718 -20.1678 42.07 4.0
-67.7014 -23.9897 153.09 4.2
-68.3182 -31.3566 103.91 4.8
-68.743 -20.9476 122.32 4.0
-68.8763 -21.1146 116.85 4.2
-70.4303 -24.8124 53.54 4.5
-70.9339 -17.4889 75.82 4.5
-71.7078 -31.6813 35.0 4.2
-69.3657 -20.9736 59.69 4.1
-69.9517 -17.5151 10.0 4.3
-69.0558 -31.6762 107.51 4.2
-69.3287 -31.9533 113.49 4.4
-69.5198 -19.0682 124.8 4.3
-70.4448 -20.5254 35.0 4.1
-71.3887 -28.8697 35.0 4.1
-68.1547 -22.9693 130.37 4.3
-69.5638 -18.8199 116.22 4.2
-70.5695 -28.4306 77.7 4.5
-66.5462 -23.0163 207.81 4.4
-73.0002 -38.8462 40.22 4.1
-70.8706 -24.9215 35.0 3.9
-71.671 -40.9396 166.22 4.5
-71.1684 -27.1192 37.49 4.1
-73.4105 -34.5108 10.0 4.3
-72.1077 -34.1394 35.0 4.7
-71.4945 -30.798 40.37 4.5
-67.2165 -24.155 169.51 4.2
-71.8047 -31.5497 35.0 4.4
-70.1392 -33.3349 109.9 4.1
-72.5002 -33.372 13.98 4.2
-66.8444 -24.0456 188.23 4.2
-69.4512 -25.5513 10.0 4.3
-69.4528 -25.5939 21.96 4.4
-72.5544 -33.3656 9.85 4.3
-67.2042 -24.2981 174.97 4.5
-67.2767 -24.0293 201.76 4.2
-67.425 -24.215 194.39 4.3
-72.4489 -33.3534 10.0 4.1
-69.2171 -31.7954 115.49 4.5
-69.3156 -27.5167 111.68 4.2
-69.6431 -18.9386 116.26 4.2
-66.0223 -22.0315 275.37 4.4
-69.9468 -31.5286 123.81 4.2
-68.4981 -21.8162 124.45 4.3
-72.1707 -30.1741 11.34 3.9
-70.6847 -34.8403 104.17 4.0
-70.6301 -20.1899 18.09 4.9
-69.8232 -29.0399 120.35 4.3
-65.3416 -30.9507 182.66 4.7
-66.6872 -24.087 203.81 4.3
-68.32 -31.8027 110.2 4.4
-71.6188 -32.2257 35.0 5.2
-70.1098 -19.9889 44.27 3.5
-69.4035 -27.5735 113.28 4.4
-71.7159 -32.2594 35.35 3.8
-72.1433 -50.9444 10.0 4.4
-66.8867 -27.8334 159.84 4.6
-72.4769 -36.6821 59.21 4.4
-68.2103 -22.679 126.64 4.2
-68.5385 -21.4848 152.99 4.4
-66.9586 -24.1094 198.09 4.3
-73.9532 -38.1354 10.0 4.1
-68.4931 -23.3495 98.53 4.2
-73.1553 -36.637 24.17 4.8
-68.5679 -23.2758 108.9 4.5
-67.2745 -31.9108 133.01 4.3
-67.3174 -21.9719 192.06 4.7
-67.1124 -24.1903 156.13 4.5
-71.5655 -30.0439 34.48 4.4
-67.0341 -24.0137 230.73 4.2
-67.1774 -24.2889 163.09 4.4
-67.1246 -18.7952 246.9 4.3
-71.8569 -32.0655 46.95 4.2
-72.5912 -36.6195 55.82 3.5
-68.3977 -21.4709 118.56 4.5
-66.7434 -21.4696 211.11 4.5
-68.9641 -28.6386 126.46 4.1
-67.9087 -23.9556 120.31 4.3
-71.5412 -37.5253 10.0 3.8
-68.5144 -23.2501 120.18 4.0
-69.3472 -22.062 82.45 4.1
-67.9879 -23.7995 124.23 4.1
-67.6189 -28.4644 125.87 4.3
-68.371 -21.8116 137.6 4.0
-68.5373 -21.731 136.56 4.3
-71.647 -30.445 23.08 4.0
-67.5478 -28.9184 126.95 4.3
-69.2094 -20.7376 118.63 4.0
-70.465 -23.0864 29.18 4.1
-68.4336 -23.3547 107.33 4.6
-68.4677 -23.274 112.0 6.8
-69.3141 -22.2686 101.33 4.1
-69.2858 -17.3353 163.5 4.9
-69.5534 -35.0074 176.99 4.1
-68.263 -31.2716 127.92 4.0
-68.5881 -21.3999 123.76 4.0
-68.675 -21.3927 113.61 4.4
-68.5736 -21.8538 136.97 4.6
-68.9638 -31.2337 106.76 4.5
-71.3877 -35.5124 88.67 4.3
-71.2771 -29.1575 63.13 4.5
-67.2822 -24.2338 194.17 4.6
-69.2014 -27.6549 116.01 4.9
-66.1858 -23.2182 213.81 4.8
-69.2638 -18.3291 140.78 4.6
-72.2411 -31.5538 10.0 4.4
-68.2088 -31.6953 109.68 4.1
-66.4387 -22.6074 276.09 4.5
-67.3655 -22.2701 162.72 4.6
-69.1996 -20.4948 81.09 4.0
-67.1808 -24.2937 178.51 4.4
-66.2722 -22.795 254.0 4.3
-68.6933 -22.8432 108.53 4.1
-66.9281 -24.2952 165.92 4.5
-69.5008 -19.6723 102.16 4.1
-69.254 -18.7269 126.13 4.0
-67.65 -21.3081 198.44 4.2
-69.7698 -19.5977 74.47 4.1
-70.3526 -19.7525 40.72 3.7
-69.8262 -33.5124 114.41 5.2
-67.134 -24.2544 186.38 4.6
-69.0494 -22.9595 94.03 4.9
-67.1596 -24.2118 157.46 4.6
-70.4344 -33.0136 102.45 4.3
-67.3703 -31.3796 10.0 4.5
-70.7334 -33.5532 85.67 4.4
-74.0472 -41.6862 35.0 4.4
-68.7368 -21.0928 103.85 4.3
-67.2213 -24.1333 209.29 4.3
-66.6988 -26.0446 25.18 4.9
-69.1829 -20.5334 103.06 4.1
-69.2246 -19.1842 120.97 4.2
-68.3988 -21.4902 125.96 4.2
-68.6367 -24.5162 102.3 4.9
-68.1433 -19.451 220.38 4.4
-70.0688 -19.9473 48.69 4.8
-69.1736 -23.9005 78.05 4.4
-67.0515 -23.9785 174.61 4.7
-69.7579 -17.7024 149.02 4.3
-67.1917 -24.1078 177.02 4.8
-69.9258 -24.8335 110.72 4.3
-66.5103 -27.5667 157.47 4.2
-70.9987 -27.7289 64.37 4.1
-69.5694 -17.6477 162.83 4.2
-69.1472 -20.185 104.11 4.7
-66.9305 -24.0002 209.76 4.0
-65.3204 -20.8147 333.82 4.3
-68.4065 -22.6914 109.21 4.3
-66.9104 -21.5076 241.17 4.3
-70.3676 -21.0933 43.69 4.5
-68.0677 -22.7558 107.3 5.4
-69.0489 -19.1562 120.9 4.6
-68.2175 -22.4754 97.12 4.0
-68.848 -23.2153 90.45 5.0
-68.1368 -22.8868 122.54 4.6
-68.6187 -28.3994 91.69 4.2
-68.4677 -21.1325 145.32 4.1
-70.4824 -19.3548 63.51 5.1
-71.3787 -29.6319 70.66 4.9
-71.6626 -30.5982 36.46 4.6
-71.2928 -34.095 59.35 4.6
-67.4265 -31.8036 121.48 4.6
-69.2049 -20.5142 93.65 4.6
-68.639 -21.7404 119.07 4.2
-69.4703 -17.3824 169.09 4.2
-75.2656 -38.0638 10.0 3.9
-71.4053 -30.6376 46.61 4.2
-67.0413 -24.0586 182.01 4.6
-66.9818 -24.0204 167.65 4.8
-66.93 -24.0112 164.35 5.4
-66.7737 -24.1014 213.97 4.2
-67.147 -24.2658 166.67 4.3
-69.191 -23.9919 91.83 4.3
-70.2378 -31.1271 132.69 4.1
-67.9997 -22.6597 108.93 5.3
-67.3185 -19.1542 232.33 4.4
-68.6897 -31.2514 110.81 4.3
-68.92 -22.3471 122.78 4.1
-66.6103 -23.2797 195.02 4.9
-67.0461 -24.2701 149.27 5.4
-67.0456 -23.3556 211.99 4.4
-66.8641 -23.8019 243.78 4.2
-67.5897 -22.3725 165.46 4.2
-68.929 -20.4223 113.45 4.0
-71.3651 -31.7314 40.77 4.3
-70.132 -19.925 45.4 3.8
-70.4459 -20.4873 27.28 3.6
-67.2071 -24.1677 198.44 4.3
-70.4304 -20.5172 25.31 4.3
-68.5932 -21.4049 122.69 4.2
-71.4861 -27.8443 12.87 4.9
-69.7767 -18.6421 94.61 4.2
-67.4382 -21.3626 170.49 4.0
-69.4425 -18.0259 142.69 4.2
-68.1612 -31.0248 10.0 4.4
-71.5542 -31.0537 35.0 3.8
-71.5346 -30.3661 29.15 4.2
-69.3702 -32.1305 114.78 4.1
-66.7603 -22.9742 241.78 4.0
-67.0685 -24.0153 234.49 4.0
-69.1509 -17.6957 166.0 4.1
-68.3769 -28.9816 100.13 4.5
-71.364 -36.033 112.01 4.1
-68.8075 -22.3694 120.43 4.0
-67.8309 -27.7021 128.02 4.6
-70.2349 -32.2975 121.5 4.4
-73.7707 -37.9731 11.25 5.1
-67.3891 -31.5813 113.26 4.0
-71.618 -30.8413 35.0 3.6
-70.4857 -19.7141 64.3 4.6
-69.2021 -20.2065 95.47 4.8
-66.8896 -23.1204 241.19 4.1
-70.4776 -33.8886 108.38 4.9
-69.5294 -25.7639 33.1 4.9
-67.9992 -29.2473 106.75 4.8
-66.7014 -24.1666 177.52 4.2
-69.9862 -19.3258 69.23 4.1
-70.5919 -22.945 23.39 4.3
-70.1289 -19.2349 30.66 3.9
-69.4385 -31.4427 114.99 4.6
-68.9305 -21.0846 113.97 4.4
-69.611 -18.18 141.89 5.0
-67.0314 -24.1628 163.61 4.8
-67.5011 -21.8026 201.58 4.4
-68.5621 -21.7087 131.03 4.2
-71.8272 -31.4526 35.1 4.3
-71.6549 -31.483 35.0 4.6
-68.1313 -31.7812 8.7 4.4
-66.7889 -23.9724 197.69 4.5
-68.6981 -21.1469 134.09 4.1
-71.6309 -30.835 35.0 4.2
-70.5466 -24.4196 57.48 4.1
-71.7244 -29.5419 44.61 4.4
-68.7536 -32.0847 12.14 4.2
-70.119 -20.129 50.16 4.3
-75.5856 -47.6301 13.63 4.4
-71.5891 -31.7879 34.59 4.2
-71.6142 -31.7572 35.0 4.3
-68.8581 -20.6796 109.38 4.2
-68.9389 -31.1792 101.27 4.9
-71.8405 -30.5678 25.32 4.0
-67.0227 -24.0355 226.99 4.1
-65.5851 -28.4377 10.0 4.0
-71.6558 -29.0491 49.65 4.8
-69.773 -24.182 101.05 4.3
-70.6699 -18.5445 35.0 4.3
-69.1367 -20.0056 99.62 4.6
-70.7842 -25.948 67.92 4.8
-67.2032 -24.2021 189.88 4.4
-70.3939 -22.8091 33.64 4.6
-66.8811 -23.9739 194.63 4.2
-68.5455 -22.0064 114.1 4.2
-69.9744 -17.9984 126.86 4.3
-71.2715 -26.9671 10.0 4.5
-69.4962 -21.4309 29.93 4.4
-73.7437 -35.712 10.0 4.5
-67.3899 -24.3203 188.95 4.2
-67.0282 -24.2657 178.02 4.4
-73.7211 -35.694 10.0 4.6
-67.1164 -24.0285 217.96 4.2
-74.2736 -37.5489 10.0 4.2
-72.0852 -32.4013 10.0 4.4
-74.1158 -35.3527 10.0 4.6
-73.4977 -35.7463 10.0 4.0
-69.2018 -19.4448 115.2 4.2
-66.3408 -22.4897 248.52 4.3
-73.7078 -35.8211 10.0 4.1
-73.4677 -35.7473 10.0 5.1
-73.375 -35.7733 10.0 4.6
-69.2105 -31.2314 118.22 4.0
-67.0925 -23.3583 213.92 4.2
-68.2332 -21.2566 143.41 4.6
-68.8227 -28.8317 82.7 4.5
-71.8795 -30.5819 24.08 4.7
-70.0228 -18.8106 71.92 4.7
-67.2863 -24.2746 152.59 4.7
-74.3326 -42.9067 23.54 4.2
-69.0622 -29.1693 17.47 4.2
-67.2693 -20.9215 195.09 4.3
-70.1252 -19.0659 70.27 4.3
-71.3341 -33.3848 49.69 3.9
-72.6422 -17.9086 10.0 4.4
-73.1685 -36.1555 33.03 5.6
-69.238 -20.1912 93.39 4.0
-71.9674 -29.4638 10.0 4.3
-69.1511 -31.4106 114.47 4.3
-68.6721 -21.905 117.81 4.3
-68.8115 -21.2704 110.83 4.3
-69.1747 -20.557 110.82 4.1
-69.7391 -18.5292 131.29 4.3
-66.8271 -23.9531 208.84 4.2
-66.6812 -21.5229 197.1 4.2
-69.2739 -19.9306 102.69 5.2
-67.4751 -22.1711 205.58 4.3
-72.2447 -30.2967 6.75 4.6
-68.3999 -21.6214 100.89 4.6
-71.6612 -30.4098 28.2 4.3
-67.1181 -23.8097 175.75 4.0
-67.8732 -22.1116 151.33 5.1
-68.803 -28.5433 130.4 4.6
-68.3286 -31.7643 102.45 4.5
-67.6585 -32.3293 126.42 4.2
-72.2162 -30.4212 8.71 4.3
-69.1925 -24.8906 129.88 4.3
-66.5927 -21.4679 204.0 4.3
-67.3416 -21.8075 208.7 4.1
-67.0147 -18.0077 285.1 4.3
-67.1016 -24.3112 187.52 4.3
-74.3616 -42.845 23.96 4.2
-71.7492 -31.5808 24.17 4.3
-66.9645 -23.2794 228.08 4.1
-72.2058 -30.3277 16.6 4.4
-69.8879 -21.3096 48.41 4.5
-69.5944 -23.7854 75.56 4.6
-65.9727 -22.9287 259.65 4.4
-67.142 -24.1742 186.89 4.0
-67.4978 -28.4189 105.86 5.5
-72.3679 -36.3779 57.62 4.4
-67.2356 -21.2577 175.16 4.4
-70.544 -18.1133 58.14 4.9
-71.0421 -38.5171 185.03 4.1
-70.8998 -20.037 16.98 4.1
-69.2996 -20.4157 90.19 4.2
-68.3778 -21.1414 122.57 4.4
-69.3773 -25.8257 107.83 4.3
-68.7771 -31.4824 104.04 4.5
-68.485 -21.9591 101.57 4.5
-66.9384 -23.9832 209.08 4.5
-71.1547 -29.529 75.13 4.8
-71.4659 -30.9949 48.08 4.8
-69.3247 -18.9019 118.65 4.4
-67.2189 -21.3922 191.74 4.4
-72.2336 -51.0153 18.1 4.2
-69.4021 -23.0505 75.93 4.6
-67.5562 -21.7791 233.45 4.1
-67.1351 -23.9592 238.45 4.6
-71.7731 -30.4269 35.0 4.3
-68.5002 -21.5823 123.07 4.0
-69.3199 -20.7677 86.09 4.5
-73.3475 -35.587 10.0 4.2
-70.5855 -19.1429 54.77 4.0
-73.2961 -35.5927 10.0 4.2
-73.2435 -35.5964 10.0 5.0
-68.0078 -20.9038 150.71 4.2
-68.4679 -21.932 104.1 5.2
-69.2736 -30.978 120.37 4.2
-65.3015 -30.914 183.86 4.2
-66.7394 -31.5296 115.22 4.1
-69.0969 -22.7305 89.36 4.1
-71.7109 -29.4442 46.34 4.6
-69.1511 -21.2433 96.91 4.1
-70.8962 -20.9443 10.0 4.4
-70.8282 -20.9437 10.0 5.0
-70.7406 -20.944 10.0 4.0
-70.7999 -20.9665 10.0 4.6
-68.8849 -21.0628 121.57 4.1
-70.8845 -24.7868 36.16 5.3
-71.4537 -30.3569 35.0 4.1
-66.8039 -23.2915 208.13 4.5
-68.7137 -20.8279 108.34 5.2
-68.7742 -22.8646 124.49 4.4
-68.228 -22.886 129.73 4.6
-66.4647 -27.9659 170.59 4.4
-66.7257 -23.8917 196.89 4.2
-67.2952 -24.3564 191.29 4.0
-66.9561 -24.4465 160.48 5.2
-69.3011 -25.8184 135.12 4.3
-72.0379 -30.2537 12.69 4.8
-67.1954 -24.1475 144.9 4.1
-66.7714 -23.3357 241.43 4.1
-69.4286 -18.2929 142.43 4.2
-72.3203 -39.3431 92.42 4.1
-67.8564 -21.2168 163.64 3.9
-68.7436 -20.3386 119.85 4.4
-72.3456 -30.2403 7.45 5.5
-66.6974 -21.54 246.61 4.0
-71.5003 -31.7516 44.86 4.3
-69.7035 -25.3362 65.75 4.7
-65.8973 -21.995 267.3 5.3
-67.1752 -28.6372 131.87 4.6
-67.3349 -24.1023 217.33 4.2
-66.9475 -24.1386 171.33 4.9
-67.6326 -29.8341 121.01 4.2
-69.6678 -18.2401 117.32 4.7
-67.1957 -24.223 193.35 4.5
-68.8001 -31.2591 113.5 4.4
-71.0157 -17.3895 82.32 5.3
-68.7031 -22.8132 116.2 4.2
-75.2374 -40.2441 10.0 4.5
-67.2454 -24.0845 194.08 4.2
-66.8054 -24.2996 183.11 4.4
-69.315 -19.3863 113.29 4.5
-68.5055 -21.0687 152.84 4.1
-67.1931 -24.1831 172.39 4.7
-74.1362 -41.6974 38.4 4.3
-66.7317 -23.4459 206.4 4.5
-69.0363 -23.8291 90.92 4.3
-71.2827 -17.0713 92.33 4.5
-66.9041 -23.9543 210.29 4.3
-69.1951 -19.0212 121.06 4.5
-71.3603 -28.5996 35.0 4.5
-69.0994 -19.9162 99.76 4.5
-68.6852 -21.1391 113.83 4.2
-72.1095 -29.8684 10.16 3.9
-68.5569 -32.9458 39.97 4.5
-66.6039 -23.7419 217.47 4.2
-66.8978 -23.4712 247.72 4.2
-66.8888 -21.56 252.87 4.1
-68.7743 -23.2945 99.3 4.2
-74.0109 -34.7855 10.0 4.5
-68.2737 -21.7351 109.13 5.0
-69.8262 -30.138 114.02 4.2
-70.9395 -26.1174 62.86 4.8
-71.2282 -40.2487 167.57 5.3
-67.4718 -21.9291 189.44 4.9
-68.278 -23.706 131.43 4.2
-67.0223 -23.1012 252.88 4.0
-68.6241 -21.893 119.32 4.0
-70.0463 -20.8227 53.59 4.6
-70.2023 -17.6278 115.47 4.2
-69.3347 -24.9108 118.99 4.1
-71.4426 -30.8075 40.49 4.4
-66.757 -28.0455 145.18 4.6
-71.1183 -35.0849 96.67 4.4
-71.1126 -19.78 10.0 4.1
-68.4803 -21.6965 118.19 4.5
-70.0633 -19.6448 46.0 4.2
-68.4786 -21.9101 131.09 4.1
-72.1842 -29.7621 8.11 4.5
-68.7106 -20.4299 102.05 5.2
-68.3504 -21.0313 152.76 4.1
-71.7878 -31.0031 35.0 4.3
-67.3193 -24.2131 180.42 4.5
-66.8278 -23.4993 219.22 4.4
-67.0893 -24.0426 221.85 4.4
-71.2656 -27.022 10.0 4.4
-66.9664 -23.5287 222.97 4.2
-67.7016 -19.1942 263.4 4.4
-71.1422 -35.0536 105.18 4.4
-69.335 -29.645 123.01 4.0
-72.0695 -30.3947 10.0 4.1
-67.1332 -23.9615 224.7 4.2
-68.8686 -20.6292 121.77 4.1
-66.3645 -22.9587 245.75 4.3
-68.389 -21.079 139.26 4.3
-71.5582 -30.2857 40.88 5.0
-70.7215 -22.7979 10.0 4.0
-69.9031 -24.7928 71.52 3.9
-71.5788 -30.2742 32.6 4.3
-68.8448 -22.3334 116.87 4.3
-68.9181 -24.3164 107.57 4.0
-67.5731 -21.1137 205.3 4.1
-70.2144 -33.0769 109.91 4.5
-69.3752 -23.3026 83.83 4.2
-70.4872 -21.0982 44.48 4.3
-68.6761 -23.1116 100.78 4.5
-68.41 -21.8974 132.86 4.1
-69.2132 -18.6601 135.07 4.9
-68.8938 -21.2038 123.57 4.2
-71.5959 -28.632 17.84 4.5
-67.4844 -21.8862 226.0 4.0
-71.7101 -30.6612 27.92 4.4
-71.3265 -27.859 18.43 4.3
-70.5295 -26.347 58.58 3.8
-67.0534 -23.9878 220.33 4.6
-70.0833 -21.2078 30.43 3.9
-68.7234 -22.0164 122.44 4.1
-68.8773 -21.1553 104.12 4.0
-71.331 -30.025 45.31 4.3
-68.481 -21.8021 119.1 4.5
-69.067 -20.2403 95.46 4.7
-69.2878 -27.0521 112.07 4.3
-67.0299 -24.136 164.42 4.2
-67.0142 -23.7511 235.01 4.0
-66.872 -23.8901 219.59 4.2
-67.0399 -24.1789 154.85 5.0
-65.3713 -26.887 36.89 5.0
-66.0943 -22.3875 261.88 4.3
-69.527 -28.165 105.09 4.4
-66.8587 -23.1408 219.29 4.1
-67.0574 -24.2969 161.68 4.8
-68.9011 -20.9403 98.47 4.0
-67.0325 -24.04 219.82 4.5
-67.3927 -24.1542 197.23 4.8
-68.9532 -20.6938 100.74 4.1
-70.2859 -33.7601 112.83 4.2
-69.7738 -29.0156 109.38 4.3
-71.3519 -31.8337 50.49 4.2
-68.6264 -22.3079 111.88 4.4
-67.0896 -23.9833 221.52 4.5
-70.3816 -32.077 110.83 4.8
-68.9685 -22.3263 116.21 4.3
-69.0175 -24.3238 123.34 4.3
-66.9877 -24.1022 182.45 4.3
-67.2308 -24.2324 178.27 4.4
-69.6004 -17.3802 151.34 4.4
-71.3318 -29.7279 46.49 4.3
-66.9132 -24.1709 205.24 4.3
-67.718 -27.3991 185.21 4.2
-74.2136 -43.1179 20.66 4.1
-69.1526 -22.5546 88.09 4.2
-66.2845 -22.837 232.83 4.6
-70.576 -18.5042 38.0 6.0
-70.7619 -20.9138 10.0 5.3
-71.9202 -23.1554 10.0 4.2
-70.7925 -34.724 101.76 4.0
-67.1025 -24.2424 169.92 4.4
-71.8679 -34.7834 47.39 4.6
-72.1489 -31.4626 10.0 4.0
-67.4281 -24.2226 210.73 4.2
-71.8162 -32.7444 23.32 4.4
-71.7857 -32.741 21.41 4.4
-68.7307 -21.3616 114.92 4.8
-71.0547 -27.2965 35.0 4.5
-70.3737 -21.9768 33.63 4.1
-71.2052 -28.2188 39.83 4.2
-70.399 -20.3363 35.81 4.2
-66.7207 -23.9644 193.61 4.3
-67.3787 -22.1943 198.69 4.3
-66.7313 -23.022 236.22 4.5
-67.0406 -24.2385 164.97 4.3
-68.656 -31.3042 106.34 4.4
-67.3956 -20.4923 193.56 4.6
-71.4562 -28.5135 22.88 4.7
-68.6143 -21.7183 136.55 4.3
-70.7115 -20.1969 18.13 4.6
-70.7662 -20.3123 10.0 4.1
-71.4861 -31.7989 35.0 4.7
-68.764 -31.4849 112.71 4.6
-70.0996 -32.7003 103.75 5.0
-65.585 -17.2274 46.68 4.2
-70.63 -27.7513 63.82 4.2
-69.5103 -18.1792 128.92 4.0
-71.2929 -29.8339 55.94 4.3
-66.8723 -33.6399 10.0 5.7
-68.516 -21.8653 98.94 3.9
-67.5546 -22.1143 194.67 4.1
-67.1358 -24.0082 212.02 4.1
-72.2462 -34.0029 13.68 5.2
-72.3473 -17.1047 47.29 4.3
-74.2756 -43.1776 19.92 4.3
-66.9858 -24.1711 218.23 4.5
-69.4933 -18.8031 135.83 4.3
-70.9444 -19.8833 15.55 4.2
-71.5378 -31.8112 56.67 4.3
-67.27 -21.3564 181.65 4.3
-71.2941 -27.7317 22.47 4.1
-67.3629 -28.8739 158.85 4.2
-70.5367 -28.3045 86.26 4.7
-71.2257 -26.137 17.3 4.0
-69.4427 -19.3406 94.67 4.1
-68.9243 -20.4573 99.31 4.3
-66.1326 -22.8914 212.44 4.8
-68.5669 -21.1815 108.36 4.2
-71.5483 -31.8166 35.0 4.0
-71.3753 -31.8362 53.0 6.1
-70.4875 -21.4087 31.02 5.1
-70.7023 -25.8654 50.64 4.2
-69.6614 -31.5726 112.22 4.0
-69.197 -31.6242 111.3 4.2
-69.8463 -17.7643 129.49 4.5
-67.6662 -29.1642 120.0 5.6
-69.965 -17.3924 139.28 4.2
-72.1165 -30.643 10.0 5.2
-68.5089 -21.5412 131.69 4.1
-72.0479 -31.7529 35.0 4.2
-68.8702 -21.1178 110.04 4.4
-71.8827 -29.1792 37.04 4.1
-66.7769 -23.5131 208.09 4.4
-66.0455 -22.5768 261.61 4.3
-71.4653 -32.2682 45.85 4.5
-75.3722 -40.4386 10.0 4.1
-67.6808 -22.3232 191.74 4.2
-68.7046 -22.4377 98.65 4.0
-69.3593 -19.0417 110.87 4.3
-68.9314 -21.2686 120.44 4.5
-69.3663 -30.1451 126.46 4.2
-69.3156 -19.8317 99.72 4.1
-69.3633 -18.9629 110.67 4.5
-70.6585 -23.1549 35.0 4.4
-69.3058 -19.5766 100.18 4.6
-67.8169 -23.2262 132.81 4.6
-68.9122 -30.2439 12.26 5.0
-67.2112 -24.0637 207.27 4.7
-66.9073 -23.5123 204.52 4.2
-71.7567 -29.1981 12.12 4.6
-69.3939 -18.1349 134.52 4.2
-69.3486 -19.0541 145.68 4.6
-70.9633 -26.2977 25.61 4.2
-67.2746 -24.1948 193.07 4.2
-71.9059 -31.4337 21.52 4.1
-71.8441 -31.4514 22.0 4.6
-75.3938 -42.2293 10.0 4.2
-71.3333 -30.7096 46.52 4.5
-72.8647 -38.8725 46.2 4.6
-69.4843 -32.3042 108.09 4.4
-69.0328 -22.4053 102.86 4.1
-68.4138 -31.1926 97.4 4.3
-67.5869 -24.3412 176.7 4.1
-69.3839 -17.5738 162.43 4.3
-69.7346 -29.3837 104.15 4.5
-69.0696 -46.4009 10.0 4.9
-72.4236 -34.2896 29.27 4.4
-68.9866 -23.7411 92.51 4.2
-66.0995 -22.4163 260.06 4.6
-68.6771 -21.2278 107.06 4.2
-69.341 -31.8465 123.24 4.2
-69.394 -17.7394 154.18 4.2
-66.8928 -24.2754 169.45 4.7
-75.7711 -42.9833 10.0 4.1
-72.2306 -30.5787 10.0 4.3
-71.725 -29.25 36.3 4.7
-67.8456 -22.7659 159.77 4.2
-70.124 -17.1201 161.46 4.3
-71.1177 -27.2004 35.0 4.2
-69.4843 -18.1057 138.3 4.6
-66.5352 -23.0271 193.87 4.8
-70.8763 -22.7821 15.39 4.3
-69.2518 -22.9343 69.23 4.0
-68.5934 -21.9343 119.0 5.7
-71.7268 -32.4985 56.61 4.4
-66.1759 -22.871 231.66 4.2
-67.0918 -24.141 209.23 4.3
-71.1568 -18.6199 22.2 4.9
-72.8512 -29.6974 10.0 4.1
-66.9492 -24.0101 220.45 4.5
-67.5576 -23.4117 125.89 4.8
-66.7137 -23.9378 215.25 4.3
-66.9746 -24.1606 174.11 4.3
-72.8716 -29.6879 10.0 4.2
-73.1578 -35.3884 10.0 4.3
-66.9243 -23.6769 204.75 4.6
-68.0469 -32.0157 10.0 4.6
-66.4472 -23.1611 211.28 4.4
-73.1241 -35.4781 10.0 4.3
-68.799 -22.1911 117.0 5.6
-73.1206 -35.5125 21.7 4.4
-73.9391 -34.5466 10.0 4.2
-73.0132 -35.4692 16.43 4.2
-73.1821 -35.397 10.0 4.5
-72.9884 -35.5169 13.93 5.0
-73.2566 -35.4924 20.15 4.3
-73.0805 -35.4326 17.49 4.5
-73.369 -35.4376 22.74 4.4
-73.0671 -35.5442 21.31 4.3
-73.1703 -35.4988 10.0 4.7
-73.1017 -35.4325 10.0 4.0
-73.2157 -35.5273 10.0 4.0
-73.2386 -35.4534 10.0 5.2
-73.0573 -35.561 22.43 4.0
-72.9596 -35.5594 10.0 4.1
-73.163 -35.4758 11.0 6.7
-67.0521 -24.2533 188.33 4.5
-67.2477 -24.2556 194.66 4.2
-69.0253 -21.1394 110.34 4.3
-66.4479 -23.086 230.39 4.4
-67.9219 -24.0376 151.47 4.0
-69.2892 -19.1625 110.89 4.2
-67.5895 -28.6483 140.46 4.3
-69.1071 -23.1959 106.15 4.6
-69.0028 -21.1553 98.76 4.4
-67.0091 -24.0717 240.81 4.1
-71.3503 -29.855 35.1 5.4
-71.9993 -40.8145 129.0 6.1
-66.5587 -23.2577 238.73 4.1
-66.7515 -27.8767 157.26 5.3
-73.8352 -36.0451 10.0 5.3
-67.7791 -30.3351 60.1 4.6
-74.2918 -37.7992 26.18 4.1
-68.3824 -22.1538 103.54 4.5
-71.4216 -28.5289 41.75 4.1
-71.217 -27.1458 35.0 4.2
-68.7049 -21.9411 121.07 4.3
-71.6708 -30.7158 31.63 4.3
-66.6258 -23.7124 203.68 4.4
-70.2789 -19.2241 72.73 4.2
-70.43 -33.2839 90.32 3.9
-68.698 -21.4261 139.22 4.3
-67.3052 -20.7072 186.27 4.3
-69.2245 -19.0496 95.14 4.3
-68.6976 -21.9074 116.51 4.3
-72.1504 -30.5455 13.15 4.4
-71.8929 -32.2505 12.36 4.4
-71.7617 -32.2559 22.42 4.0
-69.5951 -17.9294 144.37 4.4
-70.789 -25.1081 45.22 4.3
-73.2775 -33.9679 10.0 4.6
-73.3528 -33.9647 10.0 4.9
-70.4102 -32.8458 99.38 4.6
-68.6181 -31.396 102.87 5.0
-69.1747 -19.1932 134.3 4.1
-67.5182 -21.2163 201.32 4.3
-69.397 -18.8077 116.95 4.1
-68.6491 -22.1839 124.48 4.6
-67.234 -31.992 123.97 4.5
-70.0244 -18.0263 93.76 4.5
-71.5222 -30.6954 42.52 4.0
-68.919 -21.2611 119.69 4.0
-71.5335 -30.1844 35.0 4.4
-70.04 -20.3648 69.89 4.4
-69.1134 -31.2417 137.37 4.4
-68.5075 -21.2235 134.37 4.4
-67.0374 -24.2072 196.49 4.2
-67.894 -21.3373 154.46 4.2
-69.33 -19.6554 98.68 4.2
-70.8821 -20.3181 10.0 4.4
-71.7046 -29.7329 33.7 4.1
-68.7851 -21.314 134.77 4.3
-66.7525 -23.8908 206.26 4.5
-69.4944 -17.561 171.38 4.6
-66.8167 -23.8871 209.46 4.4
-73.8035 -36.0838 10.0 5.1
-67.2563 -24.2013 186.51 4.2
-67.1765 -24.3603 173.22 4.8
-66.9781 -24.0777 166.91 4.9
-67.0789 -24.2502 183.96 4.4
-71.0334 -18.5789 35.0 5.1
-70.26 -27.4535 92.67 4.4
-72.5892 -30.2181 10.0 4.3
-69.3107 -29.7363 112.93 4.6
-69.6707 -17.707 159.37 4.5
-68.0184 -22.8015 142.46 4.4
-70.7183 -17.3313 118.97 4.3
-70.9817 -36.5791 139.2 4.1
-71.916 -34.3622 30.71 4.2
-70.3895 -20.5823 29.75 4.9
-68.9534 -23.1591 89.9 4.9
-68.2592 -31.3417 22.78 4.5
-74.1794 -38.1221 10.0 4.1
-72.038 -32.5055 14.23 4.3
-66.4057 -22.8222 227.84 4.9
-74.3145 -43.135 20.04 5.1
-71.3676 -31.0978 60.36 4.8
-67.3473 -24.2092 211.56 4.6
-70.216 -17.1449 121.37 4.8
-71.6442 -28.8279 10.0 4.5
-67.1216 -24.1933 180.38 4.3
-71.2347 -31.9275 71.19 3.8
-69.8542 -23.3389 78.81 4.1
-68.9217 -21.0595 113.67 4.5
-66.3951 -22.331 225.93 4.4
-74.1721 -37.5485 10.0 3.8
-68.8717 -20.5922 124.19 4.6
-70.8021 -29.3829 76.12 4.2
-67.875 -18.8378 212.85 4.1
-69.3373 -17.7937 164.44 4.1
-68.77 -20.197 111.64 4.3
-66.6137 -22.8977 197.97 4.2
-71.6749 -30.0228 30.34 4.3
-71.1552 -35.3088 109.91 4.1
-68.7684 -22.1468 117.23 4.3
-68.8927 -24.9314 98.05 4.3
-72.1195 -29.9055 10.0 4.9
-66.4053 -22.764 293.48 4.1
-67.0827 -24.2223 162.26 4.9
-67.2521 -24.2271 193.95 4.2
-70.0983 -20.7367 29.58 4.3
-69.5975 -18.6654 119.04 4.4
-71.2047 -25.3933 35.0 4.0
-72.1616 -40.1358 132.28 4.3
-68.6771 -22.2242 117.1 4.4
-69.6349 -19.2761 97.27 4.5
-69.2812 -20.7149 106.39 4.7
-65.2434 -32.1916 10.0 4.0
-67.569 -28.2586 167.69 4.1
-67.1579 -22.0725 180.62 4.2
-70.9251 -25.0025 30.31 4.0
-66.7946 -28.0261 142.34 4.9
-67.4164 -28.2166 123.45 4.7
-71.44 -31.751 48.86 4.4
-66.9962 -24.1979 171.84 4.4
-70.9702 -32.1062 83.07 4.7
-74.9221 -38.3154 31.77 4.9
-68.8634 -20.5333 112.64 3.9
-66.8359 -20.6911 238.88 4.3
-68.6599 -21.1628 131.61 4.2
-67.3374 -24.221 189.47 4.4
-66.7681 -21.5442 249.73 4.1
-72.3857 -34.3111 26.87 4.1
-72.245 -34.1415 18.13 4.6
-72.272 -34.1896 14.31 4.6
-72.1958 -34.1825 13.23 5.4
-72.2855 -34.1537 23.76 4.2
-72.3734 -34.2812 15.41 5.6
-72.1908 -34.1875 10.0 4.9
-72.3102 -34.2364 25.0 6.8
-71.9459 -31.483 29.8 4.4
-66.9188 -23.3811 220.51 4.0
-66.1803 -22.6198 284.72 4.0
-67.4727 -28.253 118.12 4.5
-67.0825 -24.1281 205.02 4.1
-67.3747 -24.2586 195.22 4.0
-72.0182 -29.3774 10.47 4.1
-68.1935 -23.4546 133.18 4.3
-70.8663 -19.764 18.41 4.3
-71.0957 -18.605 38.23 4.3
-69.0515 -22.4672 108.76 4.3
-68.7108 -31.2566 107.23 4.6
-69.0922 -25.8389 107.67 4.1
-69.6728 -31.6447 115.39 4.7
-68.1949 -21.3304 185.01 4.0
-70.736 -31.3634 104.79 4.3
-67.3767 -23.91 238.57 4.1
-67.2523 -20.8212 185.76 4.9
-66.8037 -27.9046 167.09 4.2
-70.3235 -22.253 35.0 4.0
-71.7911 -30.9743 36.44 4.1
-66.9513 -20.4283 254.82 4.2
-66.8111 -23.3552 204.47 4.5
-70.572 -33.129 92.13 4.3
-67.3359 -24.1828 187.66 4.2
-68.346 -29.6384 105.91 4.5
-68.8332 -21.1459 126.3 4.4
-71.5082 -30.8276 47.02 4.5
-67.2237 -22.2207 164.72 4.2
-71.4746 -30.7523 50.31 4.6
-68.4999 -21.5851 131.17 4.4
-70.5128 -20.7738 27.19 4.4
-67.5351 -27.6271 132.52 4.4
-66.7203 -24.0624 187.07 4.9
-73.0866 -33.3064 10.0 4.4
-73.7344 -34.6647 10.0 4.2
-71.1199 -34.8855 106.26 4.1
-70.8672 -36.7622 156.08 4.7
-70.1765 -18.1588 102.57 4.0
-70.0033 -18.5954 84.99 4.1
-67.1852 -24.2631 178.56 4.1
-72.1189 -32.8837 25.7 4.1
-66.3817 -22.7125 272.36 4.2
-66.676 -23.3452 209.42 4.2
-66.8947 -21.6736 238.53 4.6
-66.7251 -27.4675 34.13 4.8
-66.877 -28.0401 162.54 4.4
-66.1817 -22.5296 248.63 4.5
-69.3851 -19.3269 105.44 4.2
-69.515 -31.8429 115.65 4.5
-71.4315 -30.595 35.43 4.0
-66.8645 -24.0863 243.98 4.1
-67.7836 -22.6758 165.02 4.2
-68.1945 -31.5741 112.96 4.6
-68.5078 -21.5403 161.79 4.2
-69.3804 -17.3518 161.11 4.3
-68.8829 -31.3015 112.16 4.2
-68.7216 -22.2205 135.83 4.3
-69.5504 -17.1867 165.9 4.4
-71.5037 -31.5382 41.04 4.5
-69.3814 -18.5285 126.25 4.5
-69.4569 -31.4648 110.26 4.4
-69.3598 -31.7222 114.08 4.4
-71.3476 -30.1956 58.13 4.5
-71.0244 -29.3602 78.31 5.0
-65.9564 -22.4303 255.53 4.2
-69.9017 -17.5662 164.17 4.0
-70.0348 -18.4352 73.43 4.1
-69.8145 -32.7971 10.21 3.8
-71.3879 -29.4385 39.14 4.2
-70.0266 -32.4851 108.97 4.3
-68.5133 -21.8394 120.27 4.5
-68.1921 -20.1104 169.65 4.2
-69.0072 -21.1118 113.83 4.1
-71.6897 -30.5055 35.0 4.4
-73.3766 -38.6348 26.46 4.5
-70.3857 -21.9964 31.57 4.3
-67.6901 -33.577 205.02 4.6
-67.8666 -20.9471 200.36 4.0
-66.9594 -18.1486 273.42 4.1
-68.7592 -33.6324 150.19 5.4
-68.5081 -21.4543 147.27 4.4
-67.0144 -24.0615 206.55 4.2
-68.9719 -21.1264 122.28 3.7
-66.4364 -23.081 214.41 4.3
-66.8304 -24.1439 184.34 4.8
-72.6147 -31.4583 10.0 4.5
-67.3936 -28.4089 131.39 4.5
-66.7215 -21.5019 227.3 4.3
-72.0789 -29.9529 10.0 4.4
-69.1301 -20.1157 94.72 4.1
-68.6099 -22.3872 117.81 4.3
-72.0911 -30.0507 12.04 4.4
-70.7541 -32.9991 84.37 4.1
-72.1342 -30.1295 10.0 4.5
-72.3196 -30.1153 10.0 4.8
-72.0819 -30.0557 11.0 6.4
-71.3771 -30.4442 47.51 5.0
-68.716 -31.1858 112.97 4.5
-71.121 -28.7331 59.68 4.3
-66.9829 -19.7621 231.37 4.3
-74.3681 -37.2352 27.27 4.3
-65.9518 -22.6054 217.48 4.3
-67.4469 -28.2159 145.34 4.5
-68.6833 -21.9752 136.76 4.1
-70.3981 -18.8874 58.41 4.3
-68.6411 -22.3364 105.78 4.8
-71.2943 -31.9551 49.86 4.3
-67.3462 -21.3484 184.58 4.3
-71.3188 -27.3042 10.0 4.2
-74.5104 -17.2583 10.0 4.4
-72.4543 -39.3352 87.97 4.7
-66.9161 -24.05 198.34 4.3
-67.2463 -24.3319 193.76 4.5
-70.1933 -27.4146 75.21 5.3
-68.8375 -21.7194 109.89 4.5
-69.1259 -19.9569 99.36 4.5
-72.0464 -30.3929 20.51 4.4
-71.8369 -32.1468 29.94 4.4
-68.742 -21.772 120.12 4.3
-66.9982 -24.1143 181.74 4.2
-70.4952 -19.6837 47.38 5.2
-67.1885 -23.7285 192.87 4.3
-71.402 -32.7054 55.45 4.7
-72.5466 -34.9977 32.85 3.7
-71.8175 -32.1312 26.67 4.3
-70.6748 -17.5411 121.42 4.1
-69.3581 -23.668 94.93 4.2
-71.3709 -29.6954 46.48 4.4
-75.4752 -47.5312 10.0 4.6
-69.3507 -18.6753 120.16 4.8
-68.8672 -23.4265 98.05 4.9
-66.6946 -21.523 233.86 4.3
-68.6812 -21.1728 113.57 4.4
-69.7015 -17.7789 151.09 4.2
-71.6544 -30.6521 26.76 4.4
-72.0629 -33.018 20.09 4.4
-69.0462 -25.9744 117.96 4.3
-69.0249 -21.08 112.07 4.2
-69.0247 -21.124 119.48 4.4
-66.6429 -27.8854 148.84 5.2
-68.7846 -20.2745 114.82 4.2
-68.5396 -21.8389 130.52 4.0
-71.8336 -34.7932 45.13 4.1
-72.2731 -38.4226 85.16 4.3
-72.9471 -40.4404 61.14 4.6
-66.0093 -22.4933 250.67 4.5
-71.3294 -30.4929 56.01 4.4
-66.689 -23.1389 195.81 5.0
-67.1377 -24.1738 193.86 4.1
-68.6392 -22.2313 132.25 4.2
-70.0028 -31.4782 108.0 5.5
-67.9182 -23.9133 129.74 4.2
-67.0671 -24.2816 178.97 4.7
-66.8322 -23.9112 200.25 4.2
-69.2856 -20.1649 105.25 4.0
-67.2192 -24.2568 189.83 4.1
-70.3359 -33.3107 98.32 4.2
-70.2795 -19.8024 69.47 5.0
-69.5458 -31.707 113.09 4.3
-74.0153 -35.0632 10.0 5.2
-71.9822 -36.9242 84.28 4.3
-68.7122 -21.9571 111.86 4.2
-70.076 -17.7629 107.03 5.1
-70.1711 -17.8136 114.14 5.1
-66.8017 -23.7841 222.77 4.4
-68.7165 -21.2108 133.79 4.3
-71.9656 -34.4675 19.74 4.0
-69.3931 -31.456 105.45 5.1
-68.4662 -21.4314 123.28 4.5
-70.5058 -21.6842 56.76 4.3
-67.0714 -24.099 226.76 4.7
-70.5758 -18.3519 69.65 4.1
-69.504 -17.6393 158.32 4.5
-67.907 -21.3009 186.67 4.4
-70.0271 -22.0266 53.82 4.0
-68.4668 -21.6208 121.71 4.3
-66.7117 -24.0177 194.17 4.1
-74.238 -41.9463 41.25 4.3
-70.0716 -21.2067 50.13 4.5
-67.1095 -24.2106 198.2 4.0
-66.5762 -20.272 239.17 4.4
-71.5276 -35.5383 98.26 3.9
-69.0094 -22.858 103.24 4.6
-73.6539 -17.0744 10.0 4.2
-66.8721 -24.2458 178.26 4.4
-71.5994 -29.7845 33.54 4.1
-66.2162 -22.5867 251.57 4.4
-68.9475 -19.3531 120.43 4.3
-68.7325 -21.2031 113.05 4.5
-70.7396 -21.3161 39.55 4.5
-69.4533 -18.3835 122.41 4.4
-71.9407 -32.592 18.37 4.4
-67.3963 -28.1444 129.82 5.0
-71.575 -30.7945 35.69 4.7
-71.6683 -30.0583 18.87 4.0
-72.0775 -32.1964 22.33 4.6
-70.9435 -24.1203 40.93 4.7
-67.0829 -24.1481 218.78 4.2
-71.1823 -25.9247 10.0 4.2
-71.4723 -30.2667 60.41 4.0
-68.2185 -30.9076 10.0 4.4
-69.1112 -20.8997 110.93 4.4
-66.612 -23.2078 214.58 4.4
-71.0166 -25.8994 29.0 5.5
-71.5062 -29.6656 41.26 4.6
-68.6221 -21.5388 145.71 5.3
-67.2215 -24.2271 181.01 4.4
-69.9499 -21.4974 59.14 4.6
-70.4135 -18.3824 74.48 4.1
-69.4432 -32.5744 129.6 4.5
-67.0884 -24.2469 157.81 5.1
-67.0144 -24.3453 162.21 5.0
-70.2827 -32.3382 120.33 4.1
-71.9704 -35.7373 78.79 4.9
-71.4403 -30.9431 50.17 4.3
-68.7669 -21.1758 123.5 4.5
-71.8961 -31.9755 35.07 4.1
-69.1154 -20.3031 96.85 4.8
-67.2904 -24.0733 196.36 4.6
-67.6538 -22.0554 206.4 4.3
-71.5891 -29.3648 54.0 5.6
-66.8216 -23.1736 210.16 4.2
-71.4598 -27.8289 34.8 4.6
-70.2905 -33.0568 102.9 4.4
-66.8594 -24.1198 222.14 4.4
-71.1043 -18.5587 43.09 4.1
-70.1013 -24.5626 62.46 4.8
-71.446 -29.4764 46.98 4.0
-70.3007 -33.9765 108.94 4.3
-72.1499 -33.4082 10.0 4.4
-72.1347 -32.9328 19.13 3.8
-71.296 -32.3641 37.06 4.6
-67.1912 -24.0361 206.89 4.0
-71.7716 -32.0115 31.27 4.2
-67.1656 -24.121 221.31 4.6
-71.8758 -31.9942 66.77 4.5
-72.6054 -33.7429 10.0 4.3
-72.5153 -33.7588 10.0 5.6
-68.5404 -24.8833 131.96 4.1
-71.3739 -30.0596 61.58 4.8
-68.7223 -28.1294 101.29 4.3
-70.933 -18.5344 30.25 4.8
-68.1439 -20.128 204.76 4.3
-71.3856 -30.2718 62.5 4.8
-68.4245 -21.3065 129.76 4.6
-70.3669 -32.8418 106.42 4.1
-69.2549 -19.1579 125.86 4.0
-70.0262 -20.8596 74.57 4.1
-72.0468 -51.2106 10.0 4.8
-69.6057 -17.6336 162.65 4.3
-68.3104 -21.1921 120.47 4.4
-71.4702 -30.1909 35.0 4.4
-66.943 -17.8711 286.44 4.6
-70.226 -23.9637 50.26 4.5
-67.0736 -24.193 185.63 4.7
-69.3484 -18.6256 124.06 4.1
-72.0135 -32.4788 40.54 4.1
-67.1136 -24.035 191.64 4.3
-70.9324 -24.739 35.0 4.2
-70.1015 -24.598 45.54 5.4
-68.3559 -31.8564 133.94 4.8
-66.8571 -23.1841 220.26 4.3
-70.5396 -36.6117 10.0 4.4
-69.3856 -19.9327 112.24 4.0
-69.3866 -18.4673 129.11 4.7
-68.8006 -20.388 151.55 4.5
-68.3339 -21.0504 126.31 4.6
-70.2961 -19.2588 43.9 4.5
-74.3109 -42.6757 24.83 4.3
-68.024 -24.8335 157.65 4.3
-72.4943 -39.503 95.92 4.1
-70.0005 -21.3137 72.03 5.0
-69.4064 -18.6457 134.63 4.3
-68.6524 -21.9404 112.5 4.3
-68.8772 -22.839 113.45 4.6
-72.0273 -33.0077 23.53 4.3
-71.9144 -24.7156 10.0 4.1
-68.7232 -22.9333 113.48 3.9
-72.7964 -36.1323 49.84 4.3
-68.6176 -22.7396 109.47 4.5
-67.2616 -27.3878 129.95 4.8
-67.8341 -23.3614 142.28 4.4
-66.3148 -22.703 251.73 4.6
-71.2386 -30.1839 69.27 4.0
-68.6413 -21.1415 130.64 4.2
-72.0883 -29.9036 10.0 4.5
-68.429 -20.3718 120.75 5.1
-71.5547 -29.7721 41.0 5.2
-71.0277 -19.9491 11.41 4.4
-66.7518 -20.7298 230.35 4.4
-65.9072 -17.8744 359.0 6.3
-69.7096 -18.1843 147.08 4.2
-68.8388 -21.3628 125.77 4.3
-69.06 -20.2667 108.34 4.2
-66.7636 -27.9205 173.78 4.8
-71.5346 -30.691 40.67 4.0
-71.8559 -30.5805 35.0 4.2
-70.5223 -28.5841 106.33 4.3
-70.6002 -34.339 105.07 4.6
-70.8818 -33.8298 82.28 4.1
-68.6502 -21.2554 118.76 4.6
-70.5588 -25.7656 48.99 4.5
-66.8902 -21.4166 228.04 4.3
-72.2047 -30.3747 10.0 4.5
-70.0982 -31.4248 115.38 4.5
-71.3174 -30.2248 45.71 3.6
-71.4228 -30.6629 47.59 4.4
-69.0885 -19.9636 98.97 4.4
-71.3998 -30.2237 45.71 4.6
-72.6945 -29.4648 17.0 5.7
-71.3535 -30.0876 67.36 4.3
-69.4234 -18.7902 107.98 4.9
-68.8567 -38.5233 13.84 5.0
-71.8443 -29.8891 10.07 4.4
-66.6465 -27.9109 157.84 4.3
-71.2751 -33.4451 62.42 4.0
-72.5954 -33.6774 10.42 5.5
-72.535 -33.702 10.0 4.5
-71.771 -33.1392 35.0 4.1
-71.6336 -30.5876 23.99 5.0
-66.9406 -23.8638 218.02 4.2
-68.7127 -22.2671 116.76 4.3
-69.7476 -17.5653 151.47 4.8
-74.2134 -42.7777 23.88 4.8
-67.0469 -24.0182 178.29 4.5
-68.9678 -20.9279 91.05 4.1
-68.6371 -21.1559 129.15 4.4
-71.4669 -30.1663 47.16 4.9
-71.3338 -29.6718 35.82 4.5
-71.813 -29.7751 10.0 5.3
-68.6554 -21.4989 110.1 4.4
-67.6776 -23.4039 139.96 4.1
-66.6234 -23.121 188.01 4.9
-69.4391 -23.4174 103.4 4.1
-70.7009 -20.8599 20.61 4.1
-70.953 -30.7502 88.38 4.5
-71.1834 -31.3228 91.01 4.5
-67.7839 -22.4553 177.61 4.1
-70.6739 -20.8642 14.2 4.5
-67.1154 -24.3129 182.59 4.5
-66.9871 -24.1897 187.72 4.4
-71.5304 -28.0144 21.45 4.8
-66.665 -23.9557 191.89 4.4
-71.1658 -23.3035 10.0 3.7
-74.6186 -50.8798 13.34 4.3
-66.8615 -27.9617 180.1 4.2
-67.2664 -24.1061 184.36 4.3
-68.6171 -23.1819 92.69 4.5
-71.3881 -30.0228 36.52 4.5
-67.3033 -23.8515 206.42 4.5
-68.2244 -21.1601 119.24 4.5
-71.2978 -29.6813 35.0 4.1
-70.7935 -34.2681 94.82 4.3
-70.806 -28.0204 101.39 4.5
-66.7305 -24.0825 195.59 4.4
-66.8571 -24.1699 176.07 4.3
-68.7228 -22.8314 104.25 4.2
-68.3666 -21.6457 115.28 5.0
-68.5543 -21.5615 136.57 4.7
-71.2228 -52.8965 10.0 4.4
-68.9606 -21.2257 122.97 4.1
-72.7738 -37.1278 36.78 4.3
-71.0209 -19.9043 10.0 4.2
-71.0669 -19.9715 13.12 4.5
-71.1733 -19.9509 10.0 4.4
-71.1468 -19.957 12.1 4.2
-71.0435 -19.8905 12.98 5.2
-70.1605 -17.4169 177.82 4.2
-69.3328 -22.9853 113.91 4.1
-71.8131 -31.3665 27.34 4.8
-68.9868 -18.9085 156.24 4.3
-68.5917 -21.0458 139.39 4.1
-68.4882 -22.4736 126.95 4.5
-69.0165 -20.4865 102.12 4.2
-68.2039 -23.5661 135.04 4.2
-66.9462 -24.1452 192.39 4.3
-67.4727 -27.9023 169.4 4.2
-70.6676 -25.8985 51.0 5.6
-66.8873 -27.9708 170.25 4.2
-71.1616 -30.6978 74.22 4.4
-71.3729 -31.7153 46.82 4.3
-69.5363 -18.5797 123.03 4.1
-67.3699 -24.1245 209.7 4.2
-72.9602 -35.5891 21.0 5.2
-71.3763 -29.6795 37.12 4.4
-72.3244 -31.7093 10.0 4.2
-67.3337 -24.1555 224.91 4.6
-71.6162 -31.5747 42.03 4.1
-71.5357 -30.0543 57.62 4.4
-70.2605 -33.4939 102.96 4.5
-68.7891 -20.197 146.76 4.4
-71.5061 -30.1795 64.23 4.6
-68.823 -22.1044 111.86 4.1
-72.8463 -30.5109 10.0 4.2
-71.3753 -30.1191 58.3 5.1
-71.9184 -35.0062 44.35 4.2
-67.2007 -24.2926 184.84 4.5
-71.0399 -18.6257 10.42 4.1
-71.5813 -30.1362 47.09 4.8
-71.6299 -30.2224 43.82 4.8
-72.0474 -32.1287 10.0 4.6
-71.4701 -30.0953 49.52 4.6
-70.3412 -33.9078 103.42 4.7
-72.257 -31.7758 12.11 4.5
-69.7775 -29.6779 123.27 4.2
-67.1778 -24.1275 231.08 4.2
-71.9885 -29.8819 17.03 4.5
-71.3507 -30.1422 62.7 4.0
-71.3611 -30.0998 60.97 4.4
-71.408 -30.0756 59.28 4.3
-71.3815 -30.0404 63.0 6.7
-69.3221 -31.2922 137.4 4.5
-69.3761 -31.7983 132.26 4.5
-66.2019 -22.5514 254.17 4.6
-71.5834 -30.7905 61.54 4.6
-73.0693 -40.5889 62.22 4.3
-71.8463 -32.2286 10.0 4.3
-69.0486 -22.6207 114.89 4.2
-70.2288 -33.3262 112.76 4.2
-66.1905 -22.0416 302.09 4.3
-69.4358 -18.881 110.44 4.2
-65.8015 -22.0462 265.45 4.1
-70.6526 -17.6744 96.3 5.2
-70.6951 -26.235 63.96 4.2
-69.6194 -28.194 103.52 4.4
-74.128 -37.9317 19.17 4.4
-66.895 -24.2109 211.98 4.1
-66.7288 -23.6341 210.43 4.5
-69.7751 -20.5822 27.53 4.3
-71.9713 -32.1289 14.75 4.3
-68.7059 -21.7273 128.09 4.2
-74.1041 -37.1712 10.0 4.4
-74.0246 -37.2165 13.35 4.2
-67.7325 -31.5446 10.0 4.4
-68.9156 -19.5722 103.54 4.9
-71.05 -25.4188 10.0 4.6
-69.619 -19.6155 110.04 4.8
-72.2278 -29.9779 10.0 4.7
-71.4137 -35.7446 110.37 4.3
-66.9423 -23.9287 226.49 4.0
-69.368 -18.6437 129.78 4.3
-67.448 -24.1875 195.86 4.0
-69.136 -21.0141 139.95 4.7
-70.3885 -25.4722 36.71 4.2
-67.6893 -21.288 199.44 4.2
-66.896 -24.1531 183.73 4.5
-68.7567 -22.193 106.61 4.5
-69.2343 -31.7756 99.39 5.3
-69.1466 -23.1395 94.05 4.4
-68.5236 -21.9348 116.85 4.2
-66.8274 -24.0604 196.2 4.1
-70.0517 -32.2086 115.09 4.3
-66.6556 -24.128 194.34 4.5
-66.9726 -23.5244 231.24 4.5
-72.0665 -29.8408 41.42 4.6
-69.1169 -19.8772 100.12 4.3
-69.8371 -31.5856 126.78 4.0
-69.3981 -32.0042 117.42 4.5
-70.1816 -32.3614 116.74 3.9
-66.9599 -20.9862 217.15 4.2
-71.2259 -18.2938 35.0 4.1
-68.953 -22.1407 99.64 4.6
-69.4142 -18.2905 144.72 4.1
-68.543 -21.5679 139.5 4.3
-68.2275 -21.4053 114.54 5.0
-69.1494 -27.621 106.35 4.5
-70.0876 -27.4686 82.48 4.5
-66.8861 -24.0755 172.95 4.5
-71.1689 -35.391 106.7 4.1
-68.6505 -21.6603 143.1 4.6
-69.6673 -23.4816 75.97 4.3
-71.0912 -25.8531 20.45 4.4
-73.3546 -37.7461 22.33 4.3
-66.8622 -24.2557 188.47 4.4
-68.8249 -21.0636 92.96 4.6
-68.8255 -23.289 106.35 4.1
-69.3163 -19.9748 91.64 4.1
-68.3835 -33.8314 15.97 4.1
-69.3632 -27.9927 93.5 4.6
-67.9476 -24.7373 123.03 4.4
-66.8477 -24.1917 178.56 4.6
-69.124 -21.6823 105.78 4.2
-71.1496 -35.1335 105.0 4.2
-69.3348 -23.3871 83.49 4.8
-71.7883 -30.6627 28.94 4.4
-70.9587 -19.9758 18.25 4.7
-69.7349 -17.6174 10.0 4.2
-71.8914 -37.2549 136.79 4.1
-71.44 -18.4517 33.34 4.3
-73.8303 -34.8743 10.0 4.3
-69.2423 -23.2172 93.93 4.1
-68.6841 -21.2193 124.3 4.2
-69.0879 -27.6843 100.38 4.6
-70.0071 -18.0289 129.53 4.3
-74.1244 -50.6259 17.21 4.7
-71.3725 -30.5644 54.71 4.3
-71.1191 -34.9789 96.01 4.6
-67.2948 -22.2913 218.01 4.5
-70.0454 -21.0083 58.04 4.7
-66.4708 -23.4716 197.55 4.3
-68.6617 -22.1849 114.42 3.9
-68.3994 -21.7967 133.36 4.9
-66.7135 -23.8858 199.76 4.8
-70.5736 -24.7525 35.2 4.0
-70.3612 -33.3231 100.56 4.3
-71.5827 -22.1126 16.59 4.2
-71.6815 -30.7611 38.62 4.2
-66.7989 -24.0563 187.45 4.6
-66.9738 -24.2401 152.66 4.5
-70.3583 -29.008 92.49 4.8
-67.8543 -28.747 128.82 4.3
-71.4179 -30.725 32.22 4.8
-71.6324 -33.6578 34.75 5.0
-72.411 -33.9682 10.0 4.1
-72.4073 -34.0268 14.45 4.4
-71.8774 -30.6485 24.25 4.5
-72.379 -33.9443 18.67 4.7
-72.401 -33.9216 10.0 5.5
-71.6624 -30.6535 48.67 4.2
-72.9686 -17.6607 10.0 4.2
-67.3718 -22.2818 179.78 4.4
-72.2543 -33.6782 10.0 4.5
-70.5905 -22.5145 26.54 4.2
-67.1086 -24.0832 264.58 4.3
-69.1604 -19.4184 106.24 4.5
-71.417 -39.8546 159.81 4.6
-68.5076 -22.5406 135.31 4.4
-66.8131 -24.0638 177.3 4.6
-68.7169 -22.2273 121.85 4.5
-69.6953 -31.9437 118.91 4.5
-71.7156 -30.808 23.6 4.3
-75.1699 -38.0734 10.0 4.5
-71.5564 -31.5889 49.04 4.7
-66.3806 -23.1602 196.37 4.3
-67.3543 -28.8586 117.1 4.6
-68.6891 -21.1077 143.93 4.1
-71.3784 -29.8599 37.71 4.2
-69.0567 -22.7239 121.5 4.3
-67.0857 -24.1223 191.98 4.1
-69.7032 -18.3733 149.43 4.1
-67.1933 -24.0789 204.22 4.2
-67.3133 -21.8688 195.16 4.4
-69.3262 -26.2435 114.11 4.1
-68.6577 -21.2016 112.54 4.1
-67.5477 -22.2411 202.88 4.3
-69.5126 -24.3539 110.87 4.3
-68.9502 -21.083 113.09 4.5
-66.4026 -22.9189 222.46 4.7
-68.6042 -31.3171 111.76 4.4
-68.9684 -24.0921 96.16 4.7
-66.7764 -23.5727 199.29 4.5
-71.7108 -30.6285 25.76 5.2
-66.5921 -27.9857 165.2 4.7
-68.9648 -30.7409 147.6 4.3
-67.7195 -22.7156 169.88 4.5
-70.6187 -18.5785 44.99 4.0
-71.2091 -27.8401 21.79 4.6
-68.9007 -21.2617 114.8 4.5
-68.6126 -21.8243 126.01 4.5
-71.7725 -29.7913 28.26 4.4
-72.5029 -31.2948 14.55 4.3
-69.4141 -19.7194 86.57 4.7
-69.3083 -17.3914 166.89 4.2
-70.9261 -20.1075 10.0 4.4
-67.4165 -22.3101 171.45 4.6
-67.3297 -24.1985 174.95 4.4
-70.7863 -34.2985 95.8 4.0
-70.9683 -22.8607 10.0 4.0
-75.3459 -38.1854 10.0 4.5
-66.8285 -23.9599 246.85 4.5
-67.1158 -24.3439 174.63 4.4
-67.0847 -24.1209 203.67 4.4
-69.5439 -25.1809 81.18 4.1
-70.0731 -18.2241 101.65 4.2
-69.6082 -31.6462 119.94 4.4
-67.4637 -30.2185 32.27 4.7
-70.9837 -22.834 13.14 4.5
-70.912 -22.8468 13.38 4.4
-70.922 -22.8047 13.43 4.5
-71.2176 -27.1916 21.27 4.5
-69.2656 -19.5827 102.0 6.2
-71.8934 -30.5959 16.42 4.1
-68.6905 -22.3124 98.45 4.8
-68.9963 -20.3982 106.39 4.4
-66.9839 -20.9885 240.21 4.1
-67.3455 -24.1483 201.12 4.2
-68.6455 -21.1234 141.06 4.0
-66.7666 -23.0733 240.4 4.3
-74.3384 -36.6952 10.0 4.5
-71.2397 -27.3733 39.62 4.4
-68.6852 -21.9551 105.18 4.3
-68.7144 -22.4808 109.83 4.5
-71.1182 -35.0173 97.96 4.2
-66.6735 -20.6476 245.07 4.8
-73.1212 -35.6103 22.93 4.3
-70.3322 -24.3101 40.83 4.4
-69.9642 -17.2816 137.67 4.9
-70.3351 -19.6577 48.67 3.9
-69.7537 -33.3733 6.94 4.4
-67.0662 -24.0481 219.76 4.1
-71.7118 -30.5926 35.0 4.7
-68.0469 -23.0209 130.93 4.2
-67.1329 -23.7473 207.34 4.0
-71.5898 -29.6984 35.05 4.3
-67.2125 -28.7537 118.08 4.5
-69.0564 -20.5834 95.9 4.2
-71.3587 -32.6271 40.12 4.1
-72.2258 -33.0713 8.52 4.2
-68.9867 -21.1973 122.32 4.2
-70.7088 -29.1217 72.89 4.0
-70.4573 -18.3597 66.38 4.4
-68.5413 -22.64 106.46 4.7
-66.6543 -23.9662 194.14 4.7
-69.9869 -17.9077 113.96 4.7
-69.3138 -26.4937 124.56 4.3
-69.3473 -27.5552 110.91 4.2
-70.0259 -23.4053 70.59 4.3
-71.7173 -39.8785 151.98 4.4
-72.6826 -32.4997 32.28 4.4
-72.8512 -42.0795 89.57 4.1
-68.8251 -20.9917 112.65 4.3
-69.6387 -27.7403 52.71 4.3
-67.5377 -24.3931 206.66 4.3
-67.007 -24.019 157.77 4.7
-66.6159 -23.1611 208.34 4.4
-70.944 -19.9971 10.0 4.1
-68.8194 -21.077 133.16 4.4
-66.9008 -24.0737 183.77 4.6
-71.8341 -34.7262 42.81 4.4
-67.0312 -23.9452 202.2 4.1
-73.8583 -38.1723 10.0 4.6
-69.5239 -18.9928 137.72 4.1
-66.7384 -23.1728 217.52 4.4
-71.2324 -18.4941 35.2 3.9
-66.6657 -23.0014 250.36 4.2
-66.8296 -24.0066 196.32 4.5
-71.7581 -30.6279 31.01 4.6
-70.0622 -17.193 155.99 4.3
-71.2558 -27.9186 19.17 4.1
-72.034 -43.4442 163.08 4.3
-66.3988 -22.8387 242.29 4.9
-68.9174 -21.1038 116.74 4.2
-65.5928 -21.5197 285.25 4.6
-66.9161 -24.3287 187.94 4.2
-69.3043 -20.305 88.11 4.3
-68.674 -22.5388 119.26 4.3
-66.8351 -24.0753 202.93 4.7
-75.8625 -45.7584 10.0 5.2
-67.2876 -21.0669 171.46 4.6
-67.347 -24.2366 187.77 4.3
-67.5999 -22.6059 173.41 4.1
-71.4292 -27.9768 27.8 4.2
-69.6017 -18.9673 99.46 4.3
-71.8051 -32.5212 21.4 4.0
-69.3185 -18.3598 135.45 4.2
-71.7688 -29.9968 23.12 4.1
-71.5087 -30.2309 42.05 4.6
-68.2586 -21.5986 114.6 4.6
-69.0703 -20.7908 122.53 4.3
-68.8827 -28.0444 92.87 4.0
-70.575 -29.6187 96.89 4.4
-68.3927 -21.5013 115.21 4.5
-71.3309 -17.7342 56.55 4.0
-68.4424 -20.9903 114.59 4.4
-69.1707 -25.2159 93.74 4.3
-67.344 -21.4401 198.07 4.3
-67.9319 -24.5038 151.46 4.2
-68.874 -21.1209 123.64 4.5
-70.148 -24.3487 54.24 4.4
-70.0513 -24.3472 60.63 4.1
-70.041 -24.3507 61.2 5.3
-70.9383 -25.8996 28.41 5.4
-68.2176 -20.0747 160.68 4.3
-75.6548 -43.7515 10.0 4.0
-71.5951 -37.7562 108.83 4.3
-70.3888 -19.5404 62.58 5.0
-66.0503 -22.3833 266.6 4.5
-68.5651 -21.0784 136.39 4.3
-73.0065 -39.722 60.84 4.1
-71.3891 -30.8887 46.93 3.9
-66.895 -24.1087 193.6 4.5
-68.8136 -22.7645 117.97 4.5
-66.9615 -24.3163 220.53 4.2
-68.7819 -21.786 108.48 4.2
-66.8732 -24.0257 206.43 4.1
-70.0281 -20.3534 46.05 4.4
-69.8781 -18.7638 86.34 4.1
-67.1785 -24.2417 161.67 4.2
-71.607 -32.5629 21.25 4.1
-71.6043 -32.5454 32.47 4.5
-66.0812 -22.9137 226.07 4.4
-69.19 -19.2439 100.53 4.6
-68.9207 -33.2907 10.0 4.3
-70.2474 -21.3922 54.3 3.9
-67.6116 -21.1016 186.62 4.2
-70.6558 -22.7281 37.18 3.9
-72.008 -31.529 34.56 4.0
-66.8963 -23.9618 236.29 4.2
-67.1978 -24.3423 179.38 4.4
-70.6462 -24.2086 35.99 3.8
-71.6956 -28.7391 35.0 5.3
-70.1926 -17.9162 129.34 4.2
-66.9819 -23.7393 231.11 4.4
-69.7273 -30.5214 107.26 4.7
-67.1178 -24.0198 243.04 4.1
-67.9961 -31.6744 103.8 4.3
-69.9459 -28.8696 93.13 5.8
-72.2401 -31.7585 11.37 4.6
-70.5143 -34.4405 113.14 5.1
-68.5651 -21.769 125.36 4.3
-73.5718 -38.9266 30.88 4.4
-69.2312 -19.3921 122.86 4.3
-73.2216 -17.6764 10.0 4.5
-68.3321 -19.1154 171.05 4.0
-71.655 -39.8053 140.01 4.7
-69.1856 -20.6813 113.97 4.3
-70.708 -28.2655 95.92 4.5
-71.3799 -29.3724 44.5 4.6
-68.4886 -21.8327 129.11 4.4
-71.8146 -30.3123 28.49 4.0
-71.5001 -29.0981 11.21 4.0
-70.4787 -32.2062 96.26 5.0
-70.742 -31.8043 103.64 4.4
-71.2301 -32.3915 48.23 4.6
-68.8337 -21.84 116.51 4.3
-68.9855 -20.7248 101.7 4.3
-67.0869 -24.2231 179.3 4.4
-68.4289 -22.7647 111.32 4.3
-71.4107 -29.6752 34.49 4.0
-66.9288 -22.7136 231.51 4.3
-71.3635 -29.6839 35.03 5.2
-69.8387 -17.6048 122.65 4.7
-71.5452 -29.7178 54.77 5.0
-72.207 -31.0459 18.05 4.2
-66.9729 -24.0446 200.68 4.0
-68.681 -21.0984 125.42 4.5
-68.2236 -23.3534 116.59 4.3
-66.8527 -23.0941 254.72 4.5
-72.1389 -33.0931 18.17 4.4
-70.5476 -22.3228 55.77 4.0
-68.7566 -21.2273 111.69 4.2
-67.0548 -23.9307 219.87 4.1
-70.4969 -20.1566 36.61 4.0
-69.5081 -17.2288 157.8 5.0
-68.8676 -21.2864 127.44 4.4
-69.5592 -23.3813 78.03 4.3
-68.52 -22.1457 105.65 4.4
-71.5361 -30.6891 42.26 4.0
-71.0367 -26.7554 17.11 4.6
-67.2332 -21.8629 177.25 4.8
-71.5832 -30.8868 76.33 4.2
-68.1385 -33.4933 37.87 4.6
-75.6094 -43.8911 10.0 4.3
-66.1676 -22.553 266.56 4.0
-71.694 -32.2319 53.03 4.3
-67.3406 -22.2042 186.1 4.0
-71.5811 -30.0932 35.0 4.4
-66.1085 -22.5573 254.33 4.2
-65.8747 -22.3645 254.2 4.5
-69.2794 -19.6 105.14 4.8
-67.3774 -21.7644 189.11 4.4
-71.3695 -29.7024 45.1 4.1
-74.0102 -38.1669 10.0 4.0
-71.7871 -28.7433 11.05 4.2
-72.0119 -29.3361 10.0 4.0
-68.406 -21.8392 111.29 4.4
-71.5763 -35.6379 84.83 4.3
-72.854 -36.8425 41.61 4.2
-74.2759 -42.5102 23.95 4.2
-69.4653 -27.3673 118.02 4.1
-66.7912 -23.292 253.41 4.3
-73.6599 -37.9068 14.68 3.7
-71.7565 -34.5987 41.76 4.2
-69.358 -19.6189 84.49 5.2
-74.1326 -37.5383 10.0 4.8
-66.9358 -24.1713 195.77 4.2
-72.5264 -33.6302 10.0 4.2
-67.0046 -24.2065 214.58 4.5
-69.0636 -20.3901 123.25 4.5
-72.0809 -31.3717 10.0 4.9
-68.4671 -24.4019 68.87 4.8
-66.7893 -21.409 230.7 4.2
-72.7374 -38.2408 67.62 4.5
-68.6296 -21.1722 134.91 4.3
-71.7397 -34.7466 49.41 4.7
-71.6123 -27.6267 10.0 4.4
-68.6512 -34.4898 11.14 4.0
-71.9418 -32.497 16.37 4.3
-68.2987 -21.8139 111.84 4.4
-66.8357 -24.0392 204.16 4.3
-67.4983 -24.2107 203.02 4.1
-68.8413 -31.3289 115.15 4.3
-67.273 -24.0265 254.69 4.1
-71.5654 -31.4188 46.1 4.1
-72.8916 -35.7505 26.75 4.0
-67.2045 -28.9731 114.69 4.2
-67.0111 -24.0624 218.87 4.0
-73.4688 -34.3184 10.0 4.4
-67.4839 -29.087 119.86 4.5
-67.1142 -24.311 181.0 4.5
-72.1088 -32.9923 22.18 3.7
-68.9314 -21.2788 129.69 4.5
-68.502 -22.2794 104.25 5.1
-71.715 -29.8506 20.21 4.6
-67.3663 -24.2206 187.86 4.2
-66.7199 -23.1187 206.76 4.2
-70.407 -27.54 96.85 4.4
-66.5469 -22.8194 266.61 4.0
-67.8974 -24.344 132.68 4.2
-68.2155 -23.7025 140.25 4.3
-67.0895 -24.0354 225.69 4.4
-71.5214 -30.9359 43.71 4.1
-73.3243 -35.53 10.28 4.8
-71.7835 -32.5798 28.01 4.3
-71.5251 -30.8339 47.85 4.1
-67.2939 -21.8999 180.65 4.0
-71.5658 -28.6631 20.79 4.2
-67.5349 -28.2058 114.32 4.2
-66.8668 -21.4607 221.92 4.5
-67.2006 -24.2056 204.29 4.0
-67.0081 -18.1821 276.01 4.3
-70.008 -19.9786 23.02 4.0
-73.9802 -34.764 15.37 4.3
-72.5225 -18.3126 18.63 4.4
-68.6352 -21.8543 135.34 4.3
-67.3141 -24.1516 210.6 4.0
-71.2932 -33.7077 50.22 4.0
-69.0359 -21.1074 123.54 4.5
-67.2048 -21.3039 210.13 4.5
-72.3109 -27.8224 10.0 4.4
-72.0346 -30.2779 15.24 4.4
-74.4557 -37.9567 10.0 4.3
-73.7214 -36.4039 10.0 4.0
-70.6183 -20.8928 20.91 4.1
-71.6885 -30.5793 33.43 4.2
-66.0533 -22.5674 257.29 4.2
-74.3486 -37.9563 10.0 4.4
-69.1974 -17.688 145.75 4.7
-74.1173 -37.9921 17.71 4.4
-67.2938 -21.3838 169.98 4.1
-66.7777 -23.9684 230.83 4.4
-69.1174 -20.8223 110.29 4.2
-67.9016 -24.5216 147.44 4.1
-73.2932 -37.5126 21.3 3.8
-72.0397 -31.6551 10.0 4.2
-67.0881 -24.2968 169.3 4.5
-73.747 -36.7215 28.54 4.1
-71.4263 -27.9242 21.4 4.4
-68.7603 -23.2407 101.4 4.9
-67.3336 -24.2914 208.3 4.2
-72.8287 -37.7083 50.91 4.0
-71.7528 -31.4221 29.16 4.5
-71.2732 -28.8487 35.0 4.6
-67.446 -32.3186 35.24 4.1
-67.2654 -24.2763 187.3 4.0
-69.6247 -17.2195 177.88 4.4
-68.6456 -22.0225 121.86 4.3
-69.2544 -19.5188 101.56 4.1
-71.3484 -30.6531 35.0 4.3
-67.2495 -24.1193 186.0 4.2
-69.1111 -21.1659 122.04 4.3
-71.414 -31.1585 35.0 4.4
-67.1847 -24.3661 191.76 4.1
-66.8155 -21.5403 240.92 4.3
-69.4261 -29.6711 131.54 4.4
-66.8513 -24.1829 178.75 4.3
-72.1683 -27.8363 10.0 4.2
-71.6552 -30.366 29.73 4.7
-69.6897 -18.631 120.29 4.4
-71.8848 -32.1502 23.52 4.6
-68.4285 -31.9646 106.17 4.1
-69.1938 -22.9681 109.62 4.2
-71.8049 -31.8942 66.99 4.3
-66.8775 -24.233 170.26 4.8
-69.0148 -22.0006 88.45 4.2
-70.8122 -28.7317 10.0 4.3
-70.5266 -19.4651 65.12 4.5
-67.0505 -24.267 189.0 5.6
-69.9583 -21.3451 55.72 4.3
-71.5562 -30.337 29.43 4.3
-71.4083 -30.7024 42.52 4.2
-66.5251 -23.8452 201.38 4.9
-73.3134 -34.0723 15.74 4.2
-66.7943 -21.512 226.37 4.4
-72.4723 -17.5126 35.0 4.3
-75.3499 -38.3439 10.0 4.1
-71.1526 -26.7636 23.96 4.3
-66.6632 -27.9279 165.81 4.4
-70.4918 -33.993 10.0 4.9
-67.8238 -31.3963 12.14 4.3
-68.9442 -31.2663 109.78 4.6
-71.4186 -29.5744 50.25 4.3
-69.1719 -19.8965 95.48 4.3
-71.1169 -19.9281 16.52 4.3
-68.696 -31.3225 114.88 4.6
-69.4574 -19.8487 116.57 4.5
-70.9554 -20.2422 10.0 4.6
-69.158 -20.7411 104.07 4.7
-69.1976 -20.1632 96.83 4.2
-67.1953 -24.2121 187.53 4.2
-72.8696 -36.9724 35.0 4.0
-68.7848 -21.3469 137.57 4.2
-71.9124 -32.5201 20.13 4.3
-72.7044 -29.1343 30.23 4.3
-68.863 -21.2666 132.54 4.2
-68.605 -21.5191 139.21 4.0
-73.754 -34.4102 15.48 4.3
-67.1676 -24.1983 185.53 4.0
-69.1954 -20.8221 111.34 4.2
-69.0689 -20.8327 102.11 4.4
-66.8337 -23.5419 210.23 4.4
-67.6076 -22.1091 222.75 4.0
-68.5015 -21.611 125.95 4.2
-67.0598 -24.4938 163.94 4.5
-73.7815 -38.2108 20.4 4.3
-69.2535 -23.4801 101.28 4.5
-70.8936 -20.2072 14.68 4.3
-72.3062 -34.1734 11.53 4.3
-68.7397 -21.8827 106.02 4.5
-72.2804 -34.176 11.23 4.4
-68.9087 -21.3686 123.04 4.1
-70.828 -20.2656 17.03 4.5
-73.7068 -38.2459 26.17 5.2
-67.2677 -31.5227 113.59 4.0
-66.8408 -24.0344 205.95 4.1
-68.6412 -22.0351 128.31 4.2
-71.6823 -34.945 49.13 4.5
-67.2032 -24.1377 219.08 4.4
-66.9363 -21.4624 253.53 4.4
-69.0444 -20.2178 101.43 4.9
-68.6076 -31.2281 106.3 5.0
-69.2447 -19.7359 102.32 4.0
-71.535 -31.4316 40.55 4.6
-68.0091 -20.9011 195.41 4.2
-69.2217 -33.359 10.0 4.2
-69.2421 -20.7363 95.7 4.3
-68.3856 -21.5884 123.53 4.6
-68.6375 -21.2623 114.1 4.7
-66.1579 -22.4401 263.0 4.1
-69.1641 -19.3673 110.67 4.5
-73.8718 -41.3128 37.31 4.4
-71.5903 -30.2489 21.46 4.3
-66.8468 -24.0849 190.47 4.4
-68.5567 -29.7259 104.98 4.4
-74.1391 -43.0796 35.0 3.8
-67.4239 -24.2689 202.23 4.5
-70.3664 -33.733 106.61 4.2
-71.7387 -30.6289 33.2 4.2
-70.7784 -25.4607 25.58 4.1
-67.3844 -21.6833 194.17 4.2
-71.4857 -32.1829 31.63 4.7
-67.4563 -21.9834 203.36 4.1
-67.396 -24.115 200.72 4.5
-71.2686 -27.645 36.62 3.9
-69.1553 -31.7908 117.86 4.2
-69.0474 -20.3737 102.49 4.2
-67.9836 -24.3383 114.75 4.3
-66.4451 -22.9779 201.52 4.1
-74.0005 -42.829 30.17 4.6
-68.1727 -23.079 123.37 4.5
-72.248 -30.49 10.0 4.3
-65.2422 -30.8023 180.36 4.4
-71.9045 -32.7527 23.48 3.7
-70.8115 -54.2498 10.0 3.9
-71.9572 -32.7567 19.06 4.5
-68.6237 -22.0496 120.0 4.0
-66.8762 -24.2078 171.31 5.0
-68.365 -21.7118 147.39 4.5
-67.4238 -27.4663 170.5 4.4
-66.1688 -22.6392 255.34 4.7
-68.4147 -21.6832 118.75 4.3
-69.6561 -18.1665 116.23 4.4
-67.8473 -23.0481 172.76 4.4
-72.268 -34.2685 12.08 5.2
-69.6122 -18.0167 136.87 4.5
-66.6263 -20.446 310.49 4.0
-69.8216 -18.8308 103.37 4.1
-68.7381 -21.9521 102.06 4.0
-71.4232 -29.8143 38.46 4.8
-67.6952 -22.3685 163.14 4.2
-70.7906 -28.3673 84.97 4.1
-67.9828 -26.3064 35.98 4.7
-70.0097 -33.2584 111.21 4.8
-69.107 -20.1921 100.23 4.8
-67.6266 -21.1289 228.76 4.2
-67.3535 -24.3225 205.96 4.1
-67.8446 -23.5005 136.74 4.7
-68.7887 -33.191 29.48 4.0
-66.8511 -23.1904 224.43 4.1
-69.2077 -20.1629 87.13 4.1
-69.4293 -25.5631 10.0 4.4
-69.3008 -25.612 10.0 4.2
-66.8891 -23.9858 222.45 4.3
-71.4304 -28.1777 22.37 4.4
-66.9657 -24.3189 169.51 4.8
-68.4895 -21.7623 119.8 4.2
-67.2406 -24.0526 222.88 4.2
-71.3047 -30.6416 55.68 4.7
-69.4788 -21.8483 84.5 4.4
-68.3679 -21.7716 129.85 4.4
-68.5702 -21.1099 134.97 4.4
-68.5087 -21.5007 136.29 4.3
-68.5444 -22.4406 103.68 4.9
-66.9046 -24.0965 198.73 4.1
-66.9795 -23.391 219.03 4.2
-69.1076 -27.2942 97.77 4.6
-73.6843 -38.8451 30.14 4.1
-68.5886 -22.0252 116.41 4.3
-71.0225 -18.129 49.59 4.5
-71.1186 -32.7358 56.48 4.2
-69.3724 -20.1341 87.04 4.0
-65.0039 -32.3035 10.0 3.9
-65.9932 -22.4929 243.19 4.8
-68.8527 -21.4208 104.34 5.0
-69.6421 -17.4309 165.4 4.4
-70.4567 -34.0666 108.16 4.3
-71.7342 -29.8213 36.45 4.8
-70.2017 -28.9731 111.18 4.5
-66.8411 -23.1225 254.38 4.5
-70.2936 -28.3659 93.96 4.4
-71.6805 -31.7546 40.39 4.4
-67.6001 -31.484 46.24 4.3
-68.4721 -21.5877 134.68 4.4
-71.2684 -17.3368 77.94 4.1
-69.273 -19.936 107.64 4.1
-69.663 -18.2555 136.43 4.3
-66.6079 -23.9284 205.37 4.4
-67.2354 -31.7658 46.81 4.4
-67.4973 -19.1716 246.57 4.3
-71.3327 -36.0562 102.94 4.3
-71.4307 -26.4876 19.08 4.1
-71.9457 -27.1805 10.0 4.3
-67.4268 -30.3122 38.43 4.6
-68.8101 -21.0717 155.17 4.3
-70.2973 -24.0289 59.94 3.7
-70.4069 -25.1164 73.53 4.1
-71.5292 -31.0258 66.0 6.2
-68.0851 -22.5118 140.13 4.4
-66.7962 -24.0354 213.45 4.2
-66.4293 -21.1709 235.98 4.3
-68.0247 -22.9985 130.89 4.4
-68.8976 -22.3877 108.77 4.1
-70.9163 -33.5908 80.56 3.9
-66.7583 -21.487 250.33 4.6
-72.0273 -30.8354 10.0 4.0
-70.7264 -28.1213 73.22 4.5
-70.5855 -20.381 44.0 5.5
-74.1712 -42.5545 26.65 4.9
-72.0688 -30.5722 24.08 4.1
-70.1181 -31.6905 154.64 4.0
-66.7874 -23.9213 193.09 4.3
-67.8804 -28.8062 41.58 4.1
-67.9439 -20.6496 169.46 4.6
-71.7132 -31.6357 29.71 4.4
-71.4367 -30.3146 31.77 4.1
-67.4342 -21.1602 181.19 4.8
-69.009 -22.6164 100.78 4.5
-72.0863 -30.1802 10.0 4.7
-71.6268 -30.6069 29.54 4.3
-67.2478 -24.1879 189.6 4.3
-70.3085 -23.0427 49.3 4.0
-66.6431 -22.8843 208.92 4.4
-66.8526 -24.2987 166.07 4.4
-69.4961 -24.7364 78.42 4.3
-66.2579 -22.6302 257.66 4.2
-68.4274 -22.4487 115.66 4.5
-68.8681 -25.7063 119.12 4.7
-66.8869 -20.3712 258.65 4.6
-75.2318 -38.7348 10.0 4.3
-67.5551 -21.4629 203.98 4.5
-69.9443 -21.304 51.41 4.1
-68.7135 -21.4054 116.78 4.5
-68.9298 -32.0026 24.73 4.3
-71.3218 -32.7484 45.27 4.2
-67.2364 -21.387 185.03 4.5
-66.6264 -23.9997 209.74 4.4
-66.5855 -23.9905 204.87 4.9
-69.8097 -27.5319 89.46 4.4
-69.4389 -32.3782 113.06 5.0
-71.7234 -32.6244 29.25 4.2
-69.3521 -20.1156 116.58 4.5
-71.3648 -28.4883 24.45 3.9
-69.6158 -21.5348 26.36 4.2
-71.5391 -28.8307 24.18 4.2
-69.0857 -18.7405 130.84 5.0
-65.2067 -24.1924 38.44 4.5
-69.0969 -23.3567 88.12 4.3
-71.2801 -17.0087 81.66 4.3
-67.9073 -21.1836 169.35 4.6
-71.1561 -17.2741 62.26 4.2
-67.257 -27.7012 109.22 4.2
-67.2259 -20.2656 202.44 4.3
-67.4602 -28.9241 168.03 4.1
-69.148 -31.9235 114.72 4.5
-68.6518 -22.1892 123.49 4.3
-67.5084 -22.4128 187.81 4.2
-70.2712 -27.1763 98.59 4.2
-71.7825 -32.1547 28.88 3.8
-72.122 -31.8452 40.38 4.4
-67.2716 -24.1912 191.27 4.4
-69.1439 -22.9983 122.17 4.4
-71.4344 -30.7198 47.12 4.4
-68.6541 -22.3547 117.59 4.2
-68.9467 -23.0992 107.52 4.3
-71.3167 -35.3721 90.69 4.3
-68.4778 -31.942 120.77 4.7
-69.7612 -17.4023 163.47 4.2
-71.5672 -29.0064 23.34 4.3
-72.3633 -33.8941 10.0 4.2
-66.6895 -23.057 203.45 4.6
-71.4615 -18.3737 21.66 4.1
-68.5636 -20.4241 120.59 5.1
-71.2574 -30.8942 59.89 4.7
-71.4754 -31.0566 60.36 4.3
-66.8314 -27.9135 189.59 4.7
-75.5025 -37.8701 10.0 4.1
-70.3734 -34.4224 102.84 4.4
-67.1788 -17.9607 268.65 4.2
-67.0921 -24.11 236.5 4.0
-67.3995 -22.2939 212.58 4.3
-67.4776 -28.3803 120.33 4.9
-73.0947 -37.6977 10.0 4.4
-67.6403 -31.4773 53.41 4.5
-72.8811 -29.1017 10.0 4.3
-72.8876 -29.1138 10.0 4.4
-71.5052 -31.5596 52.13 3.9
-71.7056 -29.7406 38.06 4.0
-68.5427 -21.3835 133.71 4.1
-72.2217 -34.505 23.08 4.9
-72.1943 -33.0897 11.22 4.4
-67.9457 -23.9444 162.3 4.1
-66.1464 -22.4773 247.27 4.3
-69.2705 -18.957 109.46 4.7
-70.8897 -25.2939 10.0 4.2
-70.5757 -20.088 26.69 4.3
-70.5969 -25.3124 42.08 4.9
-72.7673 -29.2199 10.0 4.0
-71.9641 -31.577 18.87 4.2
-69.1938 -23.7405 81.89 4.2
-72.6635 -29.1811 10.0 4.3
-71.9037 -31.5514 31.32 4.3
-68.5641 -21.7871 123.63 4.1
-69.4596 -29.3489 118.73 4.8
-71.6935 -27.8173 8.15 4.6
-66.909 -23.7189 217.11 4.3
-74.6513 -42.2085 10.0 4.4
-66.5316 -22.7692 224.25 4.2
-70.8448 -25.604 43.19 4.3
-68.8592 -22.8907 103.46 4.1
-66.7127 -21.6519 241.64 4.2
-71.0218 -25.6665 35.0 4.1
-66.754 -23.9202 197.12 4.5
-74.1712 -37.4459 10.0 4.4
-74.0637 -37.437 10.0 4.6
-73.9794 -37.4387 4.3 5.6
-69.466 -17.6199 133.14 4.5
-69.0624 -20.4308 102.85 4.0
-72.6041 -29.247 10.0 5.1
-70.3424 -32.4648 104.94 4.5
-71.9694 -29.3612 37.54 4.1
-74.1881 -35.2847 10.0 4.5
-71.7237 -34.7685 44.88 4.2
-70.1953 -21.3376 71.16 4.2
-70.8098 -17.3979 40.45 4.7
-70.504 -34.6256 129.12 4.5
-71.4377 -26.9867 10.0 4.4
-69.2138 -34.8559 170.45 4.5
-71.8216 -29.9618 10.0 4.7
-68.7686 -21.0897 145.55 4.5
-69.0144 -20.4155 132.2 4.2
-70.0399 -31.5621 100.73 5.2
-74.1602 -37.4864 4.2 4.8
-71.3684 -27.957 19.85 4.3
-67.7159 -31.379 38.06 4.4
-72.0405 -30.4363 10.0 4.8
-66.7952 -23.9853 208.86 4.3
-69.4518 -18.0225 135.18 4.5
-68.6683 -31.2729 86.89 5.4
-68.9024 -28.2506 79.29 5.1
-74.226 -37.8829 10.0 4.3
-71.282 -29.1115 56.83 4.2
-72.0017 -32.2978 11.16 4.4
-66.4876 -23.0064 213.33 4.5
-74.119 -37.4412 10.0 4.9
-73.9807 -37.4468 10.0 5.0
-71.3877 -31.0139 50.94 4.5
-68.8495 -22.264 117.0 4.4
-65.5084 -30.9878 187.18 4.1
-69.2638 -18.2733 10.0 4.2
-69.307 -18.3285 10.0 4.9
-68.707 -21.9374 120.15 4.3
-72.4558 -38.1252 67.34 4.4
-68.9998 -20.3342 105.35 5.3
-69.457 -18.358 123.2 4.2
-65.3358 -20.2633 341.15 4.0
-73.8126 -36.0011 10.0 4.2
-73.4189 -36.0155 7.51 4.6
-66.3467 -22.5671 260.16 4.4
-68.1013 -20.7431 211.24 4.3
-69.4445 -18.8806 116.0 6.3
-70.8725 -20.775 26.74 4.2
-71.9104 -28.9219 35.04 5.2
-67.089 -24.1109 218.0 4.2
-66.5122 -27.9567 157.37 4.3
-67.1559 -24.1638 186.88 4.2
-72.5783 -28.4028 10.0 4.6
-71.3242 -27.0845 13.76 4.0
-68.6419 -21.7092 118.63 4.3
-71.8854 -28.7035 21.94 4.4
-68.8339 -21.433 119.19 4.5
-69.084 -24.5115 126.56 4.2
-69.395 -18.192 126.51 4.9
-67.3676 -24.1323 247.87 4.6
-67.3239 -24.0586 200.28 4.0
-66.8102 -27.8337 150.88 4.3
-71.5912 -19.7995 12.4 4.5
-68.5345 -21.5257 140.92 4.3
-71.7722 -32.6376 31.02 4.2
-66.3005 -22.6061 238.04 4.7
-68.6662 -23.8012 104.07 4.4
-67.2118 -19.2157 228.18 4.5
-69.5867 -27.5647 111.3 4.2
-68.3557 -22.816 127.93 4.3
-71.8362 -31.9919 14.19 4.4
-69.1811 -22.7991 83.42 4.0
-68.7574 -21.2146 119.26 4.5
-67.2082 -18.8176 255.34 4.5
-71.554 -27.9535 30.87 4.2
-69.4283 -19.3429 103.33 5.2
-72.213 -30.4472 10.0 4.1
-71.3569 -35.2659 111.86 4.4
-75.2245 -38.1707 17.74 4.7
-70.2061 -24.8871 47.78 5.4
-70.531 -38.7251 190.25 4.2
-69.4762 -31.3805 124.0 4.2
-69.4048 -17.4621 149.15 4.8
-70.1858 -32.8218 107.34 4.4
-69.2606 -23.9888 87.25 4.4
-68.3872 -21.6378 125.78 4.3
-69.4857 -34.8786 5.73 4.3
-68.1149 -29.9971 53.88 4.5
-71.0485 -27.9561 57.82 4.4
-68.9477 -33.3531 27.73 4.3
-72.4977 -33.883 10.0 4.5
-68.7118 -21.1294 137.62 4.5
-69.4098 -17.9911 142.44 4.8
-69.8686 -18.0344 109.87 4.9
-71.8001 -32.5114 24.85 4.4
-66.5248 -22.9425 278.25 4.0
-67.0986 -24.2551 175.25 4.8
-69.7392 -18.5386 141.83 4.0
-69.3116 -17.9174 158.37 4.3
-70.4649 -26.0362 44.91 4.2
-71.4743 -35.863 101.84 4.2
-66.9083 -24.1219 185.87 4.4
-67.2511 -24.2767 207.28 4.6
-71.6267 -18.3754 48.35 4.2
-69.7977 -28.4827 138.81 4.3
-66.2477 -23.1928 234.66 4.3
-67.0546 -24.2227 169.72 4.9
-69.1602 -20.2894 101.13 4.2
-71.7144 -30.6549 35.84 4.2
-70.1616 -18.0298 94.42 5.0
-69.5159 -18.5586 135.54 4.2
-70.2288 -19.8196 10.0 4.4
-66.6344 -21.4831 217.34 4.4
-72.7696 -35.1875 19.51 4.5
-69.1493 -20.0979 98.83 4.1
-68.9116 -23.0887 97.17 4.1
-70.2987 -31.6568 125.93 4.3
-66.9504 -23.9854 230.1 4.4
-71.1066 -19.7 10.0 4.0
-71.0591 -19.7083 12.0 5.5
-70.2521 -19.2385 61.63 4.7
-68.875 -22.8324 110.26 4.0
-68.7936 -21.6588 114.14 4.4
-73.0099 -36.0313 30.55 4.5
-67.0641 -24.2092 201.1 4.2
-66.678 -24.0875 195.31 4.5
-66.8464 -23.1301 228.2 4.3
-72.0665 -29.877 27.02 4.4
-72.6446 -40.3416 78.28 4.1
-72.0471 -29.8747 22.02 4.3
-66.9387 -22.8889 247.78 4.4
-67.3362 -24.2816 200.68 4.2
-66.5878 -23.1456 209.79 4.7
-71.5442 -32.3032 10.0 4.0
-72.2039 -33.5105 10.61 4.1
-68.0033 -21.2822 189.86 4.2
-71.4521 -32.1688 53.97 4.6
-74.1982 -37.5145 10.0 4.2
-71.8386 -32.127 22.05 4.3
-74.0608 -37.5346 10.0 4.4
-71.7933 -32.0102 36.23 4.3
-67.8389 -20.7777 166.08 4.3
-72.218 -33.1961 15.27 4.5
-74.8536 -40.198 25.13 4.5
-68.1389 -23.692 124.4 4.1
-71.8144 -32.3053 26.38 4.3
-71.9625 -32.2957 10.38 4.4
-70.2727 -28.4089 121.5 4.2
-66.9925 -24.034 201.66 4.2
-73.7539 -34.7894 23.25 4.0
-67.4571 -24.2299 207.39 4.0
-67.9134 -22.4787 155.31 4.1
-67.484 -32.5292 154.86 4.5
-71.8368 -32.6902 21.6 4.2
-68.6248 -32.2587 116.67 4.8
-69.9037 -33.5162 120.06 4.6
-68.6768 -21.9552 121.63 3.9
-69.329 -17.5625 153.56 4.8
-66.6199 -21.3771 223.76 4.3
-70.6602 -22.5253 18.21 4.1
-68.947 -23.5377 129.64 4.0
-70.9926 -32.2349 71.75 4.8
-71.6381 -32.6362 30.26 4.2
-66.696 -27.9496 162.46 4.1
-70.8381 -20.0482 34.14 4.2
-73.6078 -36.1894 10.82 4.3
-68.5259 -21.2905 132.56 4.2
-67.2014 -22.8462 208.63 4.0
-67.2868 -22.2593 164.56 4.7
-68.9379 -20.4873 105.17 4.3
-68.9501 -20.2612 109.23 4.3
-71.6078 -30.2825 36.23 4.1
-67.0284 -24.0254 211.43 4.0
-67.3054 -24.0257 198.83 4.4
-68.0992 -23.732 131.65 3.9
-68.766 -21.9507 116.92 4.5
-65.4292 -25.6007 123.27 4.3
-69.1131 -20.7784 109.93 4.7
-72.3123 -29.557 24.53 4.2
-69.8877 -17.6051 155.96 4.2
-69.1529 -19.8197 96.61 5.0
-69.8477 -17.7552 152.85 4.3
-67.4276 -21.1555 217.38 4.1
-67.2861 -24.1963 197.77 3.9
-67.6902 -21.3009 176.13 4.4
-67.2716 -24.2557 220.82 4.4
-71.6085 -27.6649 8.07 4.1
-69.2252 -20.2117 94.74 4.1
-67.0148 -18.3895 268.6 4.4
-68.6142 -21.7454 123.04 4.0
-67.2027 -24.1813 209.23 3.9
-69.6183 -33.1557 10.0 4.2
-68.6389 -21.0756 134.15 4.0
-67.0688 -23.9529 207.38 4.0
-73.9171 -38.2366 11.86 4.4
-66.9662 -24.2833 165.06 4.9
-66.6405 -24.2577 209.96 4.1
-71.42 -30.7004 45.19 4.9
-71.5021 -28.2535 38.9 4.2
-67.0178 -24.3377 172.06 5.0
-70.4629 -33.2316 104.59 4.0
-68.6866 -22.1426 134.41 4.1
-69.2661 -23.9788 84.22 4.3
-69.4474 -31.4638 120.73 4.0
-69.3609 -27.8649 109.82 4.1
-68.6577 -21.1579 106.59 4.5
-71.3771 -29.4435 36.92 4.5
-68.6539 -22.1348 124.71 4.8
-72.0148 -30.1255 12.86 4.4
-70.7579 -34.6886 101.12 4.2
-71.5523 -31.1603 35.0 3.7
-67.1986 -23.9802 217.02 3.7
-68.4947 -21.592 122.0 4.2
-69.0847 -20.0267 102.08 4.1
-71.5563 -31.017 56.44 4.2
-69.9741 -23.1906 52.88 4.5
-67.4502 -24.2237 219.72 4.4
-69.3492 -19.7092 105.26 4.3
-69.6039 -33.1812 10.0 4.1
-71.5567 -30.7126 42.64 4.2
-69.149 -19.753 116.2 4.2
-68.3618 -21.8668 105.81 4.0
-66.9081 -27.8909 209.68 4.4
-71.5076 -31.0366 56.69 4.3
-66.9799 -28.5963 133.01 4.5
-72.6911 -30.3926 10.0 4.2
-68.8476 -22.7422 97.66 4.0
-71.938 -30.551 18.03 4.2
-73.6219 -38.0961 25.44 4.0
-68.0965 -29.158 41.55 4.3
-66.9863 -23.995 201.72 4.1
-72.1964 -30.3533 10.0 4.0
-72.4413 -33.9015 14.46 4.5
-72.472 -33.9114 14.04 4.2
-69.0316 -23.1021 99.8 4.1
-72.2642 -41.3465 127.22 4.4
-72.2866 -30.3479 8.43 4.3
-69.3812 -17.4394 164.95 4.2
-66.6369 -21.0151 232.7 4.2
-69.8149 -20.7694 60.98 4.0
-69.1719 -22.7596 87.22 4.0
-71.3008 -30.649 49.76 4.4
-67.1357 -24.0843 219.04 4.0
-68.1012 -32.8581 36.36 4.4
-66.4554 -28.0318 159.84 4.1
-70.26 -32.1155 119.59 4.2
-67.0714 -24.0084 227.03 4.1
-67.6021 -22.6561 165.49 4.8
-71.0804 -32.563 73.75 4.1
-74.1619 -35.3637 6.63 4.9
-67.375 -28.797 137.95 4.1
-69.9642 -18.6196 89.35 3.9
-66.8963 -23.1287 255.81 4.3
-72.8397 -32.2388 10.0 4.7
-68.9677 -22.7988 111.99 4.5
-68.8099 -21.0528 120.33 4.4
-71.6235 -28.7224 27.68 3.8
-71.4069 -28.6769 40.26 4.3
-72.2389 -33.0334 19.62 4.0
-69.1353 -20.3142 94.17 4.0
-71.7927 -31.0863 20.65 4.1
-65.6186 -30.9939 165.65 5.5
-69.1754 -19.7087 111.19 4.3
-69.871 -18.6048 102.3 4.1
-71.6767 -33.1244 29.66 3.7
-69.0982 -31.3086 112.63 4.2
-69.7773 -18.5806 94.19 4.8
-69.7449 -18.5947 90.6 4.4
-69.7526 -18.5715 85.0 6.3
-70.2877 -27.7151 76.89 4.4
-71.3647 -30.0098 51.33 4.4
-66.9362 -21.5491 222.1 4.3
-70.1908 -27.8254 97.48 4.2
-68.7544 -21.2034 123.49 4.7
-71.5931 -34.4264 48.19 4.3
-68.9412 -20.4279 101.51 4.2
-72.1151 -32.9872 15.64 4.0
-71.8786 -32.4919 19.57 4.1
-68.7275 -31.3218 114.98 4.2
-71.361 -29.883 51.0 3.9
-66.8888 -24.1505 197.29 4.3
-68.5172 -22.3793 110.18 5.5
-70.8223 -25.0879 48.41 4.3
-66.696 -23.9653 197.21 4.5
-71.3961 -30.6965 43.08 4.2
-68.2021 -23.104 129.08 4.8
-72.0079 -33.0188 18.62 4.0
-68.691 -22.2405 107.33 4.4
-67.015 -23.2196 212.15 4.0
-70.8426 -28.3714 60.82 4.2
-69.2094 -23.6012 96.45 4.4
-72.2123 -31.7011 39.06 4.1
-71.7054 -29.9418 24.02 4.4
-67.4618 -24.482 189.49 4.2
-74.4449 -43.2199 19.87 4.4
-66.634 -23.6875 187.25 4.4
-67.5693 -21.3954 223.97 4.4
-71.3168 -29.453 38.51 4.2
-68.3745 -21.3853 115.5 4.7
-72.244 -31.7794 13.58 4.3
-71.3333 -28.354 20.76 4.2
-74.1089 -37.4044 12.96 4.8
-66.5657 -21.2917 227.59 4.9
-68.2731 -38.2506 19.7 4.4
-71.99 -32.683 24.0 4.3
-71.261 -28.2921 34.26 4.4
-71.5634 -30.0996 37.49 4.4
-66.2611 -22.6473 255.09 4.3
-71.8823 -35.1497 47.5 4.3
-69.2745 -18.0209 147.35 3.9
-71.3184 -27.8783 31.88 4.6
-71.6557 -27.8103 7.18 3.6
-71.5967 -33.7418 46.35 4.9
-68.9583 -30.7504 116.97 5.0
-69.2896 -28.7645 128.08 4.6
-69.359 -24.593 89.2 4.0
-73.6958 -37.8988 10.0 4.8
-70.9807 -19.991 12.56 4.4
-70.0717 -18.1418 97.54 4.7
-72.2232 -31.7783 10.0 4.0
-69.0338 -20.6056 107.87 3.8
-74.1697 -37.2315 8.18 4.6
-72.4729 -31.7756 10.0 4.5
-72.3453 -31.8219 10.0 4.2
-72.4091 -31.7458 10.0 3.9
-69.4977 -19.3873 97.93 4.1
-67.2159 -24.1746 190.62 3.9
-72.112 -30.3425 17.22 4.4
-72.1662 -31.8057 10.0 4.3
-72.2186 -31.8431 10.0 4.3
-72.1261 -31.8216 17.0 5.9
-74.4326 -43.1953 14.73 4.2
-69.5275 -17.5255 167.68 4.2
-69.267 -20.2496 99.2 4.7
-70.2379 -31.7388 121.68 3.9
-67.3399 -21.9058 192.78 4.2
-66.7418 -23.8824 236.16 4.6
-71.6422 -35.6698 88.68 4.2
-66.6455 -23.6919 197.95 4.6
-74.1985 -37.2262 7.89 4.6
-74.2357 -37.2039 9.72 4.3
-67.3134 -31.912 136.67 4.1
-72.6963 -34.2919 12.58 4.1
-69.4375 -18.0631 143.42 4.3
-69.26 -28.0141 118.94 4.5
-70.9553 -20.2608 11.75 4.2
-70.8841 -20.2495 15.47 4.0
-67.4252 -24.3623 200.8 4.0
-74.1346 -37.5234 25.58 4.5
-67.1058 -24.2621 200.38 4.3
-69.1153 -23.5977 85.88 4.3
-73.6167 -36.1497 25.35 4.3
-66.1912 -22.4613 229.58 5.2
-67.0237 -24.161 169.64 4.6
-67.2748 -24.2322 205.92 4.5
-69.1057 -20.8573 111.04 4.4
-67.473 -22.2203 185.57 4.3
-70.2895 -22.1764 34.09 4.1
-73.9729 -36.6975 10.0 4.2
-66.4945 -23.2501 206.55 4.1
-74.3193 -43.0459 15.68 4.2
-67.4646 -24.413 199.31 4.5
-71.5466 -30.7586 48.92 4.2
-72.2564 -33.0972 16.12 4.0
-70.0097 -19.2621 61.06 5.2
-66.7071 -24.2143 191.07 4.0
-75.273 -38.7233 10.0 4.1
-71.6087 -29.1708 48.24 3.8
-68.7901 -21.0789 113.8 4.1
-67.4424 -24.3566 217.14 4.0
-67.1388 -24.192 200.0 4.0
-68.6324 -22.2397 131.06 4.3
-73.5578 -37.3503 21.59 4.8
-67.221 -21.9329 199.12 4.1
-72.1649 -33.0125 18.0 4.2
-68.8037 -21.2629 120.63 4.5
-74.3157 -43.1463 10.86 4.1
-71.6779 -31.7486 22.35 4.4
-72.1962 -31.8313 10.0 4.0
-71.391 -18.475 10.0 4.2
-68.905 -23.742 102.5 4.4
-71.3249 -28.4402 33.19 4.1
-66.7079 -23.334 209.54 4.1
-67.1852 -23.8612 204.48 4.7
-70.1348 -20.0126 46.6 4.3
-71.5118 -32.6693 27.97 4.3
-67.949 -22.48 170.9 4.0
-70.3084 -33.1297 96.61 4.5
-70.9804 -20.0422 37.12 4.2
-66.4723 -22.9523 252.57 4.2
-68.8883 -20.3144 97.02 4.3
-70.8337 -25.4907 43.8 4.0
-68.5158 -21.2647 122.17 4.1
-66.4507 -22.8148 271.03 4.3
-72.2212 -29.8879 11.76 4.0
-67.033 -24.2616 152.02 4.5
-66.1845 -22.66 260.25 4.6
-67.3206 -21.997 204.6 4.8
-69.8378 -24.8065 80.13 4.1
-72.1624 -30.0161 10.21 5.1
-71.0895 -19.9973 32.48 4.2
-71.4238 -31.6355 47.7 4.3
-68.4584 -21.6574 126.59 4.2
-70.0688 -33.4329 7.52 4.5
-66.9097 -21.5298 222.25 4.3
-71.7475 -31.4607 21.8 4.2
-73.5781 -34.7637 15.71 4.1
-66.8583 -23.1647 219.91 4.4
-67.939 -25.038 173.2 3.9
-66.8396 -22.5114 195.21 4.3
-68.4691 -21.0623 136.43 4.0
-72.2204 -30.3065 7.65 4.3
-72.0686 -34.2757 24.46 4.1
-71.0229 -20.0759 14.7 4.7
-68.6651 -21.5172 116.77 4.4
-71.0217 -20.0278 10.0 5.2
-72.1598 -30.2412 9.0 5.8
-71.6401 -30.4239 31.56 4.3
-67.3873 -24.1373 199.69 4.3
-68.7705 -22.5971 97.71 4.7
-67.3529 -28.0917 116.53 5.0
-67.6688 -23.0381 139.71 4.3
-74.082 -35.2517 20.82 4.2
-67.0026 -23.9835 213.29 4.1
-66.8301 -24.1693 172.78 4.7
-69.137 -20.7862 92.64 4.0
-67.3588 -24.1213 214.44 4.0
-67.4264 -24.3322 194.29 4.2
-70.5737 -23.1068 29.23 4.0
-71.942 -35.1132 45.58 4.5
-70.0041 -32.6868 108.22 4.0
-69.2969 -25.8981 113.7 4.2
-68.612 -21.2535 127.68 4.3
-68.76 -21.285 122.6 4.0
-67.0719 -24.0612 207.36 4.1
-67.2643 -19.3147 230.07 4.5
-68.5041 -21.4842 143.81 4.1
-71.261 -28.4662 41.16 4.3
-71.236 -28.4912 41.07 5.3
-73.4631 -35.73 10.0 4.3
-70.6255 -33.2117 92.0 5.4
-68.4934 -21.8488 120.03 4.2
-70.8759 -35.1522 99.48 4.5
-68.8943 -28.545 110.0 5.6
-69.9493 -18.4753 96.72 4.1
-68.9364 -22.3486 114.75 4.2
-67.2911 -21.2477 226.05 4.1
-71.8465 -30.7396 17.07 4.1
-67.3916 -24.2355 209.6 4.5
-69.4323 -19.1062 117.87 4.3
-70.1331 -20.1368 42.03 4.3
-69.2267 -29.5521 103.15 4.6
-71.4254 -31.2065 43.58 4.0
-69.5353 -24.0109 69.6 5.0
-68.5471 -31.4108 8.65 4.8
-66.1591 -22.8484 262.07 4.0
-67.2409 -31.7153 120.55 4.4
-67.3864 -24.4177 218.3 4.0
-66.7769 -24.0995 188.54 4.3
-69.1238 -22.7617 84.69 4.3
-66.1563 -22.6444 261.15 4.5
-68.4851 -21.9023 113.88 4.6
-67.3553 -20.7432 198.15 4.4
-72.0571 -33.0888 18.26 4.3
-66.9753 -23.9441 224.35 4.3
-67.0797 -24.3547 162.27 4.6
-71.9531 -33.0524 22.95 4.3
-69.2364 -21.1751 39.0 5.3
-68.6884 -21.3841 146.07 3.9
-67.0785 -24.0342 217.02 4.1
-70.6159 -21.9933 24.9 4.4
-68.0816 -23.3841 124.1 3.6
-69.1604 -23.873 91.37 5.2
-70.2441 -19.6902 51.77 4.1
-70.9867 -20.1097 8.88 3.9
-67.2675 -28.1935 133.42 4.2
-66.7701 -23.9152 207.4 4.1
-71.3322 -33.9572 50.65 4.1
-68.5999 -31.514 10.0 3.8
-72.5179 -33.7234 10.0 5.4
-72.6292 -33.7183 12.16 4.6
-70.6761 -18.6435 38.04 4.1
-66.2628 -22.6511 260.3 4.3
-66.7229 -23.3321 200.55 4.4
-68.6948 -21.3726 127.26 4.5
-69.1092 -28.8791 96.51 4.8
-71.0785 -36.9537 125.87 4.1
-66.8745 -24.0188 194.11 4.1
-67.056 -24.1939 181.01 4.5
-73.265 -35.3911 10.0 5.6
-73.4795 -35.358 18.98 4.3
-72.6447 -28.9334 10.0 4.0
-68.3537 -22.3271 143.67 4.5
-71.8851 -32.7116 18.14 4.1
-73.3511 -35.7703 9.53 4.4
-66.7792 -23.2229 266.55 4.1
-67.0727 -23.932 193.02 4.2
-67.6085 -22.3113 187.81 4.0
-75.3527 -38.3262 20.22 4.5
-69.1831 -19.3009 127.39 4.1
-70.6694 -35.1862 6.28 4.1
-67.0487 -24.1821 167.83 4.6
-66.6686 -21.4312 230.96 4.7
-72.3243 -33.7138 9.27 4.0
-72.2381 -33.7267 13.03 4.9
-68.4927 -22.4643 140.97 4.3
-71.7874 -34.7785 40.78 4.4
-73.4126 -35.4904 12.43 4.4
-69.4721 -17.9309 151.83 4.1
-73.3356 -35.5047 13.0 5.9
-66.8545 -24.0815 208.49 4.5
-66.8912 -23.9698 196.85 4.4
-69.6384 -19.4305 89.57 4.9
-73.5143 -39.0514 12.12 4.3
-67.9677 -21.347 168.65 4.4
-70.2391 -19.196 61.37 4.3
-68.5987 -21.8389 108.03 5.4
-72.0538 -29.707 30.31 4.0
-67.1337 -24.3098 181.89 4.3
-72.0818 -33.0153 21.4 4.4
-66.5874 -23.6553 199.24 4.3
-66.9583 -23.248 236.48 4.0
-67.1822 -20.9703 238.34 4.3
-67.3617 -21.4473 200.42 4.0
-72.1402 -37.3159 116.97 4.1
-71.8427 -34.7251 40.64 4.5
-71.8529 -34.737 44.58 4.1
-69.8853 -31.3923 126.3 3.6
-66.793 -23.4865 225.78 4.0
-66.5832 -28.0197 152.9 4.6
-67.42 -24.3363 187.33 4.4
-71.3624 -30.6642 53.15 5.1
-66.8811 -23.9676 233.67 4.0
-69.0598 -31.9012 110.14 4.2
-68.4769 -21.1042 136.07 4.4
-72.2816 -42.2973 12.31 4.9
-68.804 -22.367 100.8 4.6
-66.9019 -24.2917 177.9 4.2
-68.8072 -21.2491 124.62 4.0
-68.7253 -21.9649 127.51 4.1
-67.2029 -27.4751 133.15 4.5
-67.1988 -24.2034 215.79 4.0
-71.8027 -39.3845 115.45 5.0
-70.7481 -27.2849 50.65 4.2
-67.0295 -21.5041 261.1 4.3
-67.1753 -24.2094 216.47 4.3
-66.9686 -24.146 168.13 5.0
-68.936 -21.144 105.3 4.3
-69.881 -20.6486 64.21 4.3
-67.0126 -24.2728 170.57 4.7
-74.0222 -38.1175 15.47 4.3
-69.3998 -19.1641 113.45 4.3
-66.8761 -24.2143 178.53 4.2
-71.9014 -32.1073 21.79 4.5
-68.7364 -21.2246 121.32 4.0
-68.8974 -22.8139 101.79 4.4
-66.9349 -20.6214 254.69 4.3
-66.9116 -23.9788 235.16 4.0
-71.0505 -30.9228 79.46 4.1
-66.194 -22.5108 275.81 4.3
-68.9933 -21.1497 122.77 4.2
-66.8758 -20.0807 241.76 4.3
-66.7916 -21.5303 215.85 4.7
-68.7339 -21.2301 136.7 4.2
-66.7551 -28.0117 146.9 4.6
-67.8432 -21.1489 161.86 4.1
-75.4264 -42.5006 3.29 4.3
-67.0427 -24.2936 175.47 4.4
-68.3746 -21.9083 126.33 4.1
-70.1855 -33.6149 100.08 4.1
-71.8612 -33.0714 26.26 4.3
-71.7791 -31.4983 34.37 4.0
-71.76 -31.5003 27.0 5.7
-68.9421 -21.1228 114.52 4.1
-66.2965 -22.8771 234.42 4.9
-72.2579 -33.0628 10.0 4.5
-69.7865 -18.6929 126.03 4.3
-69.2215 -20.8307 101.93 4.1
-68.9744 -21.0529 118.57 4.3
-68.8545 -22.6114 133.98 4.2
-71.6132 -27.7929 12.27 4.2
-70.1447 -22.1338 69.85 4.9
-68.5554 -21.7356 130.72 4.6
-67.5982 -22.291 185.74 4.2
-71.7397 -27.8077 10.0 4.3
-73.6328 -17.8997 25.68 4.9
-68.5964 -22.9376 93.13 5.3
-71.7034 -28.7764 10.0 3.9
-70.699 -34.465 100.9 3.7
-71.6912 -27.7971 10.0 4.2
-75.3435 -37.9111 10.0 4.0
-67.1036 -24.2385 215.61 4.0
-72.0447 -29.6561 16.63 4.1
-67.3404 -24.192 182.97 4.0
-70.1462 -19.5648 52.79 4.5
-71.1028 -27.7767 32.03 4.3
-68.6933 -21.8985 105.45 5.1
-71.6128 -30.3417 31.49 4.0
-70.8288 -20.1012 25.47 4.2
-67.0138 -18.8529 261.46 4.3
-70.4682 -34.803 124.5 4.3
-68.4709 -22.7365 115.67 4.9
-67.9263 -22.3454 171.64 4.0
-69.2894 -31.5444 24.46 4.6
-69.9268 -27.8204 96.45 4.1
-71.6117 -30.6737 28.48 4.3
-71.211 -30.652 58.0 4.1
-73.4155 -35.7268 16.96 4.1
-73.2769 -35.7526 23.26 4.4
-72.2832 -32.9323 18.13 4.2
-66.9068 -23.9827 190.59 4.0
-72.1444 -32.9401 16.58 3.9
-71.849 -32.147 33.4 4.1
-71.6896 -37.3446 81.14 5.9
-68.6823 -21.1834 137.99 4.9
-71.4108 -30.7273 42.92 4.4
-69.6627 -30.8426 113.6 4.5
-75.6269 -45.7378 10.0 5.1
-67.1035 -24.1114 237.55 4.0
-67.2047 -30.1939 36.77 4.5
-71.8597 -30.2857 14.79 4.4
-67.0223 -24.0489 173.35 4.7
-71.7544 -30.6217 27.76 4.0
-72.1653 -32.9193 16.35 4.1
-67.2429 -24.042 225.17 4.5
-67.3114 -24.2329 205.41 4.2
-68.9749 -23.1419 103.74 4.2
-68.9621 -20.3862 110.76 4.4
-73.3756 -38.9618 10.0 4.0
-71.6302 -35.3839 86.06 4.2
-69.4705 -19.1249 102.62 4.1
-66.4205 -23.1325 249.18 4.1
-67.1468 -24.4288 167.91 4.6
-67.2938 -32.6542 166.23 5.0
-72.4133 -33.0177 11.54 4.2
-67.6177 -21.7522 221.11 4.5
-70.0454 -27.0067 91.88 4.2
-67.0983 -24.388 156.79 4.9
-70.0905 -22.0232 45.31 4.5
-71.7985 -31.9386 64.51 4.3
-66.9937 -23.9779 243.36 4.1
-70.1909 -18.941 30.8 4.0
-71.5602 -32.0189 42.87 4.5
-72.2938 -32.9662 13.05 4.2
-68.7787 -25.575 113.16 4.0
-67.0238 -23.9317 239.51 4.2
-70.8223 -18.1231 83.86 4.4
-73.679 -36.988 14.4 4.0
-73.8132 -36.8885 10.0 4.6
-68.711 -20.8287 116.0 5.7
-71.6411 -33.1399 30.53 4.3
-67.1738 -24.1929 216.45 4.0
-71.1116 -18.4216 38.41 4.8
-66.6501 -23.0405 214.73 4.1
-66.7424 -21.6618 212.73 4.6
-70.404 -21.7602 35.03 4.4
-72.0307 -32.9281 14.99 5.2
-69.9385 -24.3204 119.81 4.2
-66.5219 -27.9223 157.09 4.8
-66.7584 -23.9437 204.46 4.3
-67.4005 -28.707 129.24 4.7
-71.7658 -31.4747 12.73 4.0
-69.7109 -27.3294 134.27 4.4
-72.3198 -33.7446 20.18 3.9
-68.0253 -20.7576 199.35 4.0
-69.0831 -19.845 106.29 4.0
-67.3638 -24.3004 203.28 4.1
-69.1091 -21.3613 133.78 4.4
-67.1243 -24.2501 166.53 4.3
-69.1018 -20.0905 94.75 4.1
-69.1147 -20.0391 98.08 4.3
-68.9595 -21.1586 118.61 4.0
-71.549 -28.7042 21.23 4.7
-65.2211 -28.552 24.16 4.2
-71.6277 -28.6809 19.76 4.7
-72.3827 -32.9148 8.17 3.9
-70.9174 -20.0093 21.51 4.5
-67.3778 -28.8084 170.25 4.2
-67.0219 -22.0854 167.88 4.4
-71.1827 -18.5582 10.0 4.1
-72.2762 -33.0672 17.74 4.4
-73.9768 -37.6323 26.89 4.0
-67.0672 -24.2385 226.9 4.2
-67.0757 -24.2052 210.14 4.3
-72.2468 -33.0548 13.13 4.2
-66.8135 -23.9362 216.14 4.5
-72.2145 -33.0217 16.94 4.1
-67.0057 -23.9856 218.44 4.2
-70.334 -29.308 83.9 4.1
-68.755 -21.6418 95.5 4.3
-72.2853 -32.987 16.32 3.9
-71.1592 -18.6276 10.0 4.0
-70.9694 -20.0189 9.77 5.0
-68.6718 -21.1119 133.36 4.2
-71.7724 -31.2746 27.58 3.9
-72.1368 -33.2192 20.49 4.2
-72.0844 -33.2186 21.44 4.2
-72.0845 -33.2415 22.31 3.9
-71.7797 -33.1266 21.5 3.8
-67.2042 -24.0734 236.71 4.1
-71.9616 -33.2157 18.79 5.1
-72.0533 -33.2249 20.05 4.4
-71.9773 -33.38 20.04 4.4
-72.2949 -33.2075 20.9 3.8
-67.3231 -24.3057 214.87 4.3
-71.9745 -33.2277 22.32 4.1
-72.1044 -33.2481 23.21 3.8
-71.9407 -33.2766 25.51 4.2
-72.0371 -33.3509 19.85 4.1
-71.9578 -33.2794 17.98 5.3
-72.1346 -33.2264 18.71 4.5
-72.0629 -33.3081 20.12 3.7
-72.0645 -33.2032 21.89 4.2
-72.1423 -33.1965 21.52 4.6
-72.0895 -33.218 19.9 4.3
-71.9356 -33.3216 24.03 4.6
-71.9995 -33.2169 22.51 3.6
-72.2382 -33.2289 10.0 4.6
-71.7998 -33.1297 27.0 5.8
-72.0479 -33.2323 22.46 5.4
-72.1064 -33.2687 20.09 4.5
-73.4338 -33.1938 25.55 4.4
-72.0798 -33.2401 10.0 5.1
-72.0454 -33.2449 21.07 4.6
-71.943 -33.2599 22.66 4.3
-71.9301 -33.2495 22.43 4.6
-71.9383 -33.2958 24.28 4.7
-71.9694 -33.219 22.0 5.9
-72.0035 -33.2579 21.82 3.9
-71.9581 -33.2047 28.61 4.3
-71.9516 -33.25 20.35 4.7
-71.973 -33.2855 24.21 4.1
-71.9563 -33.2652 22.51 5.1
-70.8183 -28.5959 75.19 4.3
-71.7636 -33.1172 29.43 3.9
-69.0877 -20.9516 102.81 4.1
-69.3496 -19.7031 104.68 5.4
-71.9033 -33.2797 27.02 4.3
-71.9584 -33.2736 19.38 4.3
-72.2353 -33.1601 15.02 4.3
-69.0898 -20.4565 98.4 4.3
-68.7455 -21.9192 123.67 4.4
-71.9918 -32.9573 22.09 3.7
-71.9536 -32.9563 23.04 4.0
-72.1577 -31.7665 12.73 3.7
-72.1026 -33.0885 15.39 3.9
-72.2054 -33.1279 17.82 4.3
-72.0186 -33.2906 19.39 4.1
-72.229 -33.052 10.0 4.1
-72.2018 -33.0917 26.74 3.6
-72.142 -33.1617 14.76 4.2
-72.2127 -33.1233 16.29 4.7
-72.2391 -33.1051 17.98 4.1
-72.1572 -32.9741 17.19 4.0
-72.1841 -32.9129 16.83 4.2
-72.2009 -32.8964 17.11 4.1
-67.0327 -24.4221 152.28 4.4
-72.0318 -33.1032 24.52 4.3
-72.2082 -33.1242 18.48 4.0
-72.3319 -32.9168 16.38 4.2
-72.1617 -33.1302 19.91 4.6
-71.916 -33.0023 23.3 3.8
-72.0279 -33.1437 21.44 5.2
-72.091 -33.1633 20.09 4.7
-72.1398 -33.1546 20.02 4.5
-71.7822 -33.0789 25.85 4.2
-72.1008 -32.9596 17.02 4.5
-71.944 -33.2863 24.57 4.4
-71.9967 -33.2762 19.64 4.7
-71.9276 -33.0152 23.52 4.1
-71.8593 -33.1759 26.19 4.3
-71.9721 -33.0243 19.78 4.1
-72.1077 -33.1086 14.4 4.5
-71.8895 -33.1125 23.58 4.5
-72.218 -32.981 9.8 4.7
-71.8303 -33.0634 27.92 4.9
-72.0392 -33.0831 23.06 4.1
-72.0384 -33.1354 17.1 5.0
-71.944 -32.9604 27.61 3.9
-71.9844 -32.9309 13.21 5.4
-72.0724 -32.9722 16.35 5.2
-72.0617 -33.0375 28.0 6.9
-72.1213 -33.0711 10.0 4.8
-66.3832 -22.6275 271.44 4.3
-72.1059 -33.0393 19.59 3.5
-72.1978 -33.1269 21.51 3.9
-72.1573 -33.1163 20.66 3.7
-72.1398 -33.1183 19.38 4.5
-72.1616 -33.0714 17.91 4.3
-72.107 -33.1014 20.86 4.0
-67.1877 -24.2352 170.18 4.7
-72.1416 -33.0231 19.92 3.9
-72.1611 -33.0695 16.95 3.8
-72.1154 -33.0147 20.0 5.6
-71.9865 -32.9634 21.27 4.1
-72.0059 -33.0679 24.32 3.8
-67.9221 -33.2928 32.71 4.5
-72.039 -33.0442 21.87 3.9
-71.9574 -32.9935 19.96 4.1
-72.0119 -33.0676 18.92 4.5
-72.1176 -33.0414 14.85 4.5
-72.0293 -33.0431 16.4 4.5
-71.9518 -33.0181 21.0 4.8
-72.0175 -33.0565 20.17 4.7
-72.0296 -33.0354 21.0 6.0
-72.1237 -33.005 19.45 3.7
-72.0838 -32.9978 17.13 4.6
-72.1117 -33.0191 19.49 4.2
-72.1463 -32.9851 9.44 4.9
-68.7177 -22.0967 120.26 4.4
-75.8282 -48.2539 15.13 4.4
-67.214 -27.5238 119.2 5.1
-66.7455 -23.259 240.63 4.3
-66.8307 -21.6541 213.59 4.5
-71.8062 -34.7005 41.34 4.1
-66.6508 -23.9421 179.86 4.8
-67.7022 -22.4295 194.79 4.2
-68.795 -22.3302 116.34 4.0
-71.2134 -35.3699 105.22 4.5
-71.4637 -31.8408 51.76 4.6
-70.0052 -19.1934 64.88 4.6
-68.3456 -21.774 112.76 5.0
-68.3927 -21.5047 127.86 4.0
-69.8948 -22.3842 63.8 4.5
-67.979 -23.74 154.6 4.3
-70.124 -19.176 58.4 4.5
-71.9488 -32.061 16.18 4.5
-67.6548 -24.2556 209.26 4.0
-69.6397 -23.2678 69.57 4.0
-66.7753 -23.9154 193.74 4.3
-68.7726 -31.467 111.01 4.4
-69.9374 -21.9449 70.9 4.2
-71.4794 -28.4414 33.71 4.4
-67.7225 -23.2653 155.0 6.3
-70.447 -19.4261 43.97 4.3
-68.6747 -22.2686 128.31 4.3
-70.409 -27.065 85.8 4.2
-71.1524 -32.0396 99.97 4.0
-68.6594 -22.5109 106.09 5.3
-69.2169 -30.5068 45.55 4.2
-69.2102 -19.855 103.18 4.4
-71.8582 -31.7384 57.69 4.1
-68.2753 -28.0203 105.82 4.4
-71.5482 -31.0061 38.17 5.4
-71.964 -30.102 28.1 4.3
-70.0672 -27.6127 82.85 5.1
-68.9075 -21.5547 133.17 4.7
-66.8828 -24.12 189.74 4.7
-72.7993 -31.2665 10.0 4.2
-69.3262 -25.7452 106.99 4.7
-71.1263 -25.8707 35.58 4.4
-67.0453 -23.9292 237.34 4.3
-72.6306 -31.3849 33.05 4.3
-68.8279 -28.1121 103.94 4.4
-67.3624 -24.3091 216.94 4.4
-72.6095 -17.7187 8.72 5.1
-67.5386 -24.2225 205.33 4.1
-67.0267 -24.132 175.48 4.4
-69.1913 -20.4695 97.57 4.1
-69.702 -35.918 213.24 4.2
-71.7397 -37.4737 121.35 4.0
-70.2296 -20.3202 35.96 4.2
-72.0461 -36.3419 83.23 4.2
-68.8778 -21.2169 115.14 4.3
-66.7815 -23.9133 194.12 4.2
-70.9955 -30.6419 81.97 4.7
-70.1252 -19.8761 35.0 4.3
-71.4528 -30.7098 48.83 4.2
-67.3761 -24.2013 232.58 4.4
-68.2794 -31.366 105.97 4.4
-71.4947 -30.765 41.8 4.2
-71.4941 -30.7579 41.5 5.2
-69.1563 -20.4229 109.7 4.4
-71.1252 -17.0011 79.06 4.0
-74.0309 -37.1313 10.0 4.5
-70.0369 -19.2176 68.32 4.0
-74.0511 -37.1085 16.61 4.7
-66.699 -23.3951 205.47 4.4
-68.8827 -19.5641 128.23 4.4
-68.9334 -20.5197 106.24 3.9
-67.3424 -20.8146 201.62 4.4
-67.1533 -24.0622 197.48 4.0
-66.2486 -22.669 253.92 4.3
-69.087 -20.6149 120.38 4.3
-71.741 -36.2378 88.72 5.0
-67.3446 -27.5873 131.86 4.7
-74.2065 -43.4184 19.44 4.3
-67.1016 -27.9112 174.24 4.0
-69.4836 -19.0807 121.67 4.3
-69.001 -19.857 102.76 4.8
-69.6017 -27.5609 114.81 4.2
-67.7436 -21.5222 181.81 4.3
-69.118 -23.503 105.3 4.1
-69.0733 -20.8282 102.18 4.0
-67.2635 -24.3354 172.07 4.3
-71.6194 -31.0986 36.1 4.1
-67.568 -21.1226 199.71 4.0
-68.4588 -21.5765 125.05 5.1
-69.9319 -31.0511 133.07 4.4
-71.5692 -31.1451 41.1 3.7
-72.0589 -32.1583 10.0 4.0
-72.1379 -32.1678 18.24 4.0
-66.3875 -27.0913 164.72 4.6
-66.9073 -23.946 246.81 4.0
-71.1074 -28.7674 60.05 4.3
-66.8244 -24.1053 160.39 4.2
-69.6256 -18.6308 104.16 4.1
-72.5094 -28.9278 5.91 4.2
-67.9965 -21.3597 195.22 4.1
-68.6506 -20.3097 115.67 4.5
-68.444 -22.9616 123.64 4.2
-71.7298 -32.4468 27.26 4.8
-67.5076 -22.2793 156.54 4.8
-71.006 -17.127 127.61 4.3
-67.1063 -23.4783 236.93 4.4
-66.8574 -24.1491 176.64 5.1
-72.1992 -34.0253 21.8 4.5
-68.3242 -21.5022 115.22 4.5
-66.8427 -24.0681 241.88 4.3
-70.9459 -35.2326 99.2 4.6
-67.079 -23.999 200.63 4.5
-71.3514 -33.5471 44.12 4.4
-71.7749 -34.8279 52.0 4.3
-71.3954 -30.4321 46.33 5.1
-70.2806 -28.8934 105.11 4.4
-67.2442 -24.1705 178.62 4.2
-75.2977 -39.5076 10.0 4.0
-72.1484 -29.9678 10.0 4.1
-72.1973 -29.9182 10.0 4.3
-69.3046 -29.2266 93.74 4.8
-71.848 -34.7839 45.18 4.7
-67.3522 -22.639 183.98 4.4
-72.0795 -30.5797 14.07 5.2
-67.6567 -28.8729 171.4 4.1
-71.6191 -31.7755 35.51 4.1
-67.2788 -24.2829 224.82 4.1
-67.0137 -24.0536 252.64 4.2
-73.8095 -38.0652 24.12 4.4
-68.2535 -23.4933 134.3 4.0
-69.0325 -20.3336 125.82 4.1
-66.935 -24.0214 215.9 4.8
-68.376 -31.238 104.0 4.1
-74.3739 -52.6935 12.34 4.4
-71.905 -40.4113 144.3 4.6
-70.0438 -18.1154 101.86 4.1
-68.2796 -21.8635 108.19 4.7
-71.6949 -30.3544 27.51 3.7
-74.2338 -37.3656 23.33 4.1
-66.8539 -23.6656 230.0 4.3
-74.0636 -43.2275 27.61 4.5
-69.0883 -22.9075 105.34 4.2
-67.2056 -29.32 109.9 4.6
-74.1727 -37.0568 10.0 4.6
-66.5643 -23.8103 207.14 4.0
-71.5883 -28.9602 34.69 5.0
-67.9683 -29.1774 103.9 4.8
-69.0941 -19.4876 108.46 5.2
-74.4857 -43.1081 15.44 4.2
-69.6519 -33.1486 10.0 4.4
-68.9282 -31.5809 191.05 4.0
-70.055 -31.73 144.2 4.1
-73.8107 -36.1181 10.35 4.4
-70.9306 -25.6225 17.33 4.3
-71.7021 -30.851 35.0 4.0
-68.4146 -26.1613 148.53 4.0
-73.8102 -37.5297 13.93 4.1
-72.2664 -30.0698 52.03 4.0
-73.9835 -37.5211 35.0 4.1
-69.5684 -17.6708 160.47 4.1
-74.1253 -37.4713 18.63 4.1
-73.8785 -37.4822 19.04 4.7
-74.0485 -37.459 16.99 4.0
-73.8554 -37.5736 14.04 4.3
-74.1723 -37.552 18.36 3.9
-73.8852 -37.5395 20.0 4.1
-67.7572 -24.5109 189.11 4.4
-73.6964 -37.5559 13.57 4.5
-68.7001 -22.1205 105.46 4.2
-67.1298 -24.2604 193.09 4.0
-66.7687 -23.9825 198.99 4.9
-66.6592 -23.8613 222.0 6.4
-70.5764 -23.471 59.35 4.5
-73.785 -35.8352 11.87 4.5
-73.6881 -35.845 21.76 4.6
-72.1093 -30.1677 9.84 5.4
-68.4044 -21.935 97.93 4.2
-71.3549 -30.041 49.59 4.2
-68.3484 -21.6953 134.07 4.3
-69.6605 -33.1872 21.39 4.7
-66.6097 -23.8415 179.91 5.4
-67.6255 -24.2196 232.05 4.1
-71.9827 -34.3458 15.39 4.1
-69.6634 -33.145 10.0 4.5
-65.556 -21.8218 302.69 4.4
-71.3402 -27.8715 16.17 5.1
-69.0369 -31.8028 106.14 4.9
-67.3742 -19.2936 236.15 4.3
-66.7213 -29.7703 33.77 4.5
-68.7774 -23.2586 111.88 4.3
-68.086 -21.2542 181.83 4.1
-69.5365 -24.3951 80.1 3.8
-74.4546 -43.2178 15.08 4.1
-72.092 -29.6421 11.24 4.4
-68.1209 -28.4886 171.99 4.3
-68.9955 -20.9042 94.67 4.8
-68.9189 -21.2043 130.86 4.3
-67.4544 -28.2557 123.1 4.4
-69.6361 -33.1052 9.01 4.1
-66.2021 -31.4597 136.02 4.1
-69.7164 -33.0883 10.0 5.4
-69.175 -19.9595 97.67 4.4
-73.7615 -37.2751 30.36 4.0
-73.7362 -37.2896 18.33 4.4
-71.2995 -30.1154 83.83 4.0
-74.3874 -43.5508 19.32 3.9
-69.5894 -29.467 121.24 4.5
-71.3753 -30.4788 73.37 4.2
-67.3195 -22.3871 226.38 4.1
-68.6573 -30.3983 98.77 4.6
-71.0265 -26.5612 44.91 4.8
-68.9534 -20.3041 120.42 4.1
-70.0363 -19.961 51.76 4.9
-69.0424 -31.481 114.4 4.6
-68.5096 -22.4794 92.6 4.9
-71.491 -31.0163 56.85 4.7
-69.0782 -20.3204 110.33 4.2
-67.5475 -22.3816 171.65 4.2
-68.9495 -21.4833 118.06 4.0
-72.0339 -30.6012 10.0 4.2
-69.4836 -25.7045 89.33 4.2
-68.3184 -32.3019 124.63 4.3
-68.7646 -21.249 126.9 4.3
-71.84 -32.0284 46.79 4.0
-66.826 -23.3121 231.97 4.1
-67.4849 -32.1011 10.0 4.3
-67.6116 -24.2415 224.29 4.3
-68.9395 -20.0934 120.55 4.4
-69.3296 -18.4419 133.98 4.4
-71.1974 -30.6825 53.96 4.2
-70.774 -20.2339 17.82 4.2
-67.4891 -21.4116 211.21 4.3
-68.9713 -31.6085 114.59 4.7
-74.2549 -43.1703 16.26 4.1
-71.4437 -30.6667 48.97 4.1
-68.8936 -24.2014 102.25 4.4
-68.6259 -33.8004 21.87 4.5
-69.8643 -17.3876 157.39 4.1
-68.8358 -28.3357 110.7 4.2
-68.9284 -31.2229 117.04 4.3
-71.5117 -30.86 43.88 4.4
-66.9897 -24.0565 186.55 4.2
-74.2329 -43.267 26.25 4.5
-69.1823 -19.8693 99.75 4.1
-71.5935 -27.7877 11.11 4.0
-68.6159 -22.5256 107.87 4.6
-69.3032 -20.1605 107.09 3.9
-68.7971 -20.4675 111.75 4.0
-70.9955 -19.6926 27.37 4.2
-73.9098 -37.489 29.84 4.4
-67.118 -23.875 195.16 4.1
-71.2922 -30.7303 49.66 4.0
-66.8214 -20.4672 249.83 4.1
-71.5763 -30.3796 32.87 4.4
-70.5242 -33.6764 96.63 4.4
-69.1322 -18.0907 135.26 4.8
-69.8007 -22.7746 72.96 4.7
-69.8033 -22.821 72.0 5.8
-67.0386 -24.4915 220.0 4.0
-68.0249 -31.0557 10.0 4.7
-70.939 -31.335 93.1 4.5
-73.1835 -39.4002 63.13 4.2
-71.4294 -29.6582 44.07 4.3
-68.649 -21.265 126.4 4.1
-70.9834 -23.0689 19.87 4.4
-66.8595 -24.0511 187.1 5.1
-72.187 -30.1501 10.0 4.8
-70.143 -19.5417 26.65 3.7
-67.3701 -28.8177 124.34 4.5
-66.9005 -21.5978 256.67 4.3
-69.635 -29.0115 124.79 4.2
-74.1873 -43.2739 25.35 4.1
-67.795 -22.3176 172.0 5.8
-70.7514 -22.3653 34.83 4.1
-70.3028 -22.0533 31.32 4.1
-69.8369 -18.3961 119.86 4.0
-69.453 -27.4844 102.08 4.3
-66.9862 -23.8881 232.83 4.1
-71.5346 -30.2832 45.41 4.9
-74.5017 -43.3527 10.26 5.5
-72.1905 -30.3126 25.23 4.3
-72.4387 -34.152 18.95 4.3
-70.4091 -19.9071 43.13 5.2
-71.1109 -24.4115 44.18 4.2
-67.4347 -24.2806 217.02 4.2
-70.2777 -21.3066 57.31 4.1
-70.616 -33.9245 94.79 4.2
-68.4816 -28.0774 146.0 4.3
-71.3262 -32.0786 90.19 4.4
-74.4927 -43.4535 18.98 4.2
-71.6717 -28.7905 6.6 4.3
-71.8472 -29.992 17.78 3.9
-71.7813 -29.995 40.36 4.3
-69.149 -19.6932 108.06 4.0
-74.4059 -43.2793 21.97 3.9
-71.3277 -29.6335 42.3 4.1
-71.3453 -17.614 69.12 4.2
-68.6146 -31.6078 107.61 4.5
-71.5737 -33.6842 43.26 4.4
-68.363 -21.5902 115.15 4.6
-74.4594 -43.1386 19.42 4.1
-74.3477 -43.35 15.15 4.1
-69.1669 -19.2327 109.0 4.6
-74.5751 -43.218 14.94 3.9
-74.2925 -43.2161 25.85 4.5
-74.0672 -43.4162 30.42 4.8
-68.8377 -20.4826 113.86 4.1
-66.6415 -19.6561 264.18 4.3
-67.7434 -22.2369 197.17 4.6
-74.3206 -43.3595 23.34 4.7
-69.9448 -33.1303 133.01 4.3
-74.4791 -43.1025 15.34 4.3
-70.4642 -30.6122 102.05 4.3
-72.3683 -32.1807 24.92 4.0
-71.5304 -28.4034 34.31 3.9
-74.487 -43.3363 21.45 4.1
-74.5585 -43.2804 10.94 4.2
-67.3808 -24.0854 196.42 4.0
-74.4433 -43.2565 18.02 5.2
-74.5914 -43.4272 7.63 4.1
-74.8351 -43.2794 14.24 4.1
-74.5045 -43.3024 17.46 4.5
-74.5922 -43.4082 14.28 4.5
-74.452 -43.2379 14.19 4.1
-74.2277 -43.3561 16.06 4.1
-74.4485 -43.3292 14.56 4.4
-74.3998 -43.2372 21.96 4.0
-74.3707 -43.3023 29.99 4.3
-74.4771 -43.481 14.93 5.6
-73.9413 -43.4064 38.0 7.6
-68.6624 -19.877 103.32 5.1
-67.6373 -22.3703 182.97 4.1
-72.5062 -28.3691 10.0 4.2
-66.8684 -23.1573 214.47 4.1
-70.601 -33.9653 96.31 4.2
-71.5886 -28.7678 40.04 3.9
-71.7209 -29.6391 35.0 4.1
-67.2729 -24.1677 221.26 4.2
-66.9427 -23.9534 242.09 4.1
-69.735 -17.9262 125.03 4.5
-69.9269 -31.6288 143.22 4.1
-75.4722 -43.6393 21.25 4.6
-65.6095 -21.5888 291.9 4.5
-71.4801 -30.767 35.06 4.9
-71.8095 -29.9115 22.14 3.8
-71.254 -31.736 54.4 4.0
-69.294 -31.3521 153.35 4.2
-67.0335 -21.5673 246.83 4.5
-75.7155 -47.2575 10.0 4.7
-71.5685 -30.2568 34.3 4.1
-71.6986 -30.3845 35.0 4.0
-71.6189 -30.4233 35.61 5.2
-67.7012 -32.2873 37.8 4.2
-66.7962 -23.9793 198.83 4.5
-67.892 -19.311 65.35 4.3
-66.1748 -22.9604 249.59 4.1
-71.624 -30.439 30.7 4.1
-68.6939 -31.6231 128.82 4.4
-71.4479 -29.694 43.22 3.9
-71.3997 -32.623 35.67 3.8
-68.062 -30.9721 10.0 5.0
-71.4241 -30.9368 49.94 4.8
-67.7687 -32.0116 19.81 3.9
-74.1684 -34.938 10.0 4.5
-71.6302 -31.524 51.9 4.4
-71.1467 -23.2148 27.31 4.3
-67.2639 -24.2416 203.09 4.4
-71.6604 -31.4901 33.53 4.9
-71.798 -31.548 41.2 5.2
-69.0461 -30.6046 63.38 4.7
-71.9176 -31.6268 10.0 4.4
-66.9032 -23.6045 224.63 4.0
-69.016 -22.094 107.2 4.1
-68.3763 -21.6801 111.67 4.0
-66.9723 -23.4796 223.39 4.3
-70.4302 -33.9174 107.32 4.3
-69.0823 -31.4765 113.94 4.5
-68.879 -22.487 96.8 4.2
-69.754 -17.709 152.3 4.5
-66.656 -23.185 223.0 5.0
-70.1 -33.59 111.8 4.4
-75.3081 -47.1545 35.0 5.2
-66.7783 -21.0311 244.34 4.6
-71.9788 -32.178 22.54 4.7
-71.5411 -30.9055 50.6 4.4
-71.3593 -27.0525 15.88 4.7
-69.6199 -19.4453 85.58 3.9
-71.299 -34.124 55.5 3.9
-71.4213 -27.0627 35.11 4.4
-71.2411 -27.0414 18.29 4.8
-70.3071 -28.7157 114.87 4.3
-69.1266 -22.9889 103.37 4.3
-70.5 -28.738 88.8 4.6
-71.3287 -27.0566 4.87 4.7
-68.5883 -21.0404 103.32 4.8
-70.9865 -31.9647 91.08 4.3
-68.7192 -31.5939 109.69 3.8
-72.2933 -30.3147 10.0 4.5
-72.2299 -30.3229 11.22 4.3
-68.6527 -31.5143 104.88 4.6
-68.6696 -22.1814 121.23 4.0
-71.86 -31.8605 6.23 4.3
-67.593 -22.3037 207.51 4.2
-66.9917 -24.3147 180.69 4.6
-69.2141 -24.6117 116.27 4.4
-68.676 -22.154 112.9 4.7
-68.7331 -22.5651 121.85 4.2
-71.4727 -29.8481 48.25 4.2
-71.682 -33.98 41.1 3.9
-69.8872 -17.1421 183.73 4.1
-68.7928 -22.2271 117.5 4.1
-67.099 -24.2101 160.82 4.6
-70.304 -22.631 31.3 4.2
-69.084 -23.243 89.8 4.0
-74.1126 -38.1321 16.19 4.8
-73.7243 -37.4786 16.16 4.8
-68.6509 -21.1199 141.54 4.1
-68.6259 -31.6226 108.0 6.4
-66.8913 -23.227 199.39 4.6
-67.1198 -24.1574 221.62 4.6
-68.5439 -21.9374 156.12 4.3
-70.4986 -17.6203 106.82 4.2
-71.6443 -34.8102 49.14 4.3
-66.2859 -22.7893 278.23 4.0
-66.6973 -21.4365 217.36 4.6
-67.3802 -21.2277 194.34 4.3
-67.0669 -24.07 250.41 4.0
-66.4859 -27.9344 156.36 4.8
-70.695 -26.317 34.5 4.3
-67.1646 -24.1953 169.27 4.5
-70.474 -28.39 82.3 4.3
-67.5292 -31.099 10.0 4.3
-69.1676 -32.8657 10.0 3.9
-66.7671 -24.0969 197.53 4.5
-69.167 -20.777 108.8 4.4
-67.2258 -24.1074 227.11 3.8
-68.8232 -20.298 113.37 4.2
-68.6244 -21.92 124.25 4.1
-69.2883 -19.5705 99.1 4.5
-69.989 -21.1428 49.67 4.4
-71.1501 -27.907 23.93 4.2
-68.892 -21.203 103.6 4.0
-71.7054 -30.0252 28.86 4.4
-69.1827 -19.9774 111.06 4.0
-68.1058 -32.0065 113.48 4.9
-71.5981 -31.688 48.3 4.2
-71.5291 -28.8729 22.45 4.8
-67.4565 -28.8647 109.12 5.7
-67.3071 -28.1225 118.77 5.3
-66.797 -23.4312 214.21 4.4
-72.1214 -30.1153 31.35 4.0
-71.8286 -32.1282 20.22 3.9
-69.4082 -19.1068 94.74 4.5
-71.4606 -17.2272 69.98 4.1
-73.6018 -36.4906 10.0 4.8
-73.7047 -36.483 10.0 4.6
-70.4323 -17.1569 127.52 4.5
-74.0963 -38.1882 4.79 4.5
-70.169 -25.3841 58.87 4.7
-73.572 -36.65 10.4 4.6
-73.5462 -36.6001 17.72 4.9
-73.702 -36.577 18.3 3.9
-73.663 -36.5913 14.24 4.6
-73.5511 -36.5989 17.03 4.9
-73.5603 -36.5776 20.0 6.0
-66.6217 -23.9902 208.74 4.6
-71.0381 -28.0597 57.9 4.2
-66.6952 -27.9604 148.98 4.7
-73.7957 -39.6607 24.43 4.3
-68.314 -22.961 154.2 4.1
-71.0457 -35.0945 90.0 6.3
-67.2705 -24.2553 229.57 4.1
-69.3981 -28.5698 145.44 4.1
-69.2943 -19.3563 113.38 4.9
-67.5641 -24.2956 208.82 4.2
-71.66 -31.501 42.2 3.9
-68.3644 -22.4296 116.76 4.9
-67.237 -24.2752 208.7 4.1
-66.5802 -23.1134 210.02 4.6
-67.9167 -20.5011 172.64 4.0
-68.8954 -21.1045 131.83 4.1
-66.3937 -23.0381 249.62 4.4
-66.661 -23.3825 204.08 4.3
-72.152 -29.8482 7.73 4.5
-72.5112 -33.7597 9.36 4.9
-66.2083 -22.6161 266.82 4.3
-68.4858 -22.3901 91.87 5.1
-71.6925 -31.8266 19.48 4.3
-70.3654 -25.1833 53.01 5.3
-71.8622 -31.2222 19.23 3.9
-72.5856 -33.8433 10.0 5.2
-71.546 -30.482 22.4 4.3
-66.5923 -30.0467 24.43 4.0
-72.6211 -33.7657 14.62 4.3
-72.5321 -33.7771 12.57 6.0
-66.5375 -30.0588 25.72 4.6
-68.2963 -22.1818 117.56 4.6
-68.5856 -32.7378 10.0 4.2
-70.2406 -27.6937 90.27 4.4
-71.0692 -26.7009 10.0 5.0
-70.437 -34.609 126.5 4.3
-71.5334 -30.8752 36.94 4.0
-68.8529 -23.4414 97.35 4.4
-67.3636 -24.2117 191.17 4.3
-71.4771 -30.7072 42.26 4.3
-67.1982 -24.1671 200.86 4.3
-72.5683 -36.4654 53.9 4.4
-71.2792 -17.3063 85.97 3.9
-66.7843 -23.1153 237.62 4.1
-70.471 -25.634 72.4 4.2
-67.4004 -24.2124 208.72 4.1
-71.324 -35.82 120.8 4.2
-67.3418 -24.2504 205.58 4.2
-67.1539 -24.0601 221.66 4.3
-71.7576 -33.7051 34.21 4.0
-66.7228 -23.1556 203.59 4.3
-71.5987 -30.6239 31.86 4.2
-69.1568 -32.8439 10.0 3.5
-66.8771 -24.1129 193.41 4.5
-68.4613 -21.8594 119.12 4.7
-73.7163 -37.5357 35.0 4.8
-69.1381 -31.2352 112.8 4.3
-68.346 -21.55 132.7 4.2
-67.3897 -24.2619 204.83 4.3
-71.53 -30.695 38.44 4.9
-70.702 -28.3457 98.95 4.4
-67.2482 -31.3296 47.18 4.6
-67.3637 -21.8409 196.68 4.1
-68.457 -21.892 117.4 4.2
-72.0999 -30.4219 17.65 4.0
-70.6025 -31.3576 112.55 4.1
-72.1482 -29.6267 15.39 4.1
-68.7227 -24.4534 125.28 4.1
-69.481 -25.3596 134.14 4.4
-71.2357 -29.4096 49.84 4.2
-69.1877 -28.077 145.08 3.7
-71.4065 -30.9941 66.76 4.6
-71.0787 -30.5497 83.27 4.0
-66.8645 -23.9503 195.06 4.4
-69.2152 -20.2783 95.46 4.4
-74.2064 -37.2172 10.98 4.2
-71.456 -30.6786 39.76 4.0
-70.3966 -29.2512 125.52 4.4
-68.1304 -23.7136 122.33 4.4
-70.985 -18.579 20.8 4.2
-73.5007 -35.9089 8.99 4.2
-68.8068 -31.2491 102.59 4.5
-67.1949 -19.7149 267.47 4.0
-68.8749 -21.3042 129.65 4.0
-71.709 -32.078 16.3 4.6
-72.0474 -29.625 10.0 4.8
-71.1718 -28.3094 52.1 4.5
-68.0572 -23.7674 124.99 4.1
-70.6982 -23.0908 24.8 4.6
-70.6534 -23.0922 19.99 4.8
-66.8841 -19.9102 244.59 4.0
-68.679 -21.979 105.9 4.1
-75.3071 -38.2766 18.68 4.3
-72.2371 -33.9571 19.98 4.2
-67.214 -22.264 185.6 4.5
-72.2333 -33.957 20.2 4.2
-71.9229 -32.0574 41.86 4.0
-71.7837 -30.3432 30.32 4.6
-68.3542 -21.5363 104.4 5.1
-71.6599 -32.636 17.72 3.9
-72.1494 -37.7794 87.05 4.2
-71.6125 -36.925 108.65 4.3
-71.6931 -29.8407 29.74 3.7
-68.77 -22.042 116.3 4.2
-70.7601 -23.1194 15.17 4.3
-71.3135 -27.9023 22.95 4.1
-69.2508 -20.2428 99.49 4.2
-70.633 -31.7533 10.0 4.7
-70.759 -30.173 88.3 4.2
-66.9988 -24.2591 185.2 4.4
-68.1828 -23.5762 127.44 5.0
-71.4632 -30.7002 47.54 4.2
-70.4927 -17.5239 101.34 5.0
-69.3936 -19.9764 94.05 3.9
-70.595 -23.087 22.8 4.0
-70.6483 -23.106 23.58 4.5
-71.372 -30.663 50.5 4.1
-68.462 -21.892 135.6 4.1
-73.7244 -37.2824 13.51 4.9
-66.9221 -23.9008 233.73 3.8
-69.6451 -20.3626 79.92 4.4
-73.4203 -38.0349 25.68 4.8
-71.4919 -28.9927 19.82 4.6
-71.688 -36.276 109.1 4.1
-71.254 -30.688 47.2 4.2
-72.0042 -31.5715 35.0 3.8
-72.0973 -30.3889 14.08 4.2
-66.985 -24.2401 171.23 4.6
-69.1057 -23.0195 85.67 4.2
-69.0875 -19.505 127.44 4.6
-67.5061 -20.8739 210.39 4.3
-69.6 -27.591 120.7 4.1
-69.175 -23.287 93.6 4.3
-71.7846 -30.6434 42.47 4.3
-65.8254 -31.3775 157.56 5.6
-72.2593 -30.4545 10.0 4.4
-74.0954 -37.7468 12.58 4.2
-68.622 -21.799 121.4 5.0
-71.6197 -32.3206 30.49 4.9
-69.0053 -20.0451 98.83 5.3
-70.762 -24.872 18.5 4.1
-73.714 -37.898 15.7 4.1
-66.706 -24.022 188.94 4.4
-71.6199 -31.9545 67.36 4.2
-66.2708 -22.5184 297.77 4.3
-68.3224 -35.5524 14.84 4.0
-68.224 -21.633 133.3 4.2
-67.6974 -21.2264 148.46 5.0
-66.7711 -23.9103 192.57 4.9
-69.3844 -17.6841 148.76 4.6
-68.539 -21.9665 135.68 4.1
-68.8002 -20.5358 115.53 4.1
-69.887 -22.133 71.5 4.0
-68.6698 -23.0743 108.88 4.1
-72.0869 -32.1223 7.58 4.3
-67.3221 -24.134 205.84 4.1
-67.0509 -24.0522 211.22 3.6
-70.4734 -26.1213 48.74 4.4
-72.555 -34.8956 14.2 5.4
-68.564 -22.258 116.8 4.2
-71.3861 -30.6643 49.06 4.3
-69.8321 -18.4242 121.27 4.6
-71.226 -27.68 35.0 4.6
-73.3965 -35.6944 20.05 4.4
-73.433 -36.882 34.5 4.2
-73.3524 -38.0739 23.9 4.9
-71.7105 -32.7701 27.82 4.4
-72.1041 -29.6023 10.0 4.0
-70.7144 -25.0899 57.65 4.2
-67.376 -21.8072 210.03 4.0
-71.1761 -19.9294 25.37 4.0
-74.1008 -35.2273 10.0 4.3
-72.3613 -30.3317 9.21 4.4
-68.721 -21.3576 110.55 4.1
-68.748 -21.6897 125.59 4.3
-66.9416 -24.1239 190.67 4.4
-67.305 -23.9643 184.37 4.2
-69.483 -23.042 67.9 4.1
-69.6301 -19.2834 72.21 4.2
-70.2366 -21.0514 31.62 4.4
-72.349 -17.0241 44.91 5.3
-68.8989 -20.5989 109.8 4.7
-71.5614 -30.623 26.75 4.1
-66.6102 -20.9546 230.33 4.4
-67.0565 -24.1522 169.57 4.6
-66.8497 -23.9422 208.82 4.4
-65.3315 -33.4688 8.89 3.7
-70.721 -27.527 55.1 4.3
-71.2655 -27.9183 24.16 4.1
-66.7462 -21.6223 215.49 4.4
-72.0363 -33.5888 23.38 4.3
-71.0971 -19.7581 17.61 5.1
-71.0008 -19.7955 11.23 4.7
-71.0823 -19.9179 16.41 4.5
-70.0481 -28.681 138.65 4.2
-71.6323 -29.8447 24.06 4.0
-71.162 -19.7878 31.41 4.1
-68.6772 -22.5053 107.19 5.4
-71.503 -28.881 44.2 3.9
-68.4702 -21.4592 127.43 4.1
-69.1698 -20.2005 100.0 5.0
-69.1805 -20.6827 111.12 4.4
-67.8085 -24.1419 169.22 4.3
-71.8054 -32.4071 35.0 3.8
-72.426 -33.3757 13.74 4.4
-71.825 -34.905 42.1 3.9
-67.1797 -24.2269 201.17 4.3
-72.9588 -40.2998 67.23 4.2
-69.3471 -20.5461 115.83 3.9
-66.1068 -22.5344 253.96 4.3
-68.6904 -22.0198 144.73 4.7
-71.407 -30.747 46.2 4.6
-71.259 -32.0802 84.05 4.8
-71.6571 -31.9631 31.89 4.5
-72.214 -31.7338 17.56 4.5
-69.41 -23.243 73.9 4.2
-69.5064 -31.6696 128.95 4.0
-67.3146 -24.124 218.8 3.9
-68.1063 -24.1798 114.51 4.9
-71.6537 -31.5865 29.95 5.0
-72.3278 -31.717 10.0 4.0
-69.396 -26.105 103.9 4.3
-70.4489 -17.9366 35.62 4.2
-72.2635 -31.7628 10.0 4.3
-69.4811 -18.3344 143.72 4.3
-68.486 -21.921 111.4 4.3
-66.0078 -22.3343 270.0 6.2
-66.6236 -21.3395 218.43 4.4
-68.714 -22.855 104.9 4.0
-67.1068 -24.2027 172.95 4.9
-68.422 -23.022 155.61 4.3
-69.466 -21.238 73.9 3.8
-67.0126 -24.2058 183.64 4.5
-69.9123 -19.5257 58.44 4.3
-72.0621 -29.6437 29.29 4.3
-66.8149 -21.4216 220.49 4.3
-67.9342 -20.8248 172.56 4.2
-68.449 -21.764 123.7 4.0
-72.0131 -30.5515 18.18 4.2
-71.5508 -31.5503 42.34 4.6
-65.2885 -26.3811 59.71 4.2
-72.1034 -30.3887 18.16 4.4
-67.1397 -24.1433 200.86 4.4
-71.8636 -31.7257 32.03 4.3
-66.734 -23.0787 227.29 4.1
-67.199 -24.2546 185.6 4.3
-71.6354 -30.3675 27.62 4.3
-67.2739 -24.1725 193.92 4.1
-66.9895 -23.3566 227.52 4.0
-67.7928 -24.065 121.0 5.4
-71.8415 -32.633 16.35 4.8
-71.0169 -24.6811 25.8 4.6
-70.0564 -19.1515 69.34 4.2
-66.9152 -24.1622 181.11 4.8
-70.5111 -26.1067 72.0 6.1
-71.5075 -30.8276 41.69 4.7
-70.3353 -33.3771 97.27 4.8
-70.2047 -17.1505 155.62 4.2
-71.346 -30.707 51.1 4.2
-68.607 -22.391 114.4 4.3
-69.2088 -19.6992 103.92 4.3
-69.254 -19.729 109.9 4.5
-68.4792 -22.6632 107.92 4.3
-68.7396 -21.2344 122.15 4.5
-67.1718 -22.4116 27.54 5.0
-73.6351 -36.147 26.92 4.3
-71.9182 -31.1753 35.0 4.1
-71.7287 -30.6931 33.88 4.2
-68.376 -21.954 119.9 4.3
-68.4791 -31.3474 42.8 4.2
-68.7261 -33.4692 76.18 4.1
-68.532 -22.531 114.5 4.0
-69.4848 -17.4351 170.87 4.4
-66.6317 -27.9704 153.0 4.4
-75.112 -39.2828 50.13 4.2
-66.5521 -23.3883 197.7 4.6
-72.1675 -30.1461 8.34 4.6
-71.9722 -30.2523 8.01 5.8
-71.5736 -30.6216 22.55 4.0
-70.5554 -34.5454 10.0 4.3
-66.8958 -21.4955 237.85 4.3
-71.852 -30.7067 25.5 4.8
-68.5793 -31.7254 106.86 4.4
-71.8616 -30.3561 35.0 5.0
-71.7935 -30.7537 23.97 5.2
-71.5824 -30.8154 24.22 4.5
-69.1297 -31.3888 110.81 4.5
-69.0558 -23.5872 93.1 4.0
-68.516 -21.184 136.1 4.2
-70.683 -26.626 42.7 4.3
-70.8474 -26.6355 35.24 4.1
-70.1319 -21.3406 25.94 4.4
-73.785 -37.925 10.0 4.3
-67.3495 -24.3683 213.38 4.2
-67.2529 -24.3138 190.62 4.0
-71.4545 -31.7306 43.45 4.3
-69.297 -24.175 85.3 4.1
-67.1579 -24.2528 202.06 4.3
-67.197 -24.3428 169.71 4.3
-71.284 -30.6202 42.31 4.2
-68.6797 -22.2934 125.89 4.1
-73.3693 -42.182 67.25 4.6
-72.1306 -29.8653 7.65 4.7
-71.4136 -30.6879 48.82 4.9
-68.4022 -23.4996 131.93 4.3
-70.5057 -23.8391 35.55 4.3
-68.9674 -21.0831 114.44 4.5
-66.888 -24.2083 182.97 4.6
-69.1201 -20.9162 111.03 4.2
-71.5705 -30.5704 41.03 4.1
-71.24 -27.14 33.0 3.6
-71.5699 -30.3666 35.17 4.5
-69.3496 -20.4629 88.15 4.4
-71.891 -35.613 14.24 4.4
-65.3886 -17.0303 10.0 4.4
-74.0798 -41.6714 37.2 4.4
-71.7752 -30.4051 26.31 4.0
-70.7917 -20.234 33.2 4.2
-67.7617 -20.9345 186.43 4.4
-70.9463 -20.19 11.13 5.1
-69.1482 -20.7049 91.01 4.9
-70.751 -20.6387 15.9 4.4
-71.5559 -31.4434 44.03 4.6
-69.1158 -25.047 112.36 4.3
-68.7383 -21.0755 114.41 4.7
-66.9431 -24.1288 179.94 4.1
-72.9849 -36.273 27.63 4.2
-71.4833 -30.8029 38.19 4.6
-70.0941 -29.5064 114.75 3.8
-72.0619 -30.1243 12.13 4.4
-68.689 -21.1852 114.11 4.0
-71.692 -30.361 29.47 4.8
-67.1632 -24.2501 175.4 4.0
-69.0309 -31.0156 135.72 3.9
-72.2192 -31.6801 22.34 4.3
-72.2292 -31.7328 10.0 4.1
-68.7764 -32.6852 54.8 4.3
-70.1227 -31.0845 131.48 4.1
-67.0684 -21.042 260.57 3.9
-71.4198 -31.7806 45.67 5.0
-71.6757 -30.5862 24.91 4.2
-68.357 -21.3876 110.99 4.2
-69.1689 -23.1263 105.7 4.2
-68.049 -21.782 141.2 4.3
-72.215 -31.7063 10.0 4.3
-66.7658 -23.8439 193.73 4.4
-71.5511 -31.5343 40.2 4.4
-71.0533 -19.821 18.2 3.9
-69.3417 -25.7705 118.96 5.5
-68.9094 -20.4714 102.43 4.4
-67.3401 -23.4254 197.26 4.1
-72.2674 -31.2096 15.45 4.1
-71.6921 -30.6352 26.01 5.1
-71.7239 -30.5947 22.65 4.4
-71.5278 -17.5595 35.0 4.3
-66.9568 -23.8857 224.68 4.1
-70.34 -23.69 17.0 4.1
-73.318 -35.372 29.7 4.3
-67.2066 -22.0847 189.62 4.1
-67.3 -24.194 211.6 4.3
-67.2802 -27.359 124.13 4.4
-72.019 -31.5664 19.65 4.0
-66.6913 -23.9391 203.96 4.5
-72.0643 -30.2206 10.0 4.2
-68.756 -21.3348 112.99 4.2
-71.8308 -30.9997 35.0 4.1
-69.1884 -20.0525 104.08 4.0
-68.7498 -20.8532 114.21 4.0
-71.3254 -35.8041 92.8 4.6
-68.5812 -31.4828 137.39 4.3
-71.643 -30.46 25.0 4.1
-75.3937 -52.3071 13.32 4.5
-67.1526 -24.1467 186.0 5.7
-67.2263 -24.3351 157.44 4.7
-68.2242 -29.4016 105.04 4.3
-71.7577 -30.661 30.0 4.8
-71.5824 -30.0617 33.79 4.5
-68.9391 -22.961 101.42 4.4
-69.5484 -17.6595 165.38 4.2
-71.3203 -30.6707 58.41 4.7
-71.6558 -28.3681 10.0 4.1
-72.0251 -32.273 10.0 3.9
-68.9588 -21.1136 114.1 4.6
-71.6555 -30.1495 34.13 4.3
-74.2719 -37.7339 14.85 4.6
-69.924 -31.885 153.4 4.0
-66.728 -23.9946 195.5 4.0
-71.6035 -30.2466 35.0 4.3
-66.2726 -22.6933 216.63 4.7
-67.6 -28.72 155.0 4.2
-71.0158 -19.7933 18.26 4.1
-66.6078 -20.9962 237.48 4.4
-67.8439 -22.4256 172.8 4.2
-68.838 -20.879 105.1 4.0
-72.0311 -30.0208 8.1 4.3
-71.5626 -30.1008 26.67 3.8
-71.7786 -31.5449 14.49 4.2
-69.48 -25.89 90.0 4.4
-67.5576 -24.2583 189.5 4.1
-71.9128 -31.047 19.53 3.9
-69.322 -20.215 87.4 4.0
-71.5238 -30.069 29.5 5.4
-71.4636 -30.0433 28.31 5.5
-66.9309 -24.0289 196.75 4.4
-71.636 -31.9965 34.95 4.3
-69.0325 -19.4083 97.17 5.1
-72.0074 -29.2922 35.0 4.0
-71.8594 -29.3424 28.0 5.8
-67.0035 -24.2886 165.05 4.6
-71.5236 -31.5964 45.18 4.3
-73.42 -36.4 31.0 3.9
-69.618 -23.293 64.4 4.3
-71.72 -31.466 25.1 4.0
-68.9527 -31.6651 132.25 4.3
-70.2867 -19.0388 40.24 4.2
-71.6387 -30.0499 38.94 3.9
-68.9504 -21.1363 107.43 4.0
-72.2256 -30.1057 10.0 4.1
-68.6375 -22.6668 98.76 4.7
-66.6479 -27.5964 31.3 4.4
-71.4394 -31.6518 56.0 4.7
-71.8 -32.2672 25.9 4.0
-72.295 -31.7586 35.0 4.4
-69.4522 -20.4822 86.3 4.1
-71.6767 -28.6461 42.34 4.1
-66.692 -23.0268 230.13 4.2
-74.0563 -37.509 27.47 4.0
-68.9532 -19.7221 109.45 4.2
-71.6953 -31.092 26.01 4.0
-69.15 -24.982 117.6 4.4
-71.8753 -29.943 17.0 4.8
-73.3853 -38.3741 27.31 4.4
-69.1704 -18.7889 118.32 4.3
-69.1125 -18.7823 118.12 4.2
-75.2103 -41.1148 27.51 4.2
-69.3935 -18.6247 125.63 4.9
-71.9 -32.0722 10.54 4.4
-67.0956 -24.1146 191.63 4.1
-67.3269 -22.0311 174.56 5.0
-71.6884 -30.6111 25.77 5.1
-73.2657 -34.0427 6.88 4.5
-71.6209 -21.5879 10.0 4.5
-68.486 -21.215 133.26 4.7
-67.5747 -21.1826 178.3 4.4
-72.3 -31.83 30.0 4.2
-72.1706 -31.8308 10.0 4.3
-66.4687 -27.9805 156.55 5.1
-72.1155 -31.8385 10.0 4.4
-71.4365 -30.712 45.6 4.6
-68.6333 -31.228 109.44 4.1
-71.8031 -30.6136 28.76 4.2
-66.9305 -24.3941 148.4 5.2
-67.1259 -24.3018 180.97 4.5
-73.8837 -38.159 28.08 3.9
-73.472 -38.0703 14.22 4.4
-68.74 -21.516 120.3 4.3
-68.3219 -33.6803 25.83 4.2
-71.8318 -31.2962 19.47 4.4
-67.2933 -24.2561 177.01 4.2
-65.1209 -24.1207 49.87 4.3
-67.8786 -21.0092 176.14 4.4
-67.9894 -23.6548 103.54 4.5
-69.2959 -29.2418 96.03 4.6
-67.3369 -21.2562 212.11 4.2
-68.898 -20.603 96.8 4.2
-71.7987 -30.5813 26.64 4.3
-73.3651 -33.9996 10.0 4.6
-71.4947 -29.8611 44.65 4.1
-71.3502 -27.8494 10.0 4.7
-71.7475 -30.663 24.68 5.4
-73.7496 -37.8611 7.09 4.5
-73.9686 -37.8325 17.22 4.4
-74.276 -37.826 20.8 4.0
-71.3262 -35.562 93.73 4.0
-71.7497 -32.3235 56.25 4.2
-71.847 -32.583 24.0 4.2
-69.4078 -24.8083 87.87 4.7
-71.4873 -32.7579 32.7 4.4
-70.5431 -36.644 157.02 4.7
-71.9945 -30.2834 23.37 4.4
-71.4845 -33.9558 51.56 4.5
-68.778 -21.363 110.5 4.1
-71.26 -30.44 31.0 3.9
-71.4019 -30.4138 49.54 4.4
-67.2056 -24.2608 179.65 4.2
-66.635 -23.073 222.0 4.2
-69.91 -17.42 12.0 4.1
-70.7578 -25.9107 55.32 4.7
-70.52 -18.02 42.0 3.9
-69.1335 -32.7551 32.71 4.4
-72.1544 -30.3253 10.0 4.2
-72.2059 -30.2815 10.0 4.2
-71.826 -32.5969 18.65 3.6
-72.6608 -30.0668 10.0 4.2
-72.6926 -30.0378 10.0 4.5
-72.0392 -29.7636 10.0 4.8
-68.55 -22.208 106.9 4.1
-68.9627 -21.0813 112.66 4.0
-72.0319 -31.844 16.52 4.1
-66.711 -28.0446 160.65 4.4
-66.6895 -19.7259 237.66 4.4
-71.8885 -32.293 22.3 3.9
-68.5392 -21.7306 121.87 4.3
-66.782 -24.1304 173.47 5.1
-67.7468 -31.6405 17.46 5.0
-68.7063 -21.0685 132.55 4.9
-67.2957 -23.8578 202.1 4.3
-72.7514 -17.0938 35.0 4.3
-72.0773 -31.7638 10.0 3.9
-68.888 -20.8368 111.82 4.4
-71.7672 -30.9416 23.02 4.6
-72.0362 -33.7312 22.15 4.1
-71.9635 -32.1655 14.03 4.3
-71.9091 -32.1461 22.32 4.6
-67.2104 -24.1573 213.05 4.2
-67.27 -24.29 180.0 4.3
-73.507 -36.158 10.0 4.1
-66.9518 -23.4382 219.19 4.1
-70.6429 -21.2961 44.37 4.4
-66.954 -24.1751 169.34 4.5
-69.0935 -24.7819 98.09 4.4
-69.289 -19.979 88.6 4.1
-69.5003 -19.7094 89.29 4.2
-69.0789 -24.1506 89.38 4.5
-71.1348 -23.597 15.77 4.6
-67.4034 -22.302 152.99 4.9
-66.246 -23.0486 236.03 4.4
-71.704 -30.4109 23.39 3.7
-66.8151 -23.9815 185.93 4.4
-71.818 -30.6799 25.0 4.5
-69.8513 -17.5254 154.09 4.2
-69.499 -19.109 123.2 4.4
-71.37 -32.602 45.7 3.7
-71.2874 -31.7266 42.04 5.2
-71.4834 -32.4499 27.51 4.3
-71.0155 -29.5172 39.74 4.5
-71.8838 -31.4575 35.0 4.2
-71.4614 -30.7527 40.03 4.9
-71.624 -30.33 24.7 3.7
-68.641 -21.132 122.4 4.3
-74.5376 -43.1093 14.56 4.0
-68.989 -24.1588 96.93 4.3
-68.6358 -21.1553 140.57 4.6
-66.4492 -28.0115 160.8 4.1
-71.2663 -27.2582 7.0 4.4
-69.8601 -26.4613 59.32 5.3
-71.8144 -32.1568 19.99 4.8
-71.7922 -32.1303 18.09 4.6
-70.4192 -33.8833 110.52 5.1
-68.9893 -31.2439 122.68 4.7
-66.8416 -19.6899 260.12 4.3
-69.1528 -19.9667 103.38 4.1
-66.3102 -23.2913 221.79 4.3
-67.0698 -24.0172 182.9 4.2
-66.4777 -20.9384 220.9 5.3
-68.655 -22.168 118.9 4.4
-69.0187 -20.4414 109.2 4.0
-72.1168 -29.8591 11.52 4.2
-69.256 -19.596 101.0 4.0
-69.131 -20.775 110.7 4.0
-68.37 -21.579 126.5 4.0
-71.7921 -31.4915 35.0 4.6
-66.812 -23.602 262.0 4.3
-72.1033 -31.0384 10.0 4.3
-71.5161 -30.7166 43.29 3.9
-67.5356 -31.9097 144.95 4.4
-71.757 -30.656 33.3 3.8
-71.663 -30.2576 29.82 4.1
-67.4297 -22.4121 155.91 4.4
-68.8185 -20.4254 102.95 4.7
-66.7437 -21.5586 197.79 4.4
-71.7832 -31.4832 29.74 5.3
-70.5376 -20.1789 25.31 4.0
-68.1049 -22.753 108.51 4.2
-71.4612 -30.8272 45.55 4.3
-73.6798 -35.9189 22.25 4.3
-71.77 -31.2367 24.36 5.3
-68.9418 -20.266 115.41 4.1
-69.9853 -28.9457 89.14 4.5
-68.9073 -21.2001 117.47 4.3
-72.8339 -29.6434 10.0 4.3
-66.7162 -24.0009 189.67 4.2
-71.3214 -29.6778 35.0 4.0
-69.4754 -29.649 120.87 4.2
-69.9424 -20.3298 54.41 4.6
-71.688 -30.64 42.3 4.2
-71.0443 -19.9497 20.16 4.1
-68.5345 -22.6577 95.74 4.8
-67.3104 -18.779 242.42 4.5
-69.0174 -31.256 123.08 4.2
-75.253 -37.958 10.56 4.1
-71.887 -34.612 19.6 3.6
-72.0408 -30.4111 12.52 4.0
-67.2342 -21.9366 216.2 4.7
-67.4503 -22.3028 189.97 4.6
-71.6098 -30.6139 27.06 4.0
-69.033 -20.558 99.8 4.1
-70.2174 -32.1984 114.69 4.4
-71.6968 -30.4191 29.7 4.3
-71.5051 -30.7159 38.1 4.5
-69.3905 -31.3832 107.86 4.1
-72.104 -31.7452 13.33 4.1
-71.1842 -35.1936 92.58 4.5
-69.0559 -19.6031 116.98 4.5
-71.5356 -30.688 29.62 4.8
-71.6946 -30.3936 28.06 3.8
-70.7791 -19.6817 37.68 4.0
-71.416 -35.626 97.1 3.9
-71.7081 -30.3349 24.4 4.5
-71.4177 -31.7694 42.73 4.6
-68.763 -19.941 119.2 4.0
-67.4327 -24.2034 208.66 4.1
-72.0661 -30.5547 3.19 4.4
-71.7766 -31.4506 29.28 4.5
-71.3416 -31.7153 51.96 4.3
-71.5653 -30.6272 35.0 4.3
-66.6839 -23.3061 205.94 4.6
-73.9437 -38.097 8.91 4.6
-71.811 -33.1874 24.98 4.3
-71.6113 -30.6487 27.95 4.7
-72.104 -38.056 82.5 4.0
-69.302 -19.2469 108.92 4.2
-71.3309 -31.0149 24.68 4.6
-71.7993 -31.2361 35.48 4.2
-71.8383 -31.2338 25.48 4.4
-71.7314 -31.241 25.41 5.3
-68.7581 -21.2053 116.35 4.2
-67.897 -23.24 170.0 3.7
-71.9575 -30.1776 21.79 4.5
-71.7462 -31.4589 40.51 4.3
-68.923 -20.9 103.3 4.6
-71.631 -30.722 33.7 4.5
-71.8153 -32.2454 27.64 4.6
-68.475 -21.913 120.5 4.5
-66.7285 -23.1444 204.25 3.9
-70.8699 -26.0349 34.01 4.7
-71.6967 -32.6096 30.64 3.9
-68.9137 -19.9543 113.67 3.8
-68.7621 -22.3359 128.4 4.2
-70.2342 -21.1509 68.82 4.1
-71.6502 -30.2495 36.83 5.1
-68.8882 -20.4257 107.14 4.2
-68.7595 -23.1188 85.61 4.8
-70.8795 -24.726 35.82 4.0
-69.6966 -18.8174 97.51 4.0
-71.546 -17.6239 53.6 3.9
-69.629 -18.8045 94.43 5.0
-71.3451 -30.4412 49.66 4.8
-71.3877 -30.7239 41.42 4.2
-71.839 -34.792 41.3 4.0
-71.4149 -31.781 43.72 4.1
-69.4026 -18.4156 127.36 4.1
-70.1595 -17.7383 108.83 4.0
-70.9885 -26.9508 38.63 4.3
-66.8083 -24.0652 182.78 4.0
-70.38 -18.08 99.0 4.7
-69.9681 -17.3461 142.67 4.2
-66.6508 -24.012 190.02 4.4
-69.7472 -20.7371 38.22 4.5
-71.6642 -38.7657 106.56 4.1
-69.724 -21.313 64.6 3.8
-71.0282 -20.6733 24.63 4.5
-70.6181 -18.9169 35.0 4.0
-70.515 -20.8987 51.32 4.1
-68.952 -20.303 100.7 4.4
-69.271 -19.139 112.5 4.7
-71.4726 -30.0763 35.0 4.2
-72.0334 -29.9579 15.2 4.3
-67.0898 -23.2599 202.78 4.1
-70.7402 -18.6904 33.44 5.2
-72.1835 -31.795 19.86 4.0
-71.7533 -30.6321 40.98 4.0
-72.2444 -31.5464 10.0 4.2
-70.6727 -20.4331 30.45 4.1
-66.8733 -23.456 220.55 4.3
-68.515 -21.4311 133.95 3.9
-72.7285 -30.8496 4.22 3.7
-66.9416 -24.0953 181.25 4.6
-66.979 -24.144 192.0 4.5
-67.5629 -31.7298 25.64 4.9
-67.5705 -28.8908 100.06 4.5
-71.7264 -31.475 21.87 3.9
-68.9667 -23.1052 85.47 5.2
-71.6978 -30.7743 30.25 4.3
-71.493 -30.7875 37.16 4.8
-67.9843 -23.6696 126.16 4.2
-71.2266 -25.5816 20.29 4.2
-71.047 -30.067 69.5 4.4
-71.8335 -29.9287 15.23 4.6
-71.6703 -29.9603 24.02 4.6
-69.4633 -31.7467 116.25 4.7
-71.5434 -31.1462 43.29 4.0
-66.9294 -23.9785 196.37 4.2
-71.3932 -33.1977 47.97 4.4
-71.444 -30.662 48.7 4.0
-72.0838 -31.6733 6.2 4.1
-72.0594 -30.3723 16.6 3.7
-71.585 -30.635 29.1 4.0
-72.2211 -30.4622 10.0 4.5
-72.2967 -30.4242 12.0 6.0
-67.7656 -31.7215 10.0 3.9
-68.224 -29.2747 22.39 4.0
-66.3633 -22.907 240.65 4.0
-68.952 -22.513 86.4 4.1
-69.8406 -32.4769 116.24 4.5
-68.37 -21.513 139.9 4.4
-70.2384 -18.9532 68.22 4.3
-71.6378 -30.7255 35.52 4.3
-72.9461 -31.1107 10.0 4.6
-71.5928 -30.5929 23.62 4.9
-68.9062 -28.66 97.85 4.3
-69.166 -20.31 100.5 4.5
-71.7109 -30.3878 22.59 4.1
-71.4573 -30.5832 50.77 4.6
-74.763 -38.087 12.7 4.0
-72.0981 -30.5191 11.26 4.3
-71.6783 -31.2139 36.24 4.8
-66.6423 -23.9387 193.74 4.4
-69.3089 -31.4615 107.88 4.0
-69.523 -19.054 98.88 4.1
-68.9402 -21.4583 98.23 4.1
-71.3495 -30.2324 46.54 4.3
-72.0521 -30.4432 18.17 4.2
-69.135 -19.809 100.8 4.2
-70.884 -25.865 55.1 4.4
-70.961 -20.082 33.1 4.1
-66.8286 -23.6513 205.25 4.0
-68.4167 -21.7997 136.93 4.1
-75.091 -39.445 26.8 4.2
-69.445 -19.143 105.1 4.2
-70.8947 -20.207 15.21 3.8
-70.6942 -20.6352 36.66 4.3
-70.3106 -19.9598 62.29 4.8
-71.314 -31.724 55.1 4.3
-71.5236 -30.6297 33.2 4.0
-69.185 -25.849 115.5 4.0
-68.7163 -31.3 107.55 4.5
-71.8238 -30.596 28.09 4.4
-73.7564 -36.8221 21.23 4.7
-67.3389 -21.0111 182.51 4.0
-71.6581 -30.5747 29.44 4.4
-73.8018 -36.8333 19.72 4.3
-71.6542 -30.676 33.84 5.1
-71.5663 -30.633 29.69 4.8
-71.6034 -30.6031 21.41 4.7
-71.5828 -30.6644 30.3 4.8
-71.6663 -30.5812 28.79 5.0
-71.5838 -30.5723 29.0 6.3
-66.7322 -22.6471 190.34 4.7
-73.856 -36.8157 19.99 4.2
-74.0096 -37.1309 14.77 4.4
-71.9392 -32.113 23.7 3.9
-71.9768 -32.0748 22.43 4.3
-68.9182 -20.6951 99.44 3.9
-67.1349 -24.169 234.22 4.1
-72.1566 -31.7876 11.93 4.4
-73.6293 -36.184 10.0 4.3
-73.7353 -36.2029 10.0 4.2
-67.427 -20.9585 214.2 4.4
-71.6711 -31.0741 23.7 5.1
-71.7851 -31.0793 24.66 5.0
-71.7512 -31.0669 26.98 4.6
-71.7082 -31.0531 25.27 4.9
-67.9142 -31.2561 10.4 4.2
-72.0518 -30.6222 10.0 4.4
-72.0924 -29.6306 10.0 4.3
-69.6443 -21.2639 45.15 4.1
-66.812 -23.568 215.0 4.4
-68.3608 -21.742 117.3 4.6
-67.3364 -18.7937 256.21 4.4
-68.578 -21.412 125.5 4.1
-67.3815 -24.3628 179.59 4.4
-66.0461 -22.5579 245.7 4.5
-70.5873 -20.1767 21.99 4.2
-71.2964 -30.6643 44.71 3.7
-68.0999 -21.9254 115.71 4.6
-67.2072 -21.924 173.01 4.4
-72.4136 -33.2002 12.55 4.5
-71.9467 -29.4442 10.0 4.1
-71.6291 -30.1801 23.34 4.3
-69.2007 -20.3468 100.05 4.4
-71.6327 -30.3325 35.78 5.2
-68.7748 -31.7319 117.86 4.4
-71.7625 -32.6601 24.04 4.2
-69.4866 -19.2485 100.5 4.1
-71.6147 -30.6312 28.05 4.5
-71.898 -30.1613 14.81 4.5
-68.5226 -21.5079 131.04 4.0
-66.8613 -23.4444 206.29 4.1
-71.4603 -30.7429 38.41 4.5
-71.8378 -32.5866 7.75 4.8
-68.7166 -21.3944 111.33 4.5
-72.1202 -31.6922 15.16 4.5
-71.5411 -18.3278 20.88 4.4
-66.6054 -23.1972 198.25 4.7
-67.356 -24.2256 176.44 4.1
-68.469 -21.719 120.1 4.4
-66.6107 -28.9632 18.09 3.6
-67.5462 -32.588 27.45 3.9
-68.527 -22.017 108.4 4.1
-71.5533 -30.3896 42.32 4.2
-71.2939 -30.5467 56.11 4.2
-71.6757 -30.5749 29.27 4.5
-71.6339 -30.4423 28.45 4.0
-69.009 -22.97 96.5 4.7
-69.1636 -29.6893 110.42 4.6
-71.2404 -31.9282 74.68 4.3
-69.0164 -20.6511 110.32 4.4
-70.8561 -26.4372 36.87 5.0
-68.763 -21.3044 90.29 5.0
-68.8906 -29.696 100.12 4.1
-71.747 -31.251 29.2 4.2
-75.3077 -37.9495 10.0 4.5
-67.5022 -28.3278 129.94 4.6
-67.9168 -28.4636 25.68 4.9
-70.0112 -28.6434 97.45 4.4
-67.0801 -24.1458 159.79 4.9
-68.8019 -32.7888 54.42 4.2
-70.1676 -19.2847 55.05 4.8
-68.0434 -23.5385 113.51 4.5
-70.88 -17.92 49.0 4.1
-71.6078 -30.6525 32.3 4.1
-71.7032 -31.2248 29.4 4.1
-69.4346 -31.461 105.43 4.6
-71.596 -30.5973 33.67 3.9
-71.7545 -31.3272 26.22 5.0
-66.6035 -17.0213 24.8 4.5
-72.6483 -36.3824 40.79 4.7
-68.1695 -31.757 94.02 4.6
-69.0531 -19.8671 95.74 4.4
-67.2164 -18.6626 265.48 4.1
-70.6051 -32.9597 87.29 4.6
-74.1704 -41.6889 20.88 4.3
-67.6073 -22.3535 147.45 4.7
-72.1303 -29.644 4.53 4.6
-71.6456 -30.5538 27.1 4.2
-71.8121 -30.6031 10.31 4.3
-71.6383 -30.664 24.03 5.7
-74.0885 -41.6653 22.6 5.0
-71.6563 -30.6311 30.28 4.5
-68.9521 -29.1558 84.89 4.7
-70.3759 -21.6039 31.38 4.4
-71.686 -32.201 27.0 4.0
-71.4104 -18.3643 42.01 4.0
-69.2677 -20.0656 101.98 4.2
-66.8021 -23.9993 183.12 4.3
-71.8947 -30.8671 28.5 4.3
-72.0044 -29.3798 10.0 4.1
-68.6384 -20.4525 110.74 4.3
-69.2749 -32.9464 10.0 4.5
-72.2837 -30.4197 10.0 4.5
-72.3718 -34.3384 19.64 4.0
-71.5358 -31.5182 30.65 4.4
-71.7693 -30.9008 7.13 4.4
